datetime,open,high,low,close,volume
2026-07-09T14:00:00+00:00,1.1554299999999988,1.156119999999999,1.1554299999999988,1.1555999999999989,3235
2026-07-09T14:15:00+00:00,1.1555999999999989,1.155609999999999,1.1551499999999988,1.1554199999999988,2457
2026-07-09T14:30:00+00:00,1.1554199999999988,1.1557899999999988,1.1550899999999988,1.1551599999999989,2802
2026-07-09T14:45:00+00:00,1.1551599999999989,1.155209999999999,1.1546399999999988,1.1548099999999988,3626
2026-07-09T15:00:00+00:00,1.1548099999999988,1.1551199999999988,1.1544399999999988,1.1546399999999988,2917
2026-07-09T15:15:00+00:00,1.1546399999999988,1.1549599999999989,1.154429999999999,1.1548499999999988,1974
2026-07-09T15:30:00+00:00,1.1548499999999988,1.1552499999999988,1.1546099999999988,1.1552499999999988,1850
2026-07-09T15:45:00+00:00,1.1552499999999988,1.1555599999999988,1.155099999999999,1.1553899999999988,1740
2026-07-09T16:00:00+00:00,1.1553899999999988,1.1555599999999988,1.1552499999999988,1.1554599999999988,1459
2026-07-09T16:15:00+00:00,1.1554599999999988,1.155649999999999,1.1551099999999987,1.1552299999999989,1244
2026-07-09T16:30:00+00:00,1.1552299999999989,1.1555699999999989,1.1550199999999988,1.155479999999999,1217
2026-07-09T16:45:00+00:00,1.155479999999999,1.1555999999999989,1.1551599999999989,1.155199999999999,980
2026-07-09T17:00:00+00:00,1.155199999999999,1.155309999999999,1.154929999999999,1.1551599999999989,1196
2026-07-09T17:15:00+00:00,1.1551599999999989,1.155579999999999,1.1550599999999989,1.1555199999999988,1339
2026-07-09T17:30:00+00:00,1.1555199999999988,1.155579999999999,1.1551099999999987,1.155199999999999,892
2026-07-09T17:45:00+00:00,1.155199999999999,1.155339999999999,1.1551799999999988,1.155269999999999,841
2026-07-09T18:00:00+00:00,1.155269999999999,1.1553199999999988,1.1549899999999989,1.155029999999999,1038
2026-07-09T18:15:00+00:00,1.155029999999999,1.155099999999999,1.1547099999999988,1.1547199999999989,1140
2026-07-09T18:30:00+00:00,1.1547199999999989,1.1548799999999988,1.154659999999999,1.1548199999999988,807
2026-07-09T18:45:00+00:00,1.1548199999999988,1.1549499999999988,1.154729999999999,1.154869999999999,956
2026-07-09T19:00:00+00:00,1.154869999999999,1.1549499999999988,1.1545799999999988,1.1546699999999988,918
2026-07-09T19:15:00+00:00,1.1546699999999988,1.1547499999999988,1.1543799999999989,1.154419999999999,735
2026-07-09T19:30:00+00:00,1.154419999999999,1.1544399999999988,1.1542299999999988,1.1542499999999989,907
2026-07-09T19:45:00+00:00,1.1542499999999989,1.154359999999999,1.1540699999999988,1.1542799999999989,910
2026-07-09T20:00:00+00:00,1.1542799999999989,1.1545099999999988,1.1542399999999988,1.1544699999999988,541
2026-07-09T20:15:00+00:00,1.1544699999999988,1.154529999999999,1.1543699999999988,1.1543999999999988,320
2026-07-09T20:30:00+00:00,1.1543999999999988,1.1545099999999988,1.1543999999999988,1.1544799999999988,239
2026-07-09T20:45:00+00:00,1.1544799999999988,1.154559999999999,1.154359999999999,1.1545099999999988,763
2026-07-09T21:00:00+00:00,1.1545099999999988,1.1545699999999988,1.1544499999999989,1.1544499999999989,115.10261289975014
2026-07-09T21:15:00+00:00,1.1544499999999989,1.1545799999999988,1.1543399999999988,1.1543399999999988,669
2026-07-09T21:30:00+00:00,1.1543399999999988,1.154629999999999,1.154319999999999,1.154589999999999,480
2026-07-09T21:45:00+00:00,1.154589999999999,1.1546199999999989,1.154289999999999,1.1542999999999988,900
2026-07-09T22:00:00+00:00,1.1542999999999988,1.1548499999999988,1.1542999999999988,1.1547899999999989,260
2026-07-09T22:15:00+00:00,1.1547899999999989,1.1548399999999988,1.154769999999999,1.1548099999999988,148
2026-07-09T22:30:00+00:00,1.1548099999999988,1.1548199999999988,1.1547799999999988,1.1548099999999988,126
2026-07-09T22:45:00+00:00,1.1548099999999988,1.1548799999999988,1.1547899999999989,1.1548599999999989,161
2026-07-09T23:00:00+00:00,1.1548599999999989,1.1549199999999988,1.1548199999999988,1.1548899999999989,257
2026-07-09T23:15:00+00:00,1.1548899999999989,1.1548899999999989,1.1546699999999988,1.154729999999999,191
2026-07-09T23:30:00+00:00,1.154729999999999,1.154829999999999,1.1546899999999989,1.1548199999999988,170
2026-07-09T23:45:00+00:00,1.1548199999999988,1.154869999999999,1.1547199999999989,1.1548199999999988,321
2026-07-10T00:00:00+00:00,1.1548199999999988,1.154929999999999,1.1546899999999989,1.1547199999999989,1173
2026-07-10T00:15:00+00:00,1.1547199999999989,1.1548099999999988,1.154599999999999,1.1546499999999988,751
2026-07-10T00:30:00+00:00,1.1546499999999988,1.155029999999999,1.154559999999999,1.1550199999999988,954
2026-07-10T00:45:00+00:00,1.1550199999999988,1.1557299999999988,1.1550099999999988,1.1555299999999988,2468
2026-07-10T01:00:00+00:00,1.1555299999999988,1.155979999999999,1.1553199999999988,1.1559699999999988,2243
2026-07-10T01:15:00+00:00,1.1559699999999988,1.1562299999999988,1.1556599999999988,1.1557699999999989,2027
2026-07-10T01:30:00+00:00,1.1557699999999989,1.1560799999999989,1.155709999999999,1.1558399999999989,1893
2026-07-10T01:45:00+00:00,1.1558399999999989,1.156489999999999,1.1557199999999987,1.1562299999999988,2155
2026-07-10T02:00:00+00:00,1.1562299999999988,1.1571299999999989,1.1562099999999988,1.1570799999999988,2380
2026-07-10T02:15:00+00:00,1.1570799999999988,1.157509999999999,1.157069999999999,1.1572199999999988,2616
2026-07-10T02:30:00+00:00,1.1572199999999988,1.157439999999999,1.156999999999999,1.1573799999999987,2350
2026-07-10T02:45:00+00:00,1.1573799999999987,1.1575999999999989,1.157239999999999,1.157339999999999,1958
2026-07-10T03:00:00+00:00,1.157339999999999,1.1574499999999988,1.1570899999999988,1.157099999999999,1252
2026-07-10T03:15:00+00:00,1.157099999999999,1.157139999999999,1.156869999999999,1.157069999999999,988
2026-07-10T03:30:00+00:00,1.157069999999999,1.1571899999999988,1.1568499999999988,1.1569399999999987,881
2026-07-10T03:45:00+00:00,1.1569399999999987,1.1569399999999987,1.1562399999999988,1.1564499999999989,1197
2026-07-10T04:00:00+00:00,1.1564499999999989,1.1564499999999989,1.1561999999999988,1.156389999999999,952
2026-07-10T04:15:00+00:00,1.156389999999999,1.1563999999999988,1.1559399999999989,1.156089999999999,995
2026-07-10T04:30:00+00:00,1.156089999999999,1.1560999999999988,1.155679999999999,1.1556899999999988,771
2026-07-10T04:45:00+00:00,1.1556899999999988,1.1557899999999988,1.1554699999999989,1.155779999999999,1035
2026-07-10T05:00:00+00:00,1.155779999999999,1.1559599999999988,1.155539999999999,1.1555499999999987,1185
2026-07-10T05:15:00+00:00,1.1555499999999987,1.1556199999999988,1.1552499999999988,1.155309999999999,1035
2026-07-10T05:30:00+00:00,1.155309999999999,1.155339999999999,1.155069999999999,1.155269999999999,1121
2026-07-10T05:45:00+00:00,1.155269999999999,1.1556199999999988,1.1552599999999988,1.1554599999999988,1115
2026-07-10T06:00:00+00:00,1.1554599999999988,1.1559299999999988,1.1554199999999988,1.155809999999999,1906
2026-07-10T06:15:00+00:00,1.155809999999999,1.156259999999999,1.155539999999999,1.155709999999999,2414
2026-07-10T06:30:00+00:00,1.155709999999999,1.1561299999999988,1.1555499999999987,1.1555499999999987,2275
2026-07-10T06:45:00+00:00,1.1555499999999987,1.155819999999999,1.1554299999999988,1.1557199999999987,1532
2026-07-10T07:00:00+00:00,1.1557199999999987,1.155749999999999,1.155269999999999,1.1553499999999988,2094
2026-07-10T07:15:00+00:00,1.1553499999999988,1.1557399999999989,1.1552499999999988,1.155479999999999,2089
2026-07-10T07:30:00+00:00,1.155479999999999,1.1556299999999988,1.155239999999999,1.1555199999999988,2049
2026-07-10T07:45:00+00:00,1.1555199999999988,1.1556699999999989,1.155169999999999,1.155239999999999,1933
2026-07-10T08:00:00+00:00,1.155239999999999,1.1557399999999989,1.1550499999999988,1.1552199999999988,3035
2026-07-10T08:15:00+00:00,1.1552199999999988,1.1552199999999988,1.1547199999999989,1.1549099999999988,1927
2026-07-10T08:30:00+00:00,1.1549099999999988,1.155099999999999,1.154699999999999,1.155029999999999,2341
2026-07-10T08:45:00+00:00,1.155029999999999,1.155039999999999,1.1545499999999989,1.154559999999999,1826
2026-07-10T09:00:00+00:00,1.154559999999999,1.1549399999999987,1.1545499999999989,1.154829999999999,1618
2026-07-10T09:15:00+00:00,1.154829999999999,1.1548899999999989,1.154589999999999,1.154759999999999,1333
2026-07-10T09:30:00+00:00,1.154759999999999,1.1548399999999988,1.1544499999999989,1.1544699999999988,1491
2026-07-10T09:45:00+00:00,1.1544699999999988,1.154589999999999,1.1541799999999989,1.1542399999999988,1484
2026-07-10T10:00:00+00:00,1.1542399999999988,1.1544399999999988,1.1541799999999989,1.1543999999999988,1455
2026-07-10T10:15:00+00:00,1.1543999999999988,1.1548799999999988,1.1543499999999989,1.1548399999999988,1298
2026-07-10T10:30:00+00:00,1.1548399999999988,1.1548899999999989,1.154529999999999,1.1546899999999989,1559
2026-07-10T10:45:00+00:00,1.1546899999999989,1.1550499999999988,1.154559999999999,1.1548499999999988,1849
2026-07-10T11:00:00+00:00,1.1548499999999988,1.155039999999999,1.1545499999999989,1.1545699999999988,1587
2026-07-10T11:15:00+00:00,1.1545699999999988,1.1547099999999988,1.1542299999999988,1.154529999999999,1567
2026-07-10T11:30:00+00:00,1.154529999999999,1.1546199999999989,1.1541699999999988,1.154489999999999,1880
2026-07-10T11:45:00+00:00,1.154489999999999,1.1547199999999989,1.1544099999999988,1.1546099999999988,1647
2026-07-10T12:00:00+00:00,1.1546099999999988,1.1556899999999988,1.1541799999999989,1.155039999999999,3525
2026-07-10T12:15:00+00:00,1.155039999999999,1.155139999999999,1.1543799999999989,1.1543999999999988,2384
2026-07-10T12:30:00+00:00,1.1543999999999988,1.154559999999999,1.154019999999999,1.1541299999999988,2526
2026-07-10T12:45:00+00:00,1.1541299999999988,1.1544699999999988,1.1538399999999989,1.154429999999999,2386
2026-07-10T13:00:00+00:00,1.154429999999999,1.154459999999999,1.1534699999999989,1.1537199999999987,2523
2026-07-10T13:15:00+00:00,1.1537199999999987,1.1538399999999989,1.153479999999999,1.1535199999999988,1671
2026-07-10T13:30:00+00:00,1.1535199999999988,1.1541699999999988,1.153479999999999,1.1540999999999988,2438
2026-07-10T13:45:00+00:00,1.1540999999999988,1.1541099999999989,1.1534699999999989,1.1535899999999988,2684
2026-07-10T14:00:00+00:00,1.1535899999999988,1.153879999999999,1.1531899999999988,1.1538699999999988,2419
2026-07-10T14:15:00+00:00,1.1538699999999988,1.1541799999999989,1.1535699999999989,1.1541299999999988,2464
2026-07-10T14:30:00+00:00,1.1541299999999988,1.154359999999999,1.1526899999999989,1.1535699999999989,6575
2026-07-10T14:45:00+00:00,1.1535699999999989,1.1538299999999988,1.1533499999999988,1.1537599999999988,3269
2026-07-10T15:00:00+00:00,1.1537599999999988,1.1543799999999989,1.153649999999999,1.1541599999999987,2938
2026-07-10T15:15:00+00:00,1.1541599999999987,1.154999999999999,1.1541599999999987,1.154829999999999,3273
2026-07-10T15:30:00+00:00,1.154829999999999,1.154999999999999,1.154659999999999,1.1546699999999988,2441
2026-07-10T15:45:00+00:00,1.1546699999999988,1.1554199999999988,1.1546699999999988,1.1552799999999988,1892
2026-07-10T16:00:00+00:00,1.1552799999999988,1.1555599999999988,1.155139999999999,1.155479999999999,2566
2026-07-10T16:15:00+00:00,1.155479999999999,1.155639999999999,1.1550899999999988,1.1554299999999988,2060
2026-07-10T16:30:00+00:00,1.1554299999999988,1.1554599999999988,1.1549599999999989,1.154969999999999,1532
2026-07-10T16:45:00+00:00,1.154969999999999,1.155069999999999,1.1544699999999988,1.1544799999999988,1846
2026-07-10T17:00:00+00:00,1.1544799999999988,1.1546399999999988,1.154119999999999,1.1542399999999988,1610
2026-07-10T17:15:00+00:00,1.1542399999999988,1.1542799999999989,1.153749999999999,1.1539999999999988,1287
2026-07-10T17:30:00+00:00,1.1539999999999988,1.1539999999999988,1.1535299999999988,1.153679999999999,1124
2026-07-10T17:45:00+00:00,1.153679999999999,1.1537899999999988,1.1531799999999988,1.1532799999999988,1314
2026-07-10T18:00:00+00:00,1.1532799999999988,1.1533299999999989,1.1530899999999988,1.153169999999999,1785
2026-07-10T18:15:00+00:00,1.153169999999999,1.153209999999999,1.152929999999999,1.1529799999999988,1407
2026-07-10T18:30:00+00:00,1.1529799999999988,1.153139999999999,1.1526899999999989,1.152799999999999,1358
2026-07-10T18:45:00+00:00,1.152799999999999,1.153169999999999,1.152799999999999,1.1531599999999989,1109
2026-07-10T19:00:00+00:00,1.1531599999999989,1.1531599999999989,1.1529099999999988,1.1530099999999988,1009
2026-07-10T19:15:00+00:00,1.1530099999999988,1.1531599999999989,1.152999999999999,1.1531099999999987,686
2026-07-10T19:30:00+00:00,1.1531099999999987,1.153239999999999,1.1529799999999988,1.152999999999999,1027
2026-07-10T19:45:00+00:00,1.152999999999999,1.1531899999999988,1.152899999999999,1.1530899999999988,1155
2026-07-10T20:00:00+00:00,1.1530899999999988,1.153339999999999,1.1529399999999987,1.1530899999999988,738
2026-07-10T20:15:00+00:00,1.1530899999999988,1.153209999999999,1.1529099999999988,1.1529599999999989,439
2026-07-10T20:30:00+00:00,1.1529599999999989,1.1529599999999989,1.152659999999999,1.1528099999999988,324
2026-07-10T20:45:00+00:00,1.1528099999999988,1.1530099999999988,1.1527899999999989,1.1529799999999988,1208.587559022788
2026-07-12T21:00:00+00:00,1.1529799999999988,1.1534799999999987,1.1529799999999988,1.1534699999999987,111.15730447271034
2026-07-12T21:15:00+00:00,1.1534699999999987,1.1534699999999987,1.153269999999999,1.1533299999999986,87.86393451257283
2026-07-12T21:30:00+00:00,1.1533299999999986,1.1533899999999988,1.1530899999999986,1.1531699999999985,86.57599898920125
2026-07-12T21:45:00+00:00,1.1531699999999985,1.1534999999999984,1.1531699999999985,1.1532399999999985,143.62537052154005
2026-07-12T22:00:00+00:00,1.1532399999999985,1.1532799999999985,1.1518199999999985,1.1520199999999985,1651
2026-07-12T22:15:00+00:00,1.1520199999999985,1.1526199999999984,1.1519199999999985,1.1524699999999986,1188
2026-07-12T22:30:00+00:00,1.1524699999999986,1.1525599999999985,1.1523599999999985,1.1524099999999986,894
2026-07-12T22:45:00+00:00,1.1524099999999986,1.1525899999999984,1.1523999999999985,1.1524499999999984,492
2026-07-12T23:00:00+00:00,1.1524499999999984,1.1526899999999984,1.1522799999999984,1.1526799999999986,772
2026-07-12T23:15:00+00:00,1.1526799999999986,1.1528199999999984,1.1526099999999986,1.1528099999999986,518
2026-07-12T23:30:00+00:00,1.1528099999999986,1.1528899999999984,1.1525899999999984,1.1528299999999985,643
2026-07-12T23:45:00+00:00,1.1528299999999985,1.1533999999999984,1.1528199999999984,1.1533999999999984,1532
2026-07-13T00:00:00+00:00,1.1533999999999984,1.1534399999999985,1.1530199999999986,1.1530499999999986,2600
2026-07-13T00:15:00+00:00,1.1530499999999986,1.1535199999999985,1.1527599999999985,1.1531399999999985,2072
2026-07-13T00:30:00+00:00,1.1531399999999985,1.1533099999999985,1.1525299999999985,1.1526899999999984,2147
2026-07-13T00:45:00+00:00,1.1526899999999984,1.1528199999999984,1.1524399999999986,1.1525199999999984,1912
2026-07-13T01:00:00+00:00,1.1525199999999984,1.1525399999999986,1.1520199999999985,1.1520399999999984,2359
2026-07-13T01:15:00+00:00,1.1520399999999984,1.1522399999999986,1.1514099999999985,1.1519499999999985,2348
2026-07-13T01:30:00+00:00,1.1519499999999985,1.1524999999999985,1.1518799999999985,1.1524999999999985,2241
2026-07-13T01:45:00+00:00,1.1524999999999985,1.1527399999999985,1.1523399999999986,1.1527199999999984,2340
2026-07-13T02:00:00+00:00,1.1527199999999984,1.1528099999999986,1.1523299999999985,1.1524799999999984,1894
2026-07-13T02:15:00+00:00,1.1524799999999984,1.1525999999999985,1.1523999999999985,1.1525199999999984,1342
2026-07-13T02:30:00+00:00,1.1525199999999984,1.1529599999999984,1.1524099999999986,1.1529499999999986,1336
2026-07-13T02:45:00+00:00,1.1529499999999986,1.1529599999999984,1.1523999999999985,1.1523999999999985,1114
2026-07-13T03:00:00+00:00,1.1523999999999985,1.1525099999999986,1.1520499999999985,1.1523199999999985,1405
2026-07-13T03:15:00+00:00,1.1523199999999985,1.1525599999999985,1.1522899999999985,1.1524899999999985,1076
2026-07-13T03:30:00+00:00,1.1524899999999985,1.1526799999999986,1.1524599999999985,1.1525899999999984,1133
2026-07-13T03:45:00+00:00,1.1525899999999984,1.1528799999999986,1.1525499999999984,1.1528799999999986,841
2026-07-13T04:00:00+00:00,1.1528799999999986,1.1529099999999985,1.1526699999999985,1.1528999999999985,887
2026-07-13T04:15:00+00:00,1.1528999999999985,1.1531199999999986,1.1528099999999986,1.1531199999999986,910
2026-07-13T04:30:00+00:00,1.1531199999999986,1.1532399999999985,1.1530499999999986,1.1530999999999985,762
2026-07-13T04:45:00+00:00,1.1530999999999985,1.1534899999999986,1.1530799999999986,1.1533599999999984,820
2026-07-13T05:00:00+00:00,1.1533599999999984,1.1538999999999986,1.1533299999999984,1.1537899999999985,1631
2026-07-13T05:15:00+00:00,1.1537899999999985,1.1538199999999985,1.1530999999999985,1.1531299999999984,1611
2026-07-13T05:30:00+00:00,1.1531299999999984,1.1533299999999984,1.1529399999999985,1.1530999999999985,2260
2026-07-13T05:45:00+00:00,1.1530999999999985,1.1533899999999986,1.1526599999999985,1.1528299999999985,2754
2026-07-13T06:00:00+00:00,1.1528299999999985,1.1529299999999985,1.1525599999999985,1.1526399999999986,2723
2026-07-13T06:15:00+00:00,1.1526399999999986,1.1533699999999985,1.1526399999999986,1.1533499999999985,2552
2026-07-13T06:30:00+00:00,1.1533499999999985,1.1537399999999984,1.1532399999999985,1.1534699999999984,2297
2026-07-13T06:45:00+00:00,1.1534699999999984,1.1536699999999984,1.1529899999999984,1.1530699999999985,2338
2026-07-13T07:00:00+00:00,1.1530699999999985,1.1540299999999986,1.1530699999999985,1.1537999999999984,4136
2026-07-13T07:15:00+00:00,1.1537999999999984,1.1539299999999986,1.1536299999999986,1.1538999999999986,1818
2026-07-13T07:30:00+00:00,1.1538999999999986,1.1551799999999985,1.1536599999999986,1.1546499999999984,3294
2026-07-13T07:45:00+00:00,1.1546499999999984,1.1555999999999984,1.1546399999999986,1.1554599999999986,3154
2026-07-13T08:00:00+00:00,1.1554599999999986,1.1573099999999985,1.1553999999999984,1.1569699999999985,5448
2026-07-13T08:15:00+00:00,1.1569699999999985,1.1575699999999984,1.1566899999999984,1.1568299999999985,4139
2026-07-13T08:30:00+00:00,1.1568299999999985,1.1570499999999986,1.1565599999999985,1.1569299999999985,2693
2026-07-13T08:45:00+00:00,1.1569299999999985,1.1569599999999984,1.1565399999999986,1.1565799999999984,2485
2026-07-13T09:00:00+00:00,1.1565799999999984,1.1567199999999984,1.1560799999999984,1.1561299999999985,2283
2026-07-13T09:15:00+00:00,1.1561299999999985,1.1564399999999986,1.1558199999999985,1.1561599999999985,2033
2026-07-13T09:30:00+00:00,1.1561599999999985,1.1562799999999984,1.1557499999999985,1.1559499999999985,2196
2026-07-13T09:45:00+00:00,1.1559499999999985,1.1561299999999985,1.1557199999999985,1.1561299999999985,1812
2026-07-13T10:00:00+00:00,1.1561299999999985,1.1564599999999985,1.1560299999999986,1.1561599999999985,2114
2026-07-13T10:15:00+00:00,1.1561599999999985,1.1561599999999985,1.1557599999999986,1.1558999999999986,1708
2026-07-13T10:30:00+00:00,1.1558999999999986,1.1561499999999985,1.1555799999999985,1.1558999999999986,1656
2026-07-13T10:45:00+00:00,1.1558999999999986,1.1565399999999986,1.1558199999999985,1.1565399999999986,1953
2026-07-13T11:00:00+00:00,1.1565399999999986,1.1567099999999986,1.1557499999999985,1.1559899999999985,2521
2026-07-13T11:15:00+00:00,1.1559899999999985,1.1560199999999985,1.1554999999999984,1.1558999999999986,1848
2026-07-13T11:30:00+00:00,1.1558999999999986,1.1560899999999985,1.1556599999999986,1.1560099999999984,1672
2026-07-13T11:45:00+00:00,1.1560099999999984,1.1560099999999984,1.1556499999999985,1.1557299999999986,1920
2026-07-13T12:00:00+00:00,1.1557299999999986,1.1560599999999985,1.1550399999999985,1.1552099999999985,3167
2026-07-13T12:15:00+00:00,1.1552099999999985,1.1555099999999985,1.1550699999999985,1.1553899999999986,2455
2026-07-13T12:30:00+00:00,1.1553899999999986,1.1558499999999985,1.1552799999999985,1.1555199999999985,2398
2026-07-13T12:45:00+00:00,1.1555199999999985,1.1560699999999986,1.1551599999999984,1.1560599999999985,2439
2026-07-13T13:00:00+00:00,1.1560599999999985,1.1563099999999984,1.1555799999999985,1.1556399999999984,2942
2026-07-13T13:15:00+00:00,1.1556399999999984,1.1557199999999985,1.1552699999999985,1.1554399999999985,2409
2026-07-13T13:30:00+00:00,1.1554399999999985,1.1559499999999985,1.1549299999999985,1.1550699999999985,3900
2026-07-13T13:45:00+00:00,1.1550699999999985,1.1552099999999985,1.1544099999999984,1.1544299999999985,3341
2026-07-13T14:00:00+00:00,1.1544299999999985,1.1545899999999985,1.1540599999999985,1.1543699999999986,3936
2026-07-13T14:15:00+00:00,1.1543699999999986,1.1544899999999985,1.1530099999999985,1.1537699999999984,7242
2026-07-13T14:30:00+00:00,1.1537699999999984,1.1538999999999986,1.1529399999999985,1.1532799999999985,3348
2026-07-13T14:45:00+00:00,1.1532799999999985,1.1536999999999984,1.1527999999999985,1.1535999999999984,4064
2026-07-13T15:00:00+00:00,1.1535999999999984,1.1536399999999984,1.1527199999999984,1.1528099999999986,3066
2026-07-13T15:15:00+00:00,1.1528099999999986,1.1531799999999985,1.1526399999999986,1.1529299999999985,2347
2026-07-13T15:30:00+00:00,1.1529299999999985,1.1530699999999985,1.1526299999999985,1.1529499999999986,2293
2026-07-13T15:45:00+00:00,1.1529499999999986,1.1533699999999985,1.1526599999999985,1.1531399999999985,2155
2026-07-13T16:00:00+00:00,1.1531399999999985,1.1532499999999986,1.1529799999999986,1.1531199999999986,1834
2026-07-13T16:15:00+00:00,1.1531199999999986,1.1531599999999984,1.1518799999999985,1.1520899999999985,2304
2026-07-13T16:30:00+00:00,1.1520899999999985,1.1521099999999984,1.1512499999999986,1.1519399999999984,5459
2026-07-13T16:45:00+00:00,1.1519399999999984,1.1521899999999985,1.1513099999999985,1.1518599999999986,3753
2026-07-13T17:00:00+00:00,1.1518599999999986,1.1520599999999985,1.1515199999999985,1.1516999999999984,2054
2026-07-13T17:15:00+00:00,1.1516999999999984,1.1518999999999986,1.1515599999999986,1.1517399999999984,1736
2026-07-13T17:30:00+00:00,1.1517399999999984,1.1518699999999984,1.1515399999999985,1.1518399999999984,1329
2026-07-13T17:45:00+00:00,1.1518399999999984,1.1519899999999985,1.1515799999999985,1.1516099999999985,1419
2026-07-13T18:00:00+00:00,1.1516099999999985,1.1518599999999986,1.1514599999999986,1.1516499999999985,1571
2026-07-13T18:15:00+00:00,1.1516499999999985,1.1517699999999984,1.1514899999999986,1.1516699999999984,1473
2026-07-13T18:30:00+00:00,1.1516699999999984,1.1518699999999984,1.1515899999999986,1.1517599999999986,1363
2026-07-13T18:45:00+00:00,1.1517599999999986,1.1518099999999984,1.1515599999999986,1.1517299999999986,1414
2026-07-13T19:00:00+00:00,1.1517299999999986,1.1517699999999984,1.1511899999999984,1.1511999999999984,1496
2026-07-13T19:15:00+00:00,1.1511999999999984,1.1514399999999985,1.1511499999999986,1.1512699999999985,1473
2026-07-13T19:30:00+00:00,1.1512699999999985,1.1514399999999985,1.1512299999999984,1.1513299999999984,1004
2026-07-13T19:45:00+00:00,1.1513299999999984,1.1513799999999985,1.1512099999999985,1.1513399999999985,1316
2026-07-13T20:00:00+00:00,1.1513399999999985,1.1514199999999986,1.1509299999999985,1.1509599999999984,860
2026-07-13T20:15:00+00:00,1.1509599999999984,1.1509799999999986,1.1507399999999985,1.1509499999999986,546
2026-07-13T20:30:00+00:00,1.1509499999999986,1.1509999999999985,1.1508099999999986,1.1509499999999986,393
2026-07-13T20:45:00+00:00,1.1509499999999986,1.1511499999999986,1.1508899999999984,1.1511399999999985,446
2026-07-13T21:00:00+00:00,1.1511399999999985,1.1514099999999985,1.1511399999999985,1.1513099999999983,67.6643151797633
2026-07-13T21:15:00+00:00,1.1513099999999983,1.1514999999999984,1.1510399999999983,1.1514799999999983,288.38889203705367
2026-07-13T21:30:00+00:00,1.1514799999999983,1.1516899999999983,1.1511199999999984,1.1514099999999983,817
2026-07-13T21:45:00+00:00,1.1514099999999983,1.1515899999999983,1.1512299999999984,1.1512499999999983,703
2026-07-13T22:00:00+00:00,1.1512499999999983,1.1517899999999983,1.1512499999999983,1.1514599999999984,463
2026-07-13T22:15:00+00:00,1.1514599999999984,1.1515599999999984,1.1514499999999983,1.1515299999999984,243
2026-07-13T22:30:00+00:00,1.1515299999999984,1.1516499999999983,1.1514599999999984,1.1516499999999983,420
2026-07-13T22:45:00+00:00,1.1516499999999983,1.1516599999999984,1.1512399999999983,1.1512399999999983,461
2026-07-13T23:00:00+00:00,1.1512399999999983,1.1514599999999984,1.1511699999999983,1.1512999999999984,558
2026-07-13T23:15:00+00:00,1.1512999999999984,1.1513799999999983,1.1511799999999983,1.1512699999999982,450
2026-07-13T23:30:00+00:00,1.1512699999999982,1.1515199999999983,1.1511899999999984,1.1514099999999983,667
2026-07-13T23:45:00+00:00,1.1514099999999983,1.1515499999999983,1.1513099999999983,1.1514999999999984,1215
2026-07-14T00:00:00+00:00,1.1514999999999984,1.1518199999999983,1.1512799999999983,1.1516299999999984,2950
2026-07-14T00:15:00+00:00,1.1516299999999984,1.1516499999999983,1.1509799999999983,1.1511999999999984,2841
2026-07-14T00:30:00+00:00,1.1511999999999984,1.1519999999999984,1.1511299999999984,1.1519199999999983,2568
2026-07-14T00:45:00+00:00,1.1519199999999983,1.1520999999999983,1.1516299999999984,1.1516399999999984,3041
2026-07-14T01:00:00+00:00,1.1516399999999984,1.1518899999999983,1.1516099999999982,1.1518399999999984,2175
2026-07-14T01:15:00+00:00,1.1518399999999984,1.1521799999999984,1.1516699999999984,1.1516699999999984,1994
2026-07-14T01:30:00+00:00,1.1516699999999984,1.1520199999999983,1.1516699999999984,1.1519299999999983,1995
2026-07-14T01:45:00+00:00,1.1519299999999983,1.1522099999999984,1.1518099999999984,1.1520399999999984,1668
2026-07-14T02:00:00+00:00,1.1520399999999984,1.1522899999999983,1.1520399999999984,1.1522199999999982,1718
2026-07-14T02:15:00+00:00,1.1522199999999982,1.1525499999999984,1.1521999999999983,1.1525199999999984,1327
2026-07-14T02:30:00+00:00,1.1525199999999984,1.1525899999999984,1.1523899999999982,1.1524199999999984,1331
2026-07-14T02:45:00+00:00,1.1524199999999984,1.1524899999999982,1.1522299999999983,1.1522299999999983,1293
2026-07-14T03:00:00+00:00,1.1522299999999983,1.1523999999999983,1.1519899999999983,1.1522799999999984,1418
2026-07-14T03:15:00+00:00,1.1522799999999984,1.1524799999999984,1.1520299999999983,1.1524699999999983,1500
2026-07-14T03:30:00+00:00,1.1524699999999983,1.1528299999999982,1.1524199999999984,1.1525599999999983,1810
2026-07-14T03:45:00+00:00,1.1525599999999983,1.1526799999999984,1.1524799999999984,1.1525199999999984,1065
2026-07-14T04:00:00+00:00,1.1525199999999984,1.1526199999999984,1.1521999999999983,1.1524499999999984,1195
2026-07-14T04:15:00+00:00,1.1524499999999984,1.1526199999999984,1.1524199999999984,1.1524199999999984,1071
2026-07-14T04:30:00+00:00,1.1524199999999984,1.1525599999999983,1.1523499999999984,1.1523699999999983,1476
2026-07-14T04:45:00+00:00,1.1523699999999983,1.1523699999999983,1.1519099999999984,1.1522199999999982,1258
2026-07-14T05:00:00+00:00,1.1522199999999982,1.1524699999999983,1.1522099999999984,1.1524199999999984,883
2026-07-14T05:15:00+00:00,1.1524199999999984,1.1526199999999984,1.1524099999999984,1.1525599999999983,1230
2026-07-14T05:30:00+00:00,1.1525599999999983,1.1527499999999984,1.1524199999999984,1.1525699999999983,1777
2026-07-14T05:45:00+00:00,1.1525699999999983,1.1525799999999984,1.1522599999999983,1.1523399999999984,1482
2026-07-14T06:00:00+00:00,1.1523399999999984,1.1524199999999984,1.1519599999999983,1.1519999999999984,2319
2026-07-14T06:15:00+00:00,1.1519999999999984,1.1521199999999983,1.1517799999999982,1.1518799999999982,1787
2026-07-14T06:30:00+00:00,1.1518799999999982,1.1525399999999983,1.1518199999999983,1.1520199999999983,2663
2026-07-14T06:45:00+00:00,1.1520199999999983,1.1520199999999983,1.1516199999999983,1.1517799999999982,1635
2026-07-14T07:00:00+00:00,1.1517799999999982,1.1521999999999983,1.1515799999999983,1.1518299999999984,2702
2026-07-14T07:15:00+00:00,1.1518299999999984,1.1526399999999983,1.1517999999999984,1.1525399999999983,2256
2026-07-14T07:30:00+00:00,1.1525399999999983,1.1525399999999983,1.1520699999999984,1.1523399999999984,2261
2026-07-14T07:45:00+00:00,1.1523399999999984,1.1529199999999984,1.1523299999999983,1.1527499999999984,2500
2026-07-14T08:00:00+00:00,1.1527499999999984,1.1529899999999984,1.1524799999999984,1.1528299999999982,2689
2026-07-14T08:15:00+00:00,1.1528299999999982,1.1532299999999984,1.1527199999999984,1.1531799999999983,1999
2026-07-14T08:30:00+00:00,1.1531799999999983,1.1537599999999983,1.1529899999999984,1.1537299999999984,2436
2026-07-14T08:45:00+00:00,1.1537299999999984,1.1537299999999984,1.1530799999999983,1.1531099999999983,2582
2026-07-14T09:00:00+00:00,1.1531099999999983,1.1535299999999984,1.1530799999999983,1.1534899999999983,2120
2026-07-14T09:15:00+00:00,1.1534899999999983,1.1534999999999984,1.1529199999999984,1.1529899999999984,2006
2026-07-14T09:30:00+00:00,1.1529899999999984,1.1530999999999982,1.1526499999999984,1.1526899999999984,1604
2026-07-14T09:45:00+00:00,1.1526899999999984,1.1534499999999983,1.1526599999999982,1.1532599999999984,2298
2026-07-14T10:00:00+00:00,1.1532599999999984,1.1533299999999984,1.1528499999999984,1.1529299999999982,1767
2026-07-14T10:15:00+00:00,1.1529299999999982,1.1530799999999983,1.1525699999999983,1.1526699999999983,1930
2026-07-14T10:30:00+00:00,1.1526699999999983,1.1528699999999983,1.1524899999999982,1.1526399999999983,1998
2026-07-14T10:45:00+00:00,1.1526399999999983,1.1527299999999983,1.1522599999999983,1.1523499999999984,1920
2026-07-14T11:00:00+00:00,1.1523499999999984,1.1526299999999983,1.1521499999999982,1.1525899999999984,2653
2026-07-14T11:15:00+00:00,1.1525899999999984,1.1528499999999984,1.1524199999999984,1.1526999999999983,1733
2026-07-14T11:30:00+00:00,1.1526999999999983,1.1532999999999984,1.1526899999999984,1.1532899999999984,1901
2026-07-14T11:45:00+00:00,1.1532899999999984,1.1540999999999983,1.1532699999999982,1.1538199999999983,2485
2026-07-14T12:00:00+00:00,1.1538199999999983,1.1539099999999984,1.1535599999999984,1.1537799999999983,2503
2026-07-14T12:15:00+00:00,1.1537799999999983,1.1546799999999984,1.1535899999999983,1.1544499999999984,3413
2026-07-14T12:30:00+00:00,1.1544499999999984,1.1593899999999984,1.1537799999999983,1.1589499999999984,16385
2026-07-14T12:45:00+00:00,1.1589499999999984,1.1590799999999983,1.1572799999999983,1.1577599999999983,8545
2026-07-14T13:00:00+00:00,1.1577599999999983,1.1586699999999983,1.1573199999999984,1.1576899999999983,8400
2026-07-14T13:15:00+00:00,1.1576899999999983,1.1584899999999982,1.1575399999999982,1.1581599999999983,6522
2026-07-14T13:30:00+00:00,1.1581599999999983,1.1585499999999984,1.1578499999999983,1.1584399999999984,6265
2026-07-14T13:45:00+00:00,1.1584399999999984,1.1585999999999983,1.1579299999999983,1.1583099999999984,4405
2026-07-14T14:00:00+00:00,1.1583099999999984,1.1590599999999984,1.1581999999999983,1.1586699999999983,4378
2026-07-14T14:15:00+00:00,1.1586699999999983,1.1586899999999984,1.1575299999999984,1.1575899999999983,5905
2026-07-14T14:30:00+00:00,1.1575899999999983,1.1590399999999983,1.1572699999999982,1.1579699999999984,5779
2026-07-14T14:45:00+00:00,1.1579699999999984,1.1581199999999983,1.1571799999999983,1.1576799999999983,3834
2026-07-14T15:00:00+00:00,1.1576799999999983,1.1585299999999983,1.1573699999999982,1.1580199999999983,5873
2026-07-14T15:15:00+00:00,1.1580199999999983,1.1581099999999984,1.1572499999999983,1.1573199999999984,2998
2026-07-14T15:30:00+00:00,1.1573199999999984,1.1575299999999984,1.1561899999999983,1.1564799999999984,4113
2026-07-14T15:45:00+00:00,1.1564799999999984,1.1567999999999983,1.1557399999999984,1.1558699999999984,3888
2026-07-14T16:00:00+00:00,1.1558699999999984,1.1560599999999983,1.1555799999999983,1.1559799999999982,2999
2026-07-14T16:15:00+00:00,1.1559799999999982,1.1562499999999984,1.1558199999999983,1.1561999999999983,2004
2026-07-14T16:30:00+00:00,1.1561999999999983,1.1565999999999983,1.1561899999999983,1.1563899999999983,1496
2026-07-14T16:45:00+00:00,1.1563899999999983,1.1564999999999983,1.1561399999999984,1.1563599999999983,1456
2026-07-14T17:00:00+00:00,1.1563599999999983,1.1564899999999982,1.1554499999999983,1.1554799999999983,1967
2026-07-14T17:15:00+00:00,1.1554799999999983,1.1557999999999984,1.1550899999999984,1.1557499999999983,2203
2026-07-14T17:30:00+00:00,1.1557499999999983,1.1558299999999984,1.1555599999999984,1.1557599999999983,1244
2026-07-14T17:45:00+00:00,1.1557599999999983,1.1559899999999983,1.1554399999999982,1.1554999999999984,1575
2026-07-14T18:00:00+00:00,1.1554999999999984,1.1556799999999983,1.1554599999999984,1.1555699999999984,1349
2026-07-14T18:15:00+00:00,1.1555699999999984,1.1557999999999984,1.1551799999999983,1.1553099999999983,1422
2026-07-14T18:30:00+00:00,1.1553099999999983,1.1554699999999984,1.1547799999999984,1.1550699999999983,2010
2026-07-14T18:45:00+00:00,1.1550699999999983,1.1555499999999983,1.1550599999999984,1.1554999999999984,1356
2026-07-14T19:00:00+00:00,1.1554999999999984,1.1557699999999984,1.1554499999999983,1.1556999999999984,1175
2026-07-14T19:15:00+00:00,1.1556999999999984,1.1557499999999983,1.1554699999999984,1.1556099999999982,1302
2026-07-14T19:30:00+00:00,1.1556099999999982,1.1556199999999983,1.1552699999999982,1.1554399999999982,2104
2026-07-14T19:45:00+00:00,1.1554399999999982,1.1555699999999984,1.1551999999999982,1.1551999999999982,1566
2026-07-14T20:00:00+00:00,1.1551999999999982,1.1554099999999983,1.1549999999999983,1.1551999999999982,1113
2026-07-14T20:15:00+00:00,1.1551999999999982,1.1552699999999982,1.1550699999999983,1.1551099999999983,423
2026-07-14T20:30:00+00:00,1.1551099999999983,1.1553199999999983,1.1550899999999984,1.1552099999999983,427
2026-07-14T20:45:00+00:00,1.1552099999999983,1.1553099999999983,1.1550999999999982,1.1551499999999983,642
2026-07-14T21:00:00+00:00,1.1551499999999983,1.1551499999999983,1.1548999999999983,1.1549899999999984,238
2026-07-14T21:15:00+00:00,1.1549899999999984,1.1550699999999983,1.1549399999999983,1.1550199999999984,477
2026-07-14T21:30:00+00:00,1.1550199999999984,1.1553599999999984,1.1548999999999983,1.1550199999999984,600
2026-07-14T21:45:00+00:00,1.1550199999999984,1.1550599999999984,1.1548399999999983,1.1549699999999983,910
2026-07-14T22:00:00+00:00,1.1549699999999983,1.1554499999999983,1.1548999999999983,1.1550499999999984,538
2026-07-14T22:15:00+00:00,1.1550499999999984,1.1551899999999984,1.1549599999999984,1.1551699999999983,501
2026-07-14T22:30:00+00:00,1.1551699999999983,1.1553199999999983,1.1551199999999984,1.1552499999999983,469
2026-07-14T22:45:00+00:00,1.1552499999999983,1.1552599999999984,1.1550799999999983,1.1552199999999984,291
2026-07-14T23:00:00+00:00,1.1552199999999984,1.1553799999999983,1.1551599999999984,1.1553499999999983,443
2026-07-14T23:15:00+00:00,1.1553499999999983,1.1554199999999983,1.1552099999999983,1.1554199999999983,292
2026-07-14T23:30:00+00:00,1.1554199999999983,1.1556099999999982,1.1553099999999983,1.1555899999999983,516
2026-07-14T23:45:00+00:00,1.1555899999999983,1.1556499999999983,1.1554799999999983,1.1555999999999984,462
2026-07-15T00:00:00+00:00,1.1555999999999984,1.1559199999999983,1.1555499999999983,1.1557199999999983,1368
2026-07-15T00:15:00+00:00,1.1557199999999983,1.1561899999999983,1.1557199999999983,1.1560999999999984,1319
2026-07-15T00:30:00+00:00,1.1560999999999984,1.1561499999999982,1.1557899999999983,1.1558599999999983,1174
2026-07-15T00:45:00+00:00,1.1558599999999983,1.1565799999999984,1.1558599999999983,1.1564699999999983,1528
2026-07-15T01:00:00+00:00,1.1564699999999983,1.1567199999999984,1.1564099999999984,1.1566999999999983,2086
2026-07-15T01:15:00+00:00,1.1566999999999983,1.1568999999999983,1.1566699999999983,1.1567599999999982,1658
2026-07-15T01:30:00+00:00,1.1567599999999982,1.1568399999999983,1.1564899999999982,1.1565499999999984,1489
2026-07-15T01:45:00+00:00,1.1565499999999984,1.1567399999999983,1.1564299999999983,1.1567099999999984,1342
2026-07-15T02:00:00+00:00,1.1567099999999984,1.1570799999999983,1.1565599999999983,1.1567799999999984,1526
2026-07-15T02:15:00+00:00,1.1567799999999984,1.1567899999999984,1.1564899999999982,1.1566799999999984,1104
2026-07-15T02:30:00+00:00,1.1566799999999984,1.1572599999999984,1.1566499999999984,1.1572499999999983,1228
2026-07-15T02:45:00+00:00,1.1572499999999983,1.1573799999999983,1.1571099999999983,1.1571899999999984,1198
2026-07-15T03:00:00+00:00,1.1571899999999984,1.1573899999999984,1.1569199999999984,1.1569199999999984,1279
2026-07-15T03:15:00+00:00,1.1569199999999984,1.1569399999999983,1.1564999999999983,1.1566599999999982,1292
2026-07-15T03:30:00+00:00,1.1566599999999982,1.1568499999999984,1.1565599999999983,1.1565799999999984,980
2026-07-15T03:45:00+00:00,1.1565799999999984,1.1569999999999983,1.1565699999999983,1.1569599999999984,884
2026-07-15T04:00:00+00:00,1.1569599999999984,1.1570699999999983,1.1568399999999983,1.1568999999999983,855
2026-07-15T04:15:00+00:00,1.1568999999999983,1.1571999999999982,1.1568599999999984,1.1570799999999983,845
2026-07-15T04:30:00+00:00,1.1570799999999983,1.1572399999999983,1.1569199999999984,1.1569799999999983,827
2026-07-15T04:45:00+00:00,1.1569799999999983,1.1571299999999984,1.1568099999999983,1.1568499999999984,756
2026-07-15T05:00:00+00:00,1.1568499999999984,1.1569699999999983,1.1566899999999984,1.1568299999999982,1552
2026-07-15T05:15:00+00:00,1.1568299999999982,1.1569999999999983,1.1568099999999983,1.1569099999999983,997
2026-07-15T05:30:00+00:00,1.1569099999999983,1.1572499999999983,1.1568899999999984,1.1572399999999983,1364
2026-07-15T05:45:00+00:00,1.1572399999999983,1.1574899999999984,1.1571999999999982,1.1571999999999982,1360
2026-07-15T06:00:00+00:00,1.1571999999999982,1.1574199999999983,1.1570999999999982,1.1571599999999984,1616
2026-07-15T06:15:00+00:00,1.1571599999999984,1.1575399999999982,1.1571399999999983,1.1573499999999983,1467
2026-07-15T06:30:00+00:00,1.1573499999999983,1.1573599999999984,1.1569299999999982,1.1570299999999984,1786
2026-07-15T06:45:00+00:00,1.1570299999999984,1.1570299999999984,1.1559599999999983,1.1560299999999983,3521
2026-07-15T07:00:00+00:00,1.1560299999999983,1.1563599999999983,1.1557699999999984,1.1561699999999984,2960
2026-07-15T07:15:00+00:00,1.1561699999999984,1.1562199999999982,1.1551499999999983,1.1554099999999983,2736
2026-07-15T07:30:00+00:00,1.1554099999999983,1.1556399999999984,1.1552699999999982,1.1555499999999983,2372
2026-07-15T07:45:00+00:00,1.1555499999999983,1.1556799999999983,1.1553199999999983,1.1554999999999984,1771
2026-07-15T08:00:00+00:00,1.1554999999999984,1.1559099999999984,1.1552999999999984,1.1554299999999984,2488
2026-07-15T08:15:00+00:00,1.1554299999999984,1.1557099999999982,1.1553899999999984,1.1556999999999984,1681
2026-07-15T08:30:00+00:00,1.1556999999999984,1.1558399999999984,1.1555399999999982,1.1556199999999983,1586
2026-07-15T08:45:00+00:00,1.1556199999999983,1.1557099999999982,1.1552599999999984,1.1555899999999983,1773
2026-07-15T09:00:00+00:00,1.1555899999999983,1.1557599999999983,1.1551899999999984,1.1555999999999984,2033
2026-07-15T09:15:00+00:00,1.1555999999999984,1.1556799999999983,1.1553399999999983,1.1553599999999984,1840
2026-07-15T09:30:00+00:00,1.1553599999999984,1.1554299999999984,1.1549599999999984,1.1552199999999984,1728
2026-07-15T09:45:00+00:00,1.1552199999999984,1.1553799999999983,1.1548199999999984,1.1548599999999984,2195
2026-07-15T10:00:00+00:00,1.1548599999999984,1.1549699999999983,1.1545099999999984,1.1546499999999984,2152
2026-07-15T10:15:00+00:00,1.1546499999999984,1.1549899999999984,1.1543799999999984,1.1544799999999984,1971
2026-07-15T10:30:00+00:00,1.1544799999999984,1.1546199999999984,1.1542299999999983,1.1544199999999984,1767
2026-07-15T10:45:00+00:00,1.1544199999999984,1.1547599999999982,1.1543599999999983,1.1547499999999984,1404
2026-07-15T11:00:00+00:00,1.1547499999999984,1.1550999999999982,1.1546999999999983,1.1548699999999983,1856
2026-07-15T11:15:00+00:00,1.1548699999999983,1.1550199999999984,1.1546799999999984,1.1547499999999984,1583
2026-07-15T11:30:00+00:00,1.1547499999999984,1.1550799999999983,1.1546199999999984,1.1546299999999983,1457
2026-07-15T11:45:00+00:00,1.1546299999999983,1.1547199999999984,1.1541699999999984,1.1543399999999984,3630
2026-07-15T12:00:00+00:00,1.1543399999999984,1.1546099999999984,1.1537499999999983,1.1540899999999983,2760
2026-07-15T12:15:00+00:00,1.1540899999999983,1.1546699999999983,1.1539399999999984,1.1545099999999984,2283
2026-07-15T12:30:00+00:00,1.1545099999999984,1.1557099999999982,1.1544899999999982,1.1556699999999984,4650
2026-07-15T12:45:00+00:00,1.1556699999999984,1.1561799999999984,1.1556099999999982,1.1560099999999984,3372
2026-07-15T13:00:00+00:00,1.1560099999999984,1.1565399999999983,1.1558599999999983,1.1558699999999984,3658
2026-07-15T13:15:00+00:00,1.1558699999999984,1.1565099999999984,1.1555299999999984,1.1556199999999983,2953
2026-07-15T13:30:00+00:00,1.1556199999999983,1.1559799999999982,1.1555599999999984,1.1558099999999982,2883
2026-07-15T13:45:00+00:00,1.1558099999999982,1.1567099999999984,1.1556799999999983,1.1561699999999984,4134
2026-07-15T14:00:00+00:00,1.1561699999999984,1.1567199999999984,1.1561699999999984,1.1563499999999984,3017
2026-07-15T14:15:00+00:00,1.1563499999999984,1.1567199999999984,1.1561799999999984,1.1563999999999983,3664
2026-07-15T14:30:00+00:00,1.1563999999999983,1.1570899999999984,1.1563999999999983,1.1570399999999983,3876
2026-07-15T14:45:00+00:00,1.1570399999999983,1.1573099999999983,1.1564299999999983,1.1568599999999984,5665
2026-07-15T15:00:00+00:00,1.1568599999999984,1.1573199999999984,1.1567099999999984,1.1567099999999984,3154
2026-07-15T15:15:00+00:00,1.1567099999999984,1.1571699999999983,1.1564999999999983,1.1571099999999983,3256
2026-07-15T15:30:00+00:00,1.1571099999999983,1.1571099999999983,1.1563399999999984,1.1565999999999983,3126
2026-07-15T15:45:00+00:00,1.1565999999999983,1.1568699999999983,1.1563399999999984,1.1566899999999984,2358
2026-07-15T16:00:00+00:00,1.1566899999999984,1.1567799999999984,1.1561899999999983,1.1565999999999983,2358
2026-07-15T16:15:00+00:00,1.1565999999999983,1.1571399999999983,1.1565599999999983,1.1570399999999983,2395
2026-07-15T16:30:00+00:00,1.1570399999999983,1.1570799999999983,1.1565899999999982,1.1567099999999984,1873
2026-07-15T16:45:00+00:00,1.1567099999999984,1.1573899999999984,1.1566299999999983,1.1573799999999983,3512
2026-07-15T17:00:00+00:00,1.1573799999999983,1.1581899999999983,1.1573599999999984,1.1581099999999984,2748
2026-07-15T17:15:00+00:00,1.1581099999999984,1.1587499999999984,1.1579499999999983,1.1587499999999984,2029
2026-07-15T17:30:00+00:00,1.1587499999999984,1.1602499999999984,1.1587199999999984,1.1602199999999983,3770
2026-07-15T17:45:00+00:00,1.1602199999999983,1.1606399999999983,1.1598399999999984,1.1604899999999982,2799
2026-07-15T18:00:00+00:00,1.1604899999999982,1.1608499999999984,1.1603899999999983,1.1604999999999983,2063
2026-07-15T18:15:00+00:00,1.1604999999999983,1.1610299999999982,1.1603999999999983,1.1609999999999983,1750
2026-07-15T18:30:00+00:00,1.1609999999999983,1.1614199999999983,1.1604899999999982,1.1604999999999983,1830
2026-07-15T18:45:00+00:00,1.1604999999999983,1.1605999999999983,1.1597599999999983,1.1598299999999984,2360
2026-07-15T19:00:00+00:00,1.1598299999999984,1.1605499999999984,1.1597399999999984,1.1605399999999984,2303
2026-07-15T19:15:00+00:00,1.1605399999999984,1.1606399999999983,1.1601799999999984,1.1604399999999984,1805
2026-07-15T19:30:00+00:00,1.1604399999999984,1.1604499999999984,1.1593999999999984,1.1594699999999984,2888
2026-07-15T19:45:00+00:00,1.1594699999999984,1.1596599999999984,1.1593099999999983,1.1595599999999984,1828
2026-07-15T20:00:00+00:00,1.1595599999999984,1.1596199999999983,1.1592499999999983,1.1593099999999983,768
2026-07-15T20:15:00+00:00,1.1593099999999983,1.1595699999999984,1.1592899999999984,1.1595399999999982,443
2026-07-15T20:30:00+00:00,1.1595399999999982,1.1595599999999984,1.1592599999999984,1.1594199999999983,493
2026-07-15T20:45:00+00:00,1.1594199999999983,1.1595699999999984,1.1591499999999983,1.1591799999999983,579
2026-07-15T21:00:00+00:00,1.1591799999999983,1.1593499999999983,1.1591399999999983,1.1592399999999983,44.724344397023394
2026-07-15T21:15:00+00:00,1.1592399999999983,1.1595299999999984,1.1591999999999985,1.1594599999999984,73
2026-07-15T21:30:00+00:00,1.1594599999999984,1.1597399999999984,1.1593699999999985,1.1595699999999984,490
2026-07-15T21:45:00+00:00,1.1595699999999984,1.1596899999999983,1.1593699999999985,1.1593899999999984,955
2026-07-15T22:00:00+00:00,1.1593899999999984,1.1600299999999983,1.1593899999999984,1.1598699999999984,357
2026-07-15T22:15:00+00:00,1.1598699999999984,1.1599699999999984,1.1597699999999984,1.1599599999999983,352
2026-07-15T22:30:00+00:00,1.1599599999999983,1.1599899999999983,1.1598599999999983,1.1598899999999983,269.06947871638454
2026-07-15T22:45:00+00:00,1.1598899999999983,1.1599499999999985,1.1597699999999984,1.1599399999999984,346.03948348646634
2026-07-15T23:00:00+00:00,1.1599399999999984,1.1600999999999986,1.1598899999999983,1.1600999999999986,337.0397751229796
2026-07-15T23:15:00+00:00,1.1600999999999986,1.1601999999999986,1.1599799999999985,1.1601499999999985,416
2026-07-15T23:30:00+00:00,1.1601499999999985,1.1602899999999985,1.1600499999999985,1.1602599999999985,354
2026-07-15T23:45:00+00:00,1.1602599999999985,1.1602999999999986,1.1601299999999986,1.1601999999999986,627
2026-07-16T00:00:00+00:00,1.1601999999999986,1.1606199999999984,1.1601499999999985,1.1605999999999985,1410
2026-07-16T00:15:00+00:00,1.1605999999999985,1.1606199999999984,1.1602399999999986,1.1604099999999986,1161
2026-07-16T00:30:00+00:00,1.1604099999999986,1.1604599999999985,1.1600199999999985,1.1602099999999984,1122
2026-07-16T00:45:00+00:00,1.1602099999999984,1.1606799999999986,1.1599499999999985,1.1606099999999986,2830
2026-07-16T01:00:00+00:00,1.1606099999999986,1.1606299999999985,1.1602699999999986,1.1604999999999985,1586
2026-07-16T01:15:00+00:00,1.1604999999999985,1.1605299999999985,1.1600899999999985,1.1601899999999985,1834
2026-07-16T01:30:00+00:00,1.1601899999999985,1.1602899999999985,1.1597599999999986,1.1599199999999985,1746
2026-07-16T01:45:00+00:00,1.1599199999999985,1.1599399999999984,1.1597299999999986,1.1598099999999985,1388
2026-07-16T02:00:00+00:00,1.1598099999999985,1.1598199999999985,1.1592499999999986,1.1593099999999985,1415
2026-07-16T02:15:00+00:00,1.1593099999999985,1.1596899999999986,1.1592499999999986,1.1596599999999986,1048
2026-07-16T02:30:00+00:00,1.1596599999999986,1.1597399999999984,1.1594499999999985,1.1595499999999985,1194
2026-07-16T02:45:00+00:00,1.1595499999999985,1.1597099999999985,1.1593899999999986,1.1596899999999986,907
2026-07-16T03:00:00+00:00,1.1596899999999986,1.1599099999999984,1.1595599999999986,1.1597999999999986,1055
2026-07-16T03:15:00+00:00,1.1597999999999986,1.1600499999999985,1.1597799999999985,1.1600199999999985,823
2026-07-16T03:30:00+00:00,1.1600199999999985,1.1601099999999984,1.1599299999999986,1.1599499999999985,752
2026-07-16T03:45:00+00:00,1.1599499999999985,1.1599799999999985,1.1597799999999985,1.1598899999999985,929
2026-07-16T04:00:00+00:00,1.1598899999999985,1.1598899999999985,1.1595999999999984,1.1597399999999984,961
2026-07-16T04:15:00+00:00,1.1597399999999984,1.1597399999999984,1.1595299999999986,1.1595399999999985,732
2026-07-16T04:30:00+00:00,1.1595399999999985,1.1599299999999986,1.1595299999999986,1.1598099999999985,791
2026-07-16T04:45:00+00:00,1.1598099999999985,1.1599099999999984,1.1597499999999985,1.1598499999999985,827
2026-07-16T05:00:00+00:00,1.1598499999999985,1.1599799999999985,1.1597999999999986,1.1599599999999985,1004
2026-07-16T05:15:00+00:00,1.1599599999999985,1.1600599999999985,1.1598499999999985,1.1598899999999985,942
2026-07-16T05:30:00+00:00,1.1598899999999985,1.1601099999999984,1.1598399999999984,1.1599399999999984,1853
2026-07-16T05:45:00+00:00,1.1599399999999984,1.1599499999999985,1.1594499999999985,1.1595599999999986,1664
2026-07-16T06:00:00+00:00,1.1595599999999986,1.1601599999999985,1.1595499999999985,1.1601599999999985,2327
2026-07-16T06:15:00+00:00,1.1601599999999985,1.1601599999999985,1.1597899999999985,1.1600399999999986,1527
2026-07-16T06:30:00+00:00,1.1600399999999986,1.1600499999999985,1.1597399999999984,1.1598999999999986,1804
2026-07-16T06:45:00+00:00,1.1598999999999986,1.1603199999999985,1.1598499999999985,1.1600599999999985,1811
2026-07-16T07:00:00+00:00,1.1600599999999985,1.1602399999999986,1.1598899999999985,1.1600399999999986,2101
2026-07-16T07:15:00+00:00,1.1600399999999986,1.1604299999999985,1.1599999999999986,1.1601399999999986,1859
2026-07-16T07:30:00+00:00,1.1601399999999986,1.1604099999999986,1.1599499999999985,1.1603499999999984,1718
2026-07-16T07:45:00+00:00,1.1603499999999984,1.1608499999999986,1.1600899999999985,1.1601499999999985,2368
2026-07-16T08:00:00+00:00,1.1601499999999985,1.1604099999999986,1.1595799999999985,1.1596599999999986,2584
2026-07-16T08:15:00+00:00,1.1596599999999986,1.1598599999999986,1.1594699999999984,1.1597199999999985,2379
2026-07-16T08:30:00+00:00,1.1597199999999985,1.1600599999999985,1.1597199999999985,1.1599499999999985,1962
2026-07-16T08:45:00+00:00,1.1599499999999985,1.1599799999999985,1.1595099999999985,1.1598099999999985,1945
2026-07-16T09:00:00+00:00,1.1598099999999985,1.1598199999999985,1.1594999999999984,1.1597499999999985,1904
2026-07-16T09:15:00+00:00,1.1597499999999985,1.1598899999999985,1.1595399999999985,1.1595699999999984,1450
2026-07-16T09:30:00+00:00,1.1595699999999984,1.1597599999999986,1.1592799999999985,1.1597399999999984,1970
2026-07-16T09:45:00+00:00,1.1597399999999984,1.1600399999999986,1.1597399999999984,1.1598499999999985,1360
2026-07-16T10:00:00+00:00,1.1598499999999985,1.1598599999999986,1.1596599999999986,1.1597999999999986,1475
2026-07-16T10:15:00+00:00,1.1597999999999986,1.1600599999999985,1.1597199999999985,1.1597599999999986,1188
2026-07-16T10:30:00+00:00,1.1597599999999986,1.1597899999999985,1.1594399999999985,1.1596799999999985,1856
2026-07-16T10:45:00+00:00,1.1596799999999985,1.1598599999999986,1.1591499999999986,1.1591999999999985,1785
2026-07-16T11:00:00+00:00,1.1591999999999985,1.1594599999999986,1.1590999999999985,1.1592599999999986,1778
2026-07-16T11:15:00+00:00,1.1592599999999986,1.1595299999999986,1.1590399999999985,1.1592499999999986,1673
2026-07-16T11:30:00+00:00,1.1592499999999986,1.1598599999999986,1.1592399999999985,1.1596799999999985,1662
2026-07-16T11:45:00+00:00,1.1596799999999985,1.1601099999999984,1.1589099999999986,1.1600799999999984,3866
2026-07-16T12:00:00+00:00,1.1600799999999984,1.1602999999999986,1.1595799999999985,1.1596999999999986,2887
2026-07-16T12:15:00+00:00,1.1596999999999986,1.1597499999999985,1.1592099999999985,1.1595799999999985,2575
2026-07-16T12:30:00+00:00,1.1595799999999985,1.1597299999999986,1.1583399999999986,1.1584799999999986,3588
2026-07-16T12:45:00+00:00,1.1584799999999986,1.1588299999999985,1.1579199999999985,1.1579699999999986,2989
2026-07-16T13:00:00+00:00,1.1579699999999986,1.1585799999999986,1.1576799999999985,1.1585599999999985,3289
2026-07-16T13:15:00+00:00,1.1585599999999985,1.1590599999999984,1.1582999999999986,1.1590299999999985,2599
2026-07-16T13:30:00+00:00,1.1590299999999985,1.1591299999999984,1.1585699999999985,1.1585799999999986,3600
2026-07-16T13:45:00+00:00,1.1585799999999986,1.1588299999999985,1.1581799999999984,1.1581899999999985,3332
2026-07-16T14:00:00+00:00,1.1581899999999985,1.1586099999999986,1.1577199999999985,1.1580499999999985,3405
2026-07-16T14:15:00+00:00,1.1580499999999985,1.1584499999999984,1.1579099999999984,1.1581499999999985,2945
2026-07-16T14:30:00+00:00,1.1581499999999985,1.1584199999999985,1.1574599999999986,1.1577099999999985,2875
2026-07-16T14:45:00+00:00,1.1577099999999985,1.1578399999999984,1.1572299999999984,1.1575199999999986,3358
2026-07-16T15:00:00+00:00,1.1575199999999986,1.1575199999999986,1.1568699999999985,1.1573999999999984,3130
2026-07-16T15:15:00+00:00,1.1573999999999984,1.1576099999999985,1.1572099999999985,1.1572699999999985,2337
2026-07-16T15:30:00+00:00,1.1572699999999985,1.1578999999999986,1.1572299999999984,1.1578799999999985,1963
2026-07-16T15:45:00+00:00,1.1578799999999985,1.1581799999999984,1.1577699999999984,1.1579199999999985,1725
2026-07-16T16:00:00+00:00,1.1579199999999985,1.1579399999999984,1.1573199999999986,1.1574199999999986,1792
2026-07-16T16:15:00+00:00,1.1574199999999986,1.1575099999999985,1.1567799999999986,1.1568399999999985,2422
2026-07-16T16:30:00+00:00,1.1568399999999985,1.1570799999999986,1.1566899999999984,1.1569299999999985,1396
2026-07-16T16:45:00+00:00,1.1569299999999985,1.1570399999999985,1.1566299999999985,1.1566999999999985,1360
2026-07-16T17:00:00+00:00,1.1566999999999985,1.1567199999999984,1.1563399999999986,1.1564199999999984,1560
2026-07-16T17:15:00+00:00,1.1564199999999984,1.1567499999999986,1.1563999999999985,1.1567399999999985,1037
2026-07-16T17:30:00+00:00,1.1567399999999985,1.1567899999999984,1.1564899999999985,1.1566899999999984,1241
2026-07-16T17:45:00+00:00,1.1566899999999984,1.1570599999999984,1.1566699999999985,1.1568699999999985,1536
2026-07-16T18:00:00+00:00,1.1568699999999985,1.1570199999999986,1.1567299999999985,1.1569899999999986,1469
2026-07-16T18:15:00+00:00,1.1569899999999986,1.1571399999999985,1.1568699999999985,1.1568799999999986,1201
2026-07-16T18:30:00+00:00,1.1568799999999986,1.1569999999999985,1.1567999999999985,1.1569899999999986,1168
2026-07-16T18:45:00+00:00,1.1569899999999986,1.1570999999999985,1.1569199999999986,1.1570699999999985,1059
2026-07-16T19:00:00+00:00,1.1570699999999985,1.1572199999999986,1.1569599999999984,1.1569699999999985,1305
2026-07-16T19:15:00+00:00,1.1569699999999985,1.1569799999999986,1.1566599999999985,1.1567499999999986,1045
2026-07-16T19:30:00+00:00,1.1567499999999986,1.1570199999999986,1.1567399999999985,1.1569499999999986,1065
2026-07-16T19:45:00+00:00,1.1569499999999986,1.1573899999999986,1.1569399999999985,1.1572699999999985,1533
2026-07-16T20:00:00+00:00,1.1572699999999985,1.1574199999999986,1.1572099999999985,1.1572599999999986,910
2026-07-16T20:15:00+00:00,1.1572599999999986,1.1572899999999986,1.1570899999999986,1.1571899999999986,349
2026-07-16T20:30:00+00:00,1.1571899999999986,1.1576299999999986,1.1571699999999985,1.1575099999999985,606
2026-07-16T20:45:00+00:00,1.1575099999999985,1.1576499999999985,1.1573999999999984,1.1573999999999984,614
2026-07-16T21:00:00+00:00,1.1573999999999984,1.1574299999999984,1.1570899999999986,1.1574299999999984,52.300194963817596
2026-07-16T21:15:00+00:00,1.1574299999999984,1.1574599999999984,1.1573699999999985,1.1574399999999985,121.53263879391176
2026-07-16T21:30:00+00:00,1.1574399999999985,1.1575299999999984,1.1573699999999985,1.1574799999999983,182
2026-07-16T21:45:00+00:00,1.1574799999999983,1.1575299999999984,1.1574599999999984,1.1575099999999985,151
2026-07-16T22:00:00+00:00,1.1575099999999985,1.1578099999999985,1.1574999999999984,1.1577499999999983,253
2026-07-16T22:15:00+00:00,1.1577499999999983,1.1577499999999983,1.1576499999999983,1.1576999999999984,141
2026-07-16T22:30:00+00:00,1.1576999999999984,1.1577199999999983,1.1575899999999983,1.1576199999999983,186
2026-07-16T22:45:00+00:00,1.1576199999999983,1.1576699999999982,1.1575299999999984,1.1576599999999984,309.73223140495867
2026-07-16T23:00:00+00:00,1.1576599999999984,1.1577599999999983,1.1575899999999983,1.1577299999999984,390
2026-07-16T23:15:00+00:00,1.1577299999999984,1.1578599999999983,1.1576999999999984,1.1577899999999983,257.4355400696864
2026-07-16T23:30:00+00:00,1.1577899999999983,1.1579699999999984,1.1577499999999983,1.1578399999999982,272
2026-07-16T23:45:00+00:00,1.1578399999999982,1.1578499999999983,1.1576899999999983,1.1578399999999982,493
2026-07-17T00:00:00+00:00,1.1578399999999982,1.1579399999999982,1.1576999999999984,1.1577599999999983,1419
2026-07-17T00:15:00+00:00,1.1577599999999983,1.1579099999999982,1.1574899999999984,1.1575199999999983,1520
2026-07-17T00:30:00+00:00,1.1575199999999983,1.1576499999999983,1.1574399999999982,1.1574599999999984,1253
2026-07-17T00:45:00+00:00,1.1574599999999984,1.1580099999999982,1.1574599999999984,1.1580099999999982,1427
2026-07-17T01:00:00+00:00,1.1580099999999982,1.1581299999999983,1.1576699999999982,1.1577799999999983,1554
2026-07-17T01:15:00+00:00,1.1577799999999983,1.1579899999999983,1.1576599999999984,1.1576699999999982,1219
2026-07-17T01:30:00+00:00,1.1576699999999982,1.1577599999999983,1.1574899999999984,1.1576499999999983,993
2026-07-17T01:45:00+00:00,1.1576499999999983,1.1576499999999983,1.1570599999999982,1.1572399999999983,1415
2026-07-17T02:00:00+00:00,1.1572399999999983,1.1574599999999984,1.1572099999999983,1.1574299999999982,1258
2026-07-17T02:15:00+00:00,1.1574299999999982,1.1574599999999984,1.1572199999999984,1.1572199999999984,847
2026-07-17T02:30:00+00:00,1.1572199999999984,1.1573299999999982,1.1569899999999982,1.1571299999999982,1117
2026-07-17T02:45:00+00:00,1.1571299999999982,1.1572699999999982,1.1569999999999983,1.1570199999999984,1061
2026-07-17T03:00:00+00:00,1.1570199999999984,1.1573299999999982,1.1569699999999983,1.1570999999999982,1208
2026-07-17T03:15:00+00:00,1.1570999999999982,1.1573199999999984,1.1570999999999982,1.1572499999999983,707
2026-07-17T03:30:00+00:00,1.1572499999999983,1.1572999999999982,1.1569199999999984,1.1569599999999982,787
2026-07-17T03:45:00+00:00,1.1569599999999982,1.1572699999999982,1.1569099999999983,1.1572499999999983,800
2026-07-17T04:00:00+00:00,1.1572499999999983,1.1572599999999982,1.1570999999999982,1.1571099999999983,706
2026-07-17T04:15:00+00:00,1.1571099999999983,1.1571599999999982,1.1569399999999983,1.1569599999999982,694
2026-07-17T04:30:00+00:00,1.1569599999999982,1.1571299999999982,1.1569099999999983,1.1569999999999983,848
2026-07-17T04:45:00+00:00,1.1569999999999983,1.1571199999999984,1.1567899999999982,1.1569299999999982,673
2026-07-17T05:00:00+00:00,1.1569299999999982,1.1570399999999983,1.1568999999999983,1.1569699999999983,765
2026-07-17T05:15:00+00:00,1.1569699999999983,1.1571299999999982,1.1568899999999982,1.1570199999999984,891
2026-07-17T05:30:00+00:00,1.1570199999999984,1.1576799999999983,1.1570199999999984,1.1574999999999982,1856
2026-07-17T05:45:00+00:00,1.1574999999999982,1.1576599999999984,1.1572499999999983,1.1572899999999984,1414
2026-07-17T06:00:00+00:00,1.1572899999999984,1.1579199999999983,1.1572899999999984,1.1579099999999982,1919
2026-07-17T06:15:00+00:00,1.1579099999999982,1.1584399999999984,1.1578999999999984,1.1581699999999984,2104
2026-07-17T06:30:00+00:00,1.1581699999999984,1.1584799999999982,1.1581099999999982,1.1582699999999984,1677
2026-07-17T06:45:00+00:00,1.1582699999999984,1.1585299999999983,1.1581599999999983,1.1582999999999983,2269
2026-07-17T07:00:00+00:00,1.1582999999999983,1.1585399999999983,1.1580499999999982,1.1582199999999983,1987
2026-07-17T07:15:00+00:00,1.1582199999999983,1.1582299999999983,1.1577499999999983,1.1579999999999984,1733
2026-07-17T07:30:00+00:00,1.1579999999999984,1.1583199999999982,1.1577599999999983,1.1580099999999982,1495
2026-07-17T07:45:00+00:00,1.1580099999999982,1.1582699999999984,1.1577899999999983,1.1577999999999984,1510
2026-07-17T08:00:00+00:00,1.1577999999999984,1.1581099999999982,1.1573499999999983,1.1573999999999982,2177
2026-07-17T08:15:00+00:00,1.1573999999999982,1.1574199999999983,1.1568999999999983,1.1573499999999983,2921
2026-07-17T08:30:00+00:00,1.1573499999999983,1.1576799999999983,1.1572899999999984,1.1575799999999983,2178
2026-07-17T08:45:00+00:00,1.1575799999999983,1.1576299999999984,1.1572499999999983,1.1574399999999982,1793
2026-07-17T09:00:00+00:00,1.1574399999999982,1.1575399999999982,1.1570299999999982,1.1571799999999983,2462
2026-07-17T09:15:00+00:00,1.1571799999999983,1.1575599999999984,1.1570599999999982,1.1574999999999982,1842
2026-07-17T09:30:00+00:00,1.1574999999999982,1.1575099999999983,1.1569599999999982,1.1570999999999982,1504
2026-07-17T09:45:00+00:00,1.1570999999999982,1.1573799999999983,1.1570699999999983,1.1573599999999984,1553
2026-07-17T10:00:00+00:00,1.1573599999999984,1.1573599999999984,1.1568999999999983,1.1572499999999983,1935
2026-07-17T10:15:00+00:00,1.1572499999999983,1.1573599999999984,1.1564499999999982,1.1565599999999983,1843
2026-07-17T10:30:00+00:00,1.1565599999999983,1.1567099999999984,1.1564099999999984,1.1565899999999982,1454
2026-07-17T10:45:00+00:00,1.1565899999999982,1.1566299999999983,1.1559299999999983,1.1559999999999984,2311
2026-07-17T11:00:00+00:00,1.1559999999999984,1.1563499999999982,1.1557799999999983,1.1562199999999982,2198
2026-07-17T11:15:00+00:00,1.1562199999999982,1.1563999999999983,1.1560499999999982,1.1563599999999983,1766
2026-07-17T11:30:00+00:00,1.1563599999999983,1.1569299999999982,1.1563199999999982,1.1566699999999983,1644
2026-07-17T11:45:00+00:00,1.1566699999999983,1.1568099999999983,1.1562499999999982,1.1563299999999983,1694
2026-07-17T12:00:00+00:00,1.1563299999999983,1.1568599999999982,1.1563299999999983,1.1566099999999984,1979
2026-07-17T12:15:00+00:00,1.1566099999999984,1.1567599999999982,1.1564099999999984,1.1567599999999982,1618
2026-07-17T12:30:00+00:00,1.1567599999999982,1.1567599999999982,1.1559199999999983,1.1560099999999982,1823
2026-07-17T12:45:00+00:00,1.1560099999999982,1.1562499999999982,1.1558299999999984,1.1562299999999983,1983
2026-07-17T13:00:00+00:00,1.1562299999999983,1.1564999999999983,1.1558999999999984,1.1562499999999982,2665
2026-07-17T13:15:00+00:00,1.1562499999999982,1.1563099999999984,1.1557699999999982,1.1558499999999983,2642
2026-07-17T13:30:00+00:00,1.1558499999999983,1.1566199999999982,1.1558099999999982,1.1565199999999982,4069
2026-07-17T13:45:00+00:00,1.1565199999999982,1.1569899999999982,1.1563399999999984,1.1568999999999983,3544
2026-07-17T14:00:00+00:00,1.1568999999999983,1.1570799999999983,1.1566199999999982,1.1569599999999982,3545
2026-07-17T14:15:00+00:00,1.1569599999999982,1.1574299999999982,1.1567599999999982,1.1568599999999982,2370
2026-07-17T14:30:00+00:00,1.1568599999999982,1.1575699999999982,1.1568199999999982,1.1575299999999984,2578
2026-07-17T14:45:00+00:00,1.1575299999999984,1.1577399999999982,1.1571199999999984,1.1572999999999982,2602
2026-07-17T15:00:00+00:00,1.1572999999999982,1.1576499999999983,1.1571899999999984,1.1572699999999982,2623
2026-07-17T15:15:00+00:00,1.1572699999999982,1.1577699999999982,1.1572499999999983,1.1574699999999982,2047
2026-07-17T15:30:00+00:00,1.1574699999999982,1.1575899999999983,1.1570499999999984,1.1570599999999982,2577
2026-07-17T15:45:00+00:00,1.1570599999999982,1.1574299999999982,1.1570599999999982,1.1573199999999984,1773
2026-07-17T16:00:00+00:00,1.1573199999999984,1.1573799999999983,1.1567499999999984,1.1573099999999983,2858
2026-07-17T16:15:00+00:00,1.1573099999999983,1.1574799999999983,1.1571099999999983,1.1574199999999983,1600
2026-07-17T16:30:00+00:00,1.1574199999999983,1.1574599999999984,1.1572099999999983,1.1573099999999983,1366
2026-07-17T16:45:00+00:00,1.1573099999999983,1.1573099999999983,1.1570399999999983,1.1571499999999983,1125
2026-07-17T17:00:00+00:00,1.1571499999999983,1.1571999999999982,1.1567499999999984,1.1567899999999982,1386
2026-07-17T17:15:00+00:00,1.1567899999999982,1.1569299999999982,1.1566499999999982,1.1568999999999983,1274
2026-07-17T17:30:00+00:00,1.1568999999999983,1.1569299999999982,1.1566999999999983,1.1567199999999982,1043
2026-07-17T17:45:00+00:00,1.1567199999999982,1.1568299999999982,1.1566999999999983,1.1567499999999984,1029
2026-07-17T18:00:00+00:00,1.1567499999999984,1.1569299999999982,1.1566899999999982,1.1568499999999984,896
2026-07-17T18:15:00+00:00,1.1568499999999984,1.1570499999999984,1.1567499999999984,1.1569999999999983,1581
2026-07-17T18:30:00+00:00,1.1569999999999983,1.1570599999999982,1.1568699999999983,1.1569099999999983,1005
2026-07-17T18:45:00+00:00,1.1569099999999983,1.1569799999999983,1.1567999999999983,1.1568599999999982,878
2026-07-17T19:00:00+00:00,1.1568599999999982,1.1569799999999983,1.1568199999999982,1.1569099999999983,620
2026-07-17T19:15:00+00:00,1.1569099999999983,1.1570199999999984,1.1566999999999983,1.1568999999999983,1000
2026-07-17T19:30:00+00:00,1.1568999999999983,1.1572199999999984,1.1567199999999982,1.1571399999999983,837
2026-07-17T19:45:00+00:00,1.1571399999999983,1.1574599999999984,1.1570999999999982,1.1574199999999983,1285
2026-07-17T20:00:00+00:00,1.1574199999999983,1.1575599999999984,1.1572399999999983,1.1572499999999983,560
2026-07-17T20:15:00+00:00,1.1572499999999983,1.1572999999999982,1.1569499999999984,1.1570999999999982,461
2026-07-17T20:30:00+00:00,1.1570999999999982,1.1571699999999983,1.1569899999999982,1.1570799999999983,398
2026-07-17T20:45:00+00:00,1.1570799999999983,1.1571699999999983,1.1569499999999984,1.1571099999999985,1065.898221949724
2026-07-19T21:00:00+00:00,1.1571099999999985,1.1571099999999985,1.1566499999999984,1.156739999999998,70.82035308249385
2026-07-19T21:15:00+00:00,1.156739999999998,1.156909999999998,1.1566499999999982,1.1568899999999982,56
2026-07-19T21:30:00+00:00,1.1568899999999982,1.1569299999999982,1.156709999999998,1.1569299999999982,71.82152393097603
2026-07-19T21:45:00+00:00,1.1569299999999982,1.1569699999999983,1.1567499999999984,1.1567699999999983,93.00457297238009
2026-07-19T22:00:00+00:00,1.1567699999999983,1.1572699999999982,1.1566499999999984,1.1571499999999983,1008
2026-07-19T22:15:00+00:00,1.1571499999999983,1.1573099999999983,1.1568099999999983,1.1569199999999984,1125
2026-07-19T22:30:00+00:00,1.1569199999999984,1.1571599999999984,1.1568299999999982,1.1570099999999983,704
2026-07-19T22:45:00+00:00,1.1570099999999983,1.1570099999999983,1.1568099999999983,1.1568199999999984,315
2026-07-19T23:00:00+00:00,1.1568199999999984,1.1568699999999983,1.1566899999999982,1.1566899999999982,493
2026-07-19T23:15:00+00:00,1.1566899999999982,1.1567499999999984,1.1565399999999983,1.1567099999999984,497
2026-07-19T23:30:00+00:00,1.1567099999999984,1.1568699999999983,1.1566399999999983,1.1568499999999984,495
2026-07-19T23:45:00+00:00,1.1568499999999984,1.1569199999999984,1.1566899999999982,1.1569099999999983,927
2026-07-20T00:00:00+00:00,1.1569099999999983,1.1572699999999982,1.1568099999999983,1.1571499999999983,1585
2026-07-20T00:15:00+00:00,1.1571499999999983,1.1574499999999983,1.1571399999999983,1.1573999999999982,1326
2026-07-20T00:30:00+00:00,1.1573999999999982,1.1573999999999982,1.1571999999999982,1.1573399999999983,1203
2026-07-20T00:45:00+00:00,1.1573399999999983,1.1575199999999983,1.1573399999999983,1.1575099999999983,1157
2026-07-20T01:00:00+00:00,1.1575099999999983,1.1577199999999983,1.1573199999999984,1.1573699999999982,1728
2026-07-20T01:15:00+00:00,1.1573699999999982,1.1576199999999983,1.1573199999999984,1.1576099999999983,1817
2026-07-20T01:30:00+00:00,1.1576099999999983,1.1577299999999984,1.1573299999999984,1.1574599999999984,1711
2026-07-20T01:45:00+00:00,1.1574599999999984,1.1578099999999982,1.1574099999999983,1.1577699999999984,1294
2026-07-20T02:00:00+00:00,1.1577699999999984,1.1579799999999982,1.1576399999999982,1.1578099999999982,1500
2026-07-20T02:15:00+00:00,1.1578099999999982,1.1580699999999984,1.1577699999999984,1.1580599999999983,990
2026-07-20T02:30:00+00:00,1.1580599999999983,1.1584599999999983,1.1579599999999983,1.1582399999999984,1342
2026-07-20T02:45:00+00:00,1.1582399999999984,1.1584199999999982,1.1581299999999983,1.1582599999999983,1078
2026-07-20T03:00:00+00:00,1.1582599999999983,1.1583099999999984,1.1581399999999984,1.1582199999999983,936
2026-07-20T03:15:00+00:00,1.1582199999999983,1.1583099999999984,1.1581899999999983,1.1582699999999984,707
2026-07-20T03:30:00+00:00,1.1582699999999984,1.1584199999999982,1.1582099999999984,1.1583999999999983,941
2026-07-20T03:45:00+00:00,1.1583999999999983,1.1584299999999983,1.1583299999999983,1.1583599999999983,663
2026-07-20T04:00:00+00:00,1.1583599999999983,1.1584599999999983,1.1582999999999983,1.1584199999999982,617
2026-07-20T04:15:00+00:00,1.1584199999999982,1.1586299999999983,1.1584099999999984,1.1586099999999984,788
2026-07-20T04:30:00+00:00,1.1586099999999984,1.1586799999999984,1.1585499999999984,1.1586499999999984,863
2026-07-20T04:45:00+00:00,1.1586499999999984,1.1586799999999984,1.1585699999999983,1.1586099999999984,732
2026-07-20T05:00:00+00:00,1.1586099999999984,1.1586599999999982,1.1584099999999984,1.1584799999999984,1044
2026-07-20T05:15:00+00:00,1.1584799999999984,1.1585299999999983,1.1583699999999983,1.1583799999999984,968
2026-07-20T05:30:00+00:00,1.1583799999999984,1.1583999999999983,1.1581999999999983,1.1582099999999984,906
2026-07-20T05:45:00+00:00,1.1582099999999984,1.1583999999999983,1.1581799999999982,1.1581899999999983,988
2026-07-20T06:00:00+00:00,1.1581899999999983,1.1583999999999983,1.1577799999999983,1.1578699999999984,1846
2026-07-20T06:15:00+00:00,1.1578699999999984,1.1581099999999982,1.1577899999999983,1.1578199999999983,1830
2026-07-20T06:30:00+00:00,1.1578199999999983,1.1580799999999982,1.1575799999999983,1.1577599999999983,1865
2026-07-20T06:45:00+00:00,1.1577599999999983,1.1581099999999982,1.1576499999999983,1.1576799999999983,1585
2026-07-20T07:00:00+00:00,1.1576799999999983,1.1581099999999982,1.1575999999999984,1.1576599999999984,1904
2026-07-20T07:15:00+00:00,1.1576599999999984,1.1584199999999982,1.1576199999999983,1.1584199999999982,2282
2026-07-20T07:30:00+00:00,1.1584199999999982,1.1591299999999982,1.1583599999999983,1.1589699999999983,3474
2026-07-20T07:45:00+00:00,1.1589699999999983,1.1590599999999982,1.1583899999999983,1.1585899999999982,2348
2026-07-20T08:00:00+00:00,1.1585899999999982,1.1587099999999984,1.1583299999999983,1.1583999999999983,1652
2026-07-20T08:15:00+00:00,1.1583999999999983,1.1584699999999983,1.1579599999999983,1.1579899999999983,1755
2026-07-20T08:30:00+00:00,1.1579899999999983,1.1585399999999983,1.1579199999999983,1.1582599999999983,1606
2026-07-20T08:45:00+00:00,1.1582599999999983,1.1583299999999983,1.1579399999999984,1.1580699999999984,1566
2026-07-20T09:00:00+00:00,1.1580699999999984,1.1581399999999984,1.1574899999999984,1.1575999999999984,1692
2026-07-20T09:15:00+00:00,1.1575999999999984,1.1576999999999984,1.1572299999999982,1.1572499999999983,1443
2026-07-20T09:30:00+00:00,1.1572499999999983,1.1574199999999983,1.1570899999999984,1.1573399999999983,1215
2026-07-20T09:45:00+00:00,1.1573399999999983,1.1573399999999983,1.1569099999999983,1.1571699999999983,1589
2026-07-20T10:00:00+00:00,1.1571699999999983,1.1574999999999982,1.1570099999999983,1.1573399999999983,1625
2026-07-20T10:15:00+00:00,1.1573399999999983,1.1574399999999982,1.1572799999999983,1.1573299999999984,1068
2026-07-20T10:30:00+00:00,1.1573299999999984,1.1577699999999984,1.1572799999999983,1.1576199999999983,1236
2026-07-20T10:45:00+00:00,1.1576199999999983,1.1576599999999984,1.1572199999999984,1.1572799999999983,1454
2026-07-20T11:00:00+00:00,1.1572799999999983,1.1575299999999984,1.1570299999999982,1.1572099999999983,1740
2026-07-20T11:15:00+00:00,1.1572099999999983,1.1575199999999983,1.1571899999999984,1.1575099999999983,1067
2026-07-20T11:30:00+00:00,1.1575099999999983,1.1582099999999984,1.1575099999999983,1.1576599999999984,4896
2026-07-20T11:45:00+00:00,1.1576599999999984,1.1576799999999983,1.1569799999999983,1.1571199999999984,2050
2026-07-20T12:00:00+00:00,1.1571199999999984,1.1571799999999983,1.1562699999999984,1.1563999999999983,3411
2026-07-20T12:15:00+00:00,1.1563999999999983,1.1564099999999984,1.1558899999999983,1.1560999999999984,2438
2026-07-20T12:30:00+00:00,1.1560999999999984,1.1565399999999983,1.1558699999999984,1.1561699999999984,2150
2026-07-20T12:45:00+00:00,1.1561699999999984,1.1569599999999982,1.1561699999999984,1.1565399999999983,2132
2026-07-20T13:00:00+00:00,1.1565399999999983,1.1566299999999983,1.1559699999999984,1.1561399999999984,2155
2026-07-20T13:15:00+00:00,1.1561399999999984,1.1562399999999984,1.1558799999999982,1.1561099999999982,1756
2026-07-20T13:30:00+00:00,1.1561099999999982,1.1561699999999984,1.1556299999999984,1.1556799999999983,2518
2026-07-20T13:45:00+00:00,1.1556799999999983,1.1560099999999982,1.1556199999999983,1.1556899999999983,2210
2026-07-20T14:00:00+00:00,1.1556899999999983,1.1558099999999982,1.1553599999999984,1.1556299999999984,2201
2026-07-20T14:15:00+00:00,1.1556299999999984,1.1559399999999984,1.1554299999999984,1.1558099999999982,2278
2026-07-20T14:30:00+00:00,1.1558099999999982,1.1558099999999982,1.1548199999999984,1.1548399999999983,2492
2026-07-20T14:45:00+00:00,1.1548399999999983,1.1552199999999984,1.1544199999999982,1.1548299999999982,3012
2026-07-20T15:00:00+00:00,1.1548299999999982,1.1552099999999983,1.1546499999999984,1.1549099999999983,3586
2026-07-20T15:15:00+00:00,1.1549099999999983,1.1551499999999983,1.1546999999999983,1.1551199999999984,1856
2026-07-20T15:30:00+00:00,1.1551199999999984,1.1553099999999983,1.1548699999999983,1.1549899999999984,1806
2026-07-20T15:45:00+00:00,1.1549899999999984,1.1554099999999983,1.1549899999999984,1.1553099999999983,1465
2026-07-20T16:00:00+00:00,1.1553099999999983,1.1557499999999983,1.1552599999999984,1.1557499999999983,1587
2026-07-20T16:15:00+00:00,1.1557499999999983,1.1558899999999983,1.1555099999999983,1.1555799999999983,1471
2026-07-20T16:30:00+00:00,1.1555799999999983,1.1556999999999984,1.1549299999999982,1.1552899999999984,2170
2026-07-20T16:45:00+00:00,1.1552899999999984,1.1553599999999984,1.1551399999999983,1.1553299999999984,1493
2026-07-20T17:00:00+00:00,1.1553299999999984,1.1556299999999984,1.1552899999999984,1.1553499999999983,1668
2026-07-20T17:15:00+00:00,1.1553499999999983,1.1557099999999982,1.1553499999999983,1.1556599999999984,1067
2026-07-20T17:30:00+00:00,1.1556599999999984,1.1556599999999984,1.1554499999999983,1.1555099999999983,1031
2026-07-20T17:45:00+00:00,1.1555099999999983,1.1556499999999983,1.1554399999999982,1.1555699999999982,878
2026-07-20T18:00:00+00:00,1.1555699999999982,1.1558399999999982,1.1555599999999984,1.1558399999999982,904
2026-07-20T18:15:00+00:00,1.1558399999999982,1.1560599999999983,1.1558099999999982,1.1558999999999984,1276
2026-07-20T18:30:00+00:00,1.1558999999999984,1.1559099999999982,1.1555799999999983,1.1555899999999983,1024
2026-07-20T18:45:00+00:00,1.1555899999999983,1.1557399999999982,1.1554999999999982,1.1556999999999984,1260
2026-07-20T19:00:00+00:00,1.1556999999999984,1.1558099999999982,1.1555499999999983,1.1555999999999984,905
2026-07-20T19:15:00+00:00,1.1555999999999984,1.1559599999999983,1.1555199999999983,1.1558999999999984,1174
2026-07-20T19:30:00+00:00,1.1558999999999984,1.1559899999999983,1.1557499999999983,1.1557999999999984,1304
2026-07-20T19:45:00+00:00,1.1557999999999984,1.1559099999999982,1.1556399999999982,1.1557499999999983,1131
2026-07-20T20:00:00+00:00,1.1557499999999983,1.1558699999999984,1.1555399999999982,1.1555999999999984,568
2026-07-20T20:15:00+00:00,1.1555999999999984,1.1556599999999984,1.1554399999999982,1.1556399999999982,372
2026-07-20T20:30:00+00:00,1.1556399999999982,1.1556499999999983,1.1554499999999983,1.1554999999999982,257
2026-07-20T20:45:00+00:00,1.1554999999999982,1.1556399999999982,1.1554399999999982,1.1555499999999983,501
2026-07-20T21:00:00+00:00,1.1555499999999983,1.1556899999999983,1.1552099999999983,1.155509999999998,80.26482957170097
2026-07-20T21:15:00+00:00,1.155509999999998,1.1556599999999981,1.1552699999999982,1.1552699999999982,176.52408747039607
2026-07-20T21:30:00+00:00,1.1552699999999982,1.1553399999999983,1.1550999999999982,1.155179999999998,370
2026-07-20T21:45:00+00:00,1.155179999999998,1.1551899999999982,1.155109999999998,1.1551599999999982,283
2026-07-20T22:00:00+00:00,1.1551599999999982,1.1553899999999981,1.1551599999999982,1.155379999999998,760
2026-07-20T22:15:00+00:00,1.155379999999998,1.1554599999999982,1.1553299999999982,1.1553899999999981,263
2026-07-20T22:30:00+00:00,1.1553899999999981,1.1553999999999982,1.1553199999999981,1.1553999999999982,223
2026-07-20T22:45:00+00:00,1.1553999999999982,1.155549999999998,1.1553999999999982,1.1554899999999981,349
2026-07-20T23:00:00+00:00,1.1554899999999981,1.1555399999999982,1.1554299999999982,1.1555299999999982,256
2026-07-20T23:15:00+00:00,1.1555299999999982,1.155579999999998,1.1554399999999982,1.1554899999999981,220
2026-07-20T23:30:00+00:00,1.1554899999999981,1.1555399999999982,1.1554699999999982,1.155479999999998,278
2026-07-20T23:45:00+00:00,1.155479999999998,1.155789999999998,1.1554699999999982,1.1557799999999983,484
2026-07-21T00:00:00+00:00,1.1557799999999983,1.156019999999998,1.155719999999998,1.1557799999999983,1618
2026-07-21T00:15:00+00:00,1.1557799999999983,1.1557999999999982,1.1553999999999982,1.1554599999999982,998
2026-07-21T00:30:00+00:00,1.1554599999999982,1.1555999999999982,1.1553299999999982,1.1555999999999982,728
2026-07-21T00:45:00+00:00,1.1555999999999982,1.1557999999999982,1.1554999999999982,1.155509999999998,1042
2026-07-21T01:00:00+00:00,1.155509999999998,1.155719999999998,1.1553999999999982,1.155519999999998,986
2026-07-21T01:15:00+00:00,1.155519999999998,1.155849999999998,1.1554899999999981,1.155649999999998,1249
2026-07-21T01:30:00+00:00,1.155649999999998,1.155789999999998,1.1554399999999982,1.1557599999999981,1420
2026-07-21T01:45:00+00:00,1.1557599999999981,1.1557999999999982,1.1555999999999982,1.1556399999999982,974
2026-07-21T02:00:00+00:00,1.1556399999999982,1.1557999999999982,1.1556399999999982,1.155689999999998,875
2026-07-21T02:15:00+00:00,1.155689999999998,1.1557999999999982,1.1555299999999982,1.1555399999999982,1043
2026-07-21T02:30:00+00:00,1.1555399999999982,1.155689999999998,1.155519999999998,1.1555299999999982,800
2026-07-21T02:45:00+00:00,1.1555299999999982,1.1555299999999982,1.1552299999999982,1.1552899999999982,728
2026-07-21T03:00:00+00:00,1.1552899999999982,1.1554399999999982,1.155079999999998,1.155139999999998,835
2026-07-21T03:15:00+00:00,1.155139999999998,1.155349999999998,1.1551199999999981,1.1552899999999982,826
2026-07-21T03:30:00+00:00,1.1552899999999982,1.155509999999998,1.155279999999998,1.1554599999999982,728
2026-07-21T03:45:00+00:00,1.1554599999999982,1.155719999999998,1.1554199999999981,1.1554299999999982,695
2026-07-21T04:00:00+00:00,1.1554299999999982,1.1556999999999982,1.155409999999998,1.1556699999999982,727
2026-07-21T04:15:00+00:00,1.1556699999999982,1.155749999999998,1.155649999999998,1.155649999999998,494
2026-07-21T04:30:00+00:00,1.155649999999998,1.1558699999999982,1.155649999999998,1.1558399999999982,651
2026-07-21T04:45:00+00:00,1.1558399999999982,1.155989999999998,1.1557999999999982,1.1559799999999982,650
2026-07-21T05:00:00+00:00,1.1559799999999982,1.1561099999999982,1.1557699999999982,1.1557999999999982,849
2026-07-21T05:15:00+00:00,1.1557999999999982,1.1559499999999983,1.155789999999998,1.1559099999999982,731
2026-07-21T05:30:00+00:00,1.1559099999999982,1.156359999999998,1.1559099999999982,1.156329999999998,1097
2026-07-21T05:45:00+00:00,1.156329999999998,1.1563399999999981,1.1558999999999982,1.1559499999999983,860
2026-07-21T06:00:00+00:00,1.1559499999999983,1.1562199999999982,1.1559099999999982,1.1560999999999981,1491
2026-07-21T06:15:00+00:00,1.1560999999999981,1.1563699999999981,1.156059999999998,1.1561999999999981,1469
2026-07-21T06:30:00+00:00,1.1561999999999981,1.1564399999999981,1.1560999999999981,1.1563899999999983,1463
2026-07-21T06:45:00+00:00,1.1563899999999983,1.1565399999999981,1.1561799999999982,1.1563099999999982,1737
2026-07-21T07:00:00+00:00,1.1563099999999982,1.1568499999999982,1.1563099999999982,1.1563799999999982,1998
2026-07-21T07:15:00+00:00,1.1563799999999982,1.156939999999998,1.1563699999999981,1.1566099999999981,1966
2026-07-21T07:30:00+00:00,1.1566099999999981,1.156699999999998,1.156399999999998,1.1564499999999982,1470
2026-07-21T07:45:00+00:00,1.1564499999999982,1.1565199999999982,1.1562399999999982,1.156459999999998,1501
2026-07-21T08:00:00+00:00,1.156459999999998,1.1565499999999982,1.156289999999998,1.1564899999999982,1428
2026-07-21T08:15:00+00:00,1.1564899999999982,1.156799999999998,1.1563899999999983,1.1564499999999982,1503
2026-07-21T08:30:00+00:00,1.1564499999999982,1.1565199999999982,1.1560099999999982,1.156499999999998,1399
2026-07-21T08:45:00+00:00,1.156499999999998,1.156529999999998,1.156229999999998,1.156289999999998,1272
2026-07-21T09:00:00+00:00,1.156289999999998,1.1565099999999982,1.156259999999998,1.1564099999999982,891
2026-07-21T09:15:00+00:00,1.1564099999999982,1.1566899999999982,1.156259999999998,1.156289999999998,1228
2026-07-21T09:30:00+00:00,1.156289999999998,1.157039999999998,1.1561999999999981,1.156529999999998,1419
2026-07-21T09:45:00+00:00,1.156529999999998,1.156729999999998,1.156429999999998,1.156429999999998,1158
2026-07-21T10:00:00+00:00,1.156429999999998,1.1569499999999981,1.156359999999998,1.1566199999999982,1661
2026-07-21T10:15:00+00:00,1.1566199999999982,1.1569299999999982,1.1565799999999982,1.156869999999998,1153
2026-07-21T10:30:00+00:00,1.156869999999998,1.157039999999998,1.1566199999999982,1.1566599999999982,1392
2026-07-21T10:45:00+00:00,1.1566599999999982,1.1566599999999982,1.1561799999999982,1.1561999999999981,1708
2026-07-21T11:00:00+00:00,1.1561999999999981,1.156299999999998,1.1558399999999982,1.1561499999999982,1847
2026-07-21T11:15:00+00:00,1.1561499999999982,1.1563499999999982,1.1560099999999982,1.1562199999999982,1299
2026-07-21T11:30:00+00:00,1.1562199999999982,1.1564799999999982,1.156189999999998,1.1564399999999981,1225
2026-07-21T11:45:00+00:00,1.1564399999999981,1.1564399999999981,1.155959999999998,1.1560999999999981,1438
2026-07-21T12:00:00+00:00,1.1560999999999981,1.156229999999998,1.155789999999998,1.155889999999998,1595
2026-07-21T12:15:00+00:00,1.155889999999998,1.1559499999999983,1.1556599999999981,1.155749999999998,1949
2026-07-21T12:30:00+00:00,1.155749999999998,1.156059999999998,1.1555299999999982,1.1557099999999982,1955
2026-07-21T12:45:00+00:00,1.1557099999999982,1.1560299999999981,1.155679999999998,1.1558999999999982,1883
2026-07-21T13:00:00+00:00,1.1558999999999982,1.155959999999998,1.155549999999998,1.1558399999999982,1901
2026-07-21T13:15:00+00:00,1.1558399999999982,1.155849999999998,1.1551299999999982,1.155239999999998,1806
2026-07-21T13:30:00+00:00,1.155239999999998,1.1555399999999982,1.1547299999999983,1.1548199999999982,3222
2026-07-21T13:45:00+00:00,1.1548199999999982,1.1554399999999982,1.154769999999998,1.1553199999999981,2782
2026-07-21T14:00:00+00:00,1.1553199999999981,1.1561499999999982,1.155309999999998,1.1560799999999982,2363
2026-07-21T14:15:00+00:00,1.1560799999999982,1.1560799999999982,1.155139999999998,1.155179999999998,2284
2026-07-21T14:30:00+00:00,1.155179999999998,1.1552899999999982,1.1545599999999983,1.154969999999998,2306
2026-07-21T14:45:00+00:00,1.154969999999998,1.1550599999999982,1.1544399999999981,1.154769999999998,3879
2026-07-21T15:00:00+00:00,1.154769999999998,1.1548099999999981,1.154459999999998,1.1547199999999982,2479
2026-07-21T15:15:00+00:00,1.1547199999999982,1.1553299999999982,1.1547199999999982,1.1550599999999982,2394
2026-07-21T15:30:00+00:00,1.1550599999999982,1.1553299999999982,1.1547599999999982,1.1547599999999982,2039
2026-07-21T15:45:00+00:00,1.1547599999999982,1.1549199999999982,1.1545599999999983,1.1549199999999982,1263
2026-07-21T16:00:00+00:00,1.1549199999999982,1.155139999999998,1.154869999999998,1.1549799999999981,1214
2026-07-21T16:15:00+00:00,1.1549799999999981,1.1550899999999982,1.154909999999998,1.155009999999998,867
2026-07-21T16:30:00+00:00,1.155009999999998,1.1552699999999982,1.1548799999999981,1.155179999999998,896
2026-07-21T16:45:00+00:00,1.155179999999998,1.155179999999998,1.1549599999999982,1.1549899999999982,817
2026-07-21T17:00:00+00:00,1.1549899999999982,1.1551199999999981,1.154909999999998,1.155069999999998,927
2026-07-21T17:15:00+00:00,1.155069999999998,1.1552199999999981,1.1549799999999981,1.1552199999999981,601
2026-07-21T17:30:00+00:00,1.1552199999999981,1.155239999999998,1.1548799999999981,1.1549599999999982,517
2026-07-21T17:45:00+00:00,1.1549599999999982,1.1550199999999982,1.1548199999999982,1.1548599999999982,840
2026-07-21T18:00:00+00:00,1.1548599999999982,1.154869999999998,1.154299999999998,1.154359999999998,1446
2026-07-21T18:15:00+00:00,1.154359999999998,1.1545099999999981,1.1540399999999982,1.154429999999998,1196
2026-07-21T18:30:00+00:00,1.154429999999998,1.154469999999998,1.1541099999999982,1.1543099999999982,867
2026-07-21T18:45:00+00:00,1.1543099999999982,1.1544899999999982,1.154259999999998,1.1544799999999982,997
2026-07-21T19:00:00+00:00,1.1544799999999982,1.1545899999999982,1.1542699999999981,1.154359999999998,895
2026-07-21T19:15:00+00:00,1.154359999999998,1.1545799999999982,1.1543499999999982,1.154499999999998,802
2026-07-21T19:30:00+00:00,1.154499999999998,1.1545199999999982,1.154229999999998,1.154299999999998,692
2026-07-21T19:45:00+00:00,1.154299999999998,1.1544799999999982,1.1542699999999981,1.1543499999999982,1073
2026-07-21T20:00:00+00:00,1.1543499999999982,1.1544899999999982,1.154289999999998,1.154289999999998,580
2026-07-21T20:15:00+00:00,1.154289999999998,1.154299999999998,1.1541499999999982,1.154299999999998,396
2026-07-21T20:30:00+00:00,1.154299999999998,1.1543099999999982,1.1542199999999982,1.1542399999999982,311
2026-07-21T20:45:00+00:00,1.1542399999999982,1.1542699999999981,1.1538999999999981,1.154019999999998,571
2026-07-21T21:00:00+00:00,1.154019999999998,1.154019999999998,1.1537399999999982,1.153859999999998,87
2026-07-21T21:15:00+00:00,1.153859999999998,1.153909999999998,1.1538399999999982,1.153909999999998,66.3845772425974
2026-07-21T21:30:00+00:00,1.153909999999998,1.154259999999998,1.153909999999998,1.154259999999998,225
2026-07-21T21:45:00+00:00,1.154259999999998,1.154259999999998,1.154079999999998,1.154149999999998,78
2026-07-21T22:00:00+00:00,1.154149999999998,1.154229999999998,1.1540699999999982,1.154129999999998,318
2026-07-21T22:15:00+00:00,1.154129999999998,1.154259999999998,1.154089999999998,1.154229999999998,249
2026-07-21T22:30:00+00:00,1.154229999999998,1.154259999999998,1.154159999999998,1.154209999999998,239.62701377769872
2026-07-21T22:45:00+00:00,1.154209999999998,1.154209999999998,1.154109999999998,1.1541399999999982,195
2026-07-21T23:00:00+00:00,1.1541399999999982,1.154179999999998,1.154019999999998,1.154129999999998,268
2026-07-21T23:15:00+00:00,1.154129999999998,1.1541699999999981,1.154059999999998,1.1540999999999981,329
2026-07-21T23:30:00+00:00,1.1540999999999981,1.154279999999998,1.1540999999999981,1.1542699999999981,203
2026-07-21T23:45:00+00:00,1.1542699999999981,1.1544399999999981,1.154209999999998,1.154419999999998,425
2026-07-22T00:00:00+00:00,1.154419999999998,1.154599999999998,1.154299999999998,1.154569999999998,1593
2026-07-22T00:15:00+00:00,1.154569999999998,1.154909999999998,1.154529999999998,1.1548799999999981,1537
2026-07-22T00:30:00+00:00,1.1548799999999981,1.154919999999998,1.154459999999998,1.1545399999999981,1620
2026-07-22T00:45:00+00:00,1.1545399999999981,1.1546399999999981,1.1543699999999981,1.154599999999998,1455
2026-07-22T01:00:00+00:00,1.154599999999998,1.154869999999998,1.154599999999998,1.154789999999998,1325
2026-07-22T01:15:00+00:00,1.154789999999998,1.154829999999998,1.154429999999998,1.154559999999998,1045
2026-07-22T01:30:00+00:00,1.154559999999998,1.154569999999998,1.154079999999998,1.154309999999998,1261
2026-07-22T01:45:00+00:00,1.154309999999998,1.154499999999998,1.154299999999998,1.154489999999998,827
2026-07-22T02:00:00+00:00,1.154489999999998,1.154689999999998,1.154309999999998,1.154669999999998,991
2026-07-22T02:15:00+00:00,1.154669999999998,1.155199999999998,1.1546099999999981,1.1549799999999981,1008
2026-07-22T02:30:00+00:00,1.1549799999999981,1.155029999999998,1.154829999999998,1.154919999999998,1205
2026-07-22T02:45:00+00:00,1.154919999999998,1.155039999999998,1.154759999999998,1.1547799999999981,960
2026-07-22T03:00:00+00:00,1.1547799999999981,1.154939999999998,1.154629999999998,1.154769999999998,1175
2026-07-22T03:15:00+00:00,1.154769999999998,1.154999999999998,1.154769999999998,1.154969999999998,820
2026-07-22T03:30:00+00:00,1.154969999999998,1.1549799999999981,1.1547799999999981,1.154829999999998,699
2026-07-22T03:45:00+00:00,1.154829999999998,1.154939999999998,1.1547799999999981,1.154929999999998,724
2026-07-22T04:00:00+00:00,1.154929999999998,1.1549499999999981,1.154689999999998,1.1547799999999981,724
2026-07-22T04:15:00+00:00,1.1547799999999981,1.154939999999998,1.154769999999998,1.154939999999998,583
2026-07-22T04:30:00+00:00,1.154939999999998,1.1550499999999981,1.154899999999998,1.155029999999998,451
2026-07-22T04:45:00+00:00,1.155029999999998,1.155039999999998,1.154929999999998,1.155039999999998,465
2026-07-22T05:00:00+00:00,1.155039999999998,1.155139999999998,1.154959999999998,1.1550199999999982,775
2026-07-22T05:15:00+00:00,1.1550199999999982,1.155159999999998,1.154919999999998,1.154929999999998,893
2026-07-22T05:30:00+00:00,1.154929999999998,1.154959999999998,1.154759999999998,1.154929999999998,1285
2026-07-22T05:45:00+00:00,1.154929999999998,1.155169999999998,1.154799999999998,1.1551499999999981,1443
2026-07-22T06:00:00+00:00,1.1551499999999981,1.155579999999998,1.155079999999998,1.155309999999998,1784
2026-07-22T06:15:00+00:00,1.155309999999998,1.155439999999998,1.154969999999998,1.1550499999999981,2209
2026-07-22T06:30:00+00:00,1.1550499999999981,1.155379999999998,1.154929999999998,1.1553199999999981,1692
2026-07-22T06:45:00+00:00,1.1553199999999981,1.1554199999999981,1.155029999999998,1.155399999999998,1573
2026-07-22T07:00:00+00:00,1.155399999999998,1.155499999999998,1.155059999999998,1.1554599999999982,1641
2026-07-22T07:15:00+00:00,1.1554599999999982,1.155699999999998,1.155269999999998,1.155499999999998,1660
2026-07-22T07:30:00+00:00,1.155499999999998,1.1560299999999981,1.154759999999998,1.154859999999998,3399
2026-07-22T07:45:00+00:00,1.154859999999998,1.155309999999998,1.154549999999998,1.155129999999998,2105
2026-07-22T08:00:00+00:00,1.155129999999998,1.155229999999998,1.154719999999998,1.154739999999998,2300
2026-07-22T08:15:00+00:00,1.154739999999998,1.155179999999998,1.1546099999999981,1.155039999999998,1617
2026-07-22T08:30:00+00:00,1.155039999999998,1.155449999999998,1.155039999999998,1.155329999999998,2038
2026-07-22T08:45:00+00:00,1.155329999999998,1.155429999999998,1.1550199999999982,1.155199999999998,1498
2026-07-22T09:00:00+00:00,1.155199999999998,1.155429999999998,1.1550199999999982,1.155169999999998,1641
2026-07-22T09:15:00+00:00,1.155169999999998,1.1552199999999981,1.154969999999998,1.155129999999998,1344
2026-07-22T09:30:00+00:00,1.155129999999998,1.155529999999998,1.1550499999999981,1.155069999999998,1761
2026-07-22T09:45:00+00:00,1.155069999999998,1.1551499999999981,1.154629999999998,1.1546799999999982,1992
2026-07-22T10:00:00+00:00,1.1546799999999982,1.1547799999999981,1.1542399999999982,1.154489999999998,1764
2026-07-22T10:15:00+00:00,1.154489999999998,1.154959999999998,1.154429999999998,1.1547099999999981,1596
2026-07-22T10:30:00+00:00,1.1547099999999981,1.154819999999998,1.154549999999998,1.154729999999998,1354
2026-07-22T10:45:00+00:00,1.154729999999998,1.154899999999998,1.154479999999998,1.1545799999999982,1790
2026-07-22T11:00:00+00:00,1.1545799999999982,1.154699999999998,1.1544399999999981,1.154659999999998,1654
2026-07-22T11:15:00+00:00,1.154659999999998,1.154839999999998,1.154459999999998,1.154619999999998,1334
2026-07-22T11:30:00+00:00,1.154619999999998,1.154859999999998,1.1545399999999981,1.154719999999998,2105
2026-07-22T11:45:00+00:00,1.154719999999998,1.154939999999998,1.154589999999998,1.154889999999998,2167
2026-07-22T12:00:00+00:00,1.154889999999998,1.155349999999998,1.154859999999998,1.155349999999998,2187
2026-07-22T12:15:00+00:00,1.155349999999998,1.1553599999999982,1.155099999999998,1.1552199999999981,1867
2026-07-22T12:30:00+00:00,1.1552199999999981,1.155569999999998,1.155209999999998,1.155329999999998,1484
2026-07-22T12:45:00+00:00,1.155329999999998,1.155349999999998,1.154599999999998,1.154989999999998,2468
2026-07-22T13:00:00+00:00,1.154989999999998,1.155449999999998,1.154939999999998,1.155209999999998,2027
2026-07-22T13:15:00+00:00,1.155209999999998,1.155889999999998,1.155099999999998,1.155719999999998,1956
2026-07-22T13:30:00+00:00,1.155719999999998,1.156359999999998,1.155719999999998,1.155989999999998,2857
2026-07-22T13:45:00+00:00,1.155989999999998,1.156049999999998,1.1553899999999981,1.1555599999999981,2556
2026-07-22T14:00:00+00:00,1.1555599999999981,1.155959999999998,1.155269999999998,1.155839999999998,2495
2026-07-22T14:15:00+00:00,1.155839999999998,1.156049999999998,1.1552899999999982,1.155339999999998,2268
2026-07-22T14:30:00+00:00,1.155339999999998,1.155529999999998,1.155209999999998,1.1553199999999981,2562
2026-07-22T14:45:00+00:00,1.1553199999999981,1.155509999999998,1.154989999999998,1.155129999999998,2814
2026-07-22T15:00:00+00:00,1.155129999999998,1.155349999999998,1.155029999999998,1.1551899999999982,2174
2026-07-22T15:15:00+00:00,1.1551899999999982,1.1555899999999981,1.155029999999998,1.155579999999998,1307
2026-07-22T15:30:00+00:00,1.155579999999998,1.1555899999999981,1.1549499999999981,1.155229999999998,1978
2026-07-22T15:45:00+00:00,1.155229999999998,1.1555899999999981,1.155169999999998,1.155569999999998,1965
2026-07-22T16:00:00+00:00,1.155569999999998,1.155609999999998,1.1548499999999982,1.154939999999998,1847
2026-07-22T16:15:00+00:00,1.154939999999998,1.155379999999998,1.154829999999998,1.1552899999999982,1582
2026-07-22T16:30:00+00:00,1.1552899999999982,1.155429999999998,1.154959999999998,1.155079999999998,1507
2026-07-22T16:45:00+00:00,1.155079999999998,1.155209999999998,1.154969999999998,1.1551199999999981,1034
2026-07-22T17:00:00+00:00,1.1551199999999981,1.1554599999999982,1.155079999999998,1.155349999999998,935
2026-07-22T17:15:00+00:00,1.155349999999998,1.155469999999998,1.155279999999998,1.155349999999998,1280
2026-07-22T17:30:00+00:00,1.155349999999998,1.155369999999998,1.155009999999998,1.155199999999998,832
2026-07-22T17:45:00+00:00,1.155199999999998,1.1553199999999981,1.155099999999998,1.155209999999998,738
2026-07-22T18:00:00+00:00,1.155209999999998,1.155269999999998,1.155009999999998,1.155089999999998,827
2026-07-22T18:15:00+00:00,1.155089999999998,1.155259999999998,1.1550499999999981,1.155239999999998,1009
2026-07-22T18:30:00+00:00,1.155239999999998,1.155299999999998,1.155099999999998,1.1551199999999981,736
2026-07-22T18:45:00+00:00,1.1551199999999981,1.1553199999999981,1.1551199999999981,1.155299999999998,878
2026-07-22T19:00:00+00:00,1.155299999999998,1.155429999999998,1.155179999999998,1.155179999999998,777
2026-07-22T19:15:00+00:00,1.155179999999998,1.1553899999999981,1.155179999999998,1.1553199999999981,545
2026-07-22T19:30:00+00:00,1.1553199999999981,1.155349999999998,1.155239999999998,1.155329999999998,604
2026-07-22T19:45:00+00:00,1.155329999999998,1.1554199999999981,1.155129999999998,1.155329999999998,1035
2026-07-22T20:00:00+00:00,1.155329999999998,1.155469999999998,1.155259999999998,1.155379999999998,881
2026-07-22T20:15:00+00:00,1.155379999999998,1.1554599999999982,1.1553599999999982,1.1553599999999982,286
2026-07-22T20:30:00+00:00,1.1553599999999982,1.155449999999998,1.155279999999998,1.155429999999998,321
2026-07-22T20:45:00+00:00,1.155429999999998,1.155449999999998,1.155299999999998,1.155299999999998,600
2026-07-22T21:00:00+00:00,1.155299999999998,1.155299999999998,1.154739999999998,1.154909999999998,66.25674717758085
2026-07-22T21:15:00+00:00,1.154909999999998,1.1549799999999981,1.1548499999999982,1.154959999999998,231
2026-07-22T21:30:00+00:00,1.154959999999998,1.155009999999998,1.1547499999999982,1.154769999999998,294
2026-07-22T21:45:00+00:00,1.154769999999998,1.154939999999998,1.154759999999998,1.154939999999998,318
2026-07-22T22:00:00+00:00,1.154939999999998,1.155109999999998,1.154909999999998,1.154989999999998,417
2026-07-22T22:15:00+00:00,1.154989999999998,1.155029999999998,1.154929999999998,1.154959999999998,257
2026-07-22T22:30:00+00:00,1.154959999999998,1.1550199999999982,1.154799999999998,1.154839999999998,354
2026-07-22T22:45:00+00:00,1.154839999999998,1.1550199999999982,1.1548099999999981,1.154999999999998,397
2026-07-22T23:00:00+00:00,1.154999999999998,1.155159999999998,1.154999999999998,1.1551199999999981,377
2026-07-22T23:15:00+00:00,1.1551199999999981,1.155239999999998,1.155079999999998,1.155209999999998,310
2026-07-22T23:30:00+00:00,1.155209999999998,1.155309999999998,1.155169999999998,1.1552899999999982,263.94977843426886
2026-07-22T23:45:00+00:00,1.1552899999999982,1.1553599999999982,1.155209999999998,1.155349999999998,472
2026-07-23T00:00:00+00:00,1.155349999999998,1.155569999999998,1.155299999999998,1.155329999999998,1437
2026-07-23T00:15:00+00:00,1.155329999999998,1.155599999999998,1.1552499999999981,1.155399999999998,1029
2026-07-23T00:30:00+00:00,1.155399999999998,1.155569999999998,1.155379999999998,1.155549999999998,776
2026-07-23T00:45:00+00:00,1.155549999999998,1.155959999999998,1.155379999999998,1.155919999999998,1301
2026-07-23T01:00:00+00:00,1.155919999999998,1.156229999999998,1.155909999999998,1.155939999999998,1590
2026-07-23T01:15:00+00:00,1.155939999999998,1.156059999999998,1.1558599999999981,1.155959999999998,1015
2026-07-23T01:30:00+00:00,1.155959999999998,1.156219999999998,1.1558999999999982,1.155949999999998,2152
2026-07-23T01:45:00+00:00,1.155949999999998,1.1559999999999981,1.155809999999998,1.155839999999998,1555
2026-07-23T02:00:00+00:00,1.155839999999998,1.1560699999999982,1.155819999999998,1.1560299999999981,977
2026-07-23T02:15:00+00:00,1.1560299999999981,1.1562399999999982,1.1559699999999982,1.156219999999998,847
2026-07-23T02:30:00+00:00,1.156219999999998,1.156799999999998,1.156219999999998,1.1567799999999981,1261
2026-07-23T02:45:00+00:00,1.1567799999999981,1.1570199999999982,1.156759999999998,1.1569499999999981,1038
2026-07-23T03:00:00+00:00,1.1569499999999981,1.1571199999999982,1.156569999999998,1.156569999999998,1316
2026-07-23T03:15:00+00:00,1.156569999999998,1.157079999999998,1.1565399999999981,1.157059999999998,1118
2026-07-23T03:30:00+00:00,1.157059999999998,1.157199999999998,1.1569799999999981,1.157179999999998,905
2026-07-23T03:45:00+00:00,1.157179999999998,1.157259999999998,1.157069999999998,1.1571199999999982,1309
2026-07-23T04:00:00+00:00,1.1571199999999982,1.157749999999998,1.157039999999998,1.157599999999998,1735
2026-07-23T04:15:00+00:00,1.157599999999998,1.157709999999998,1.157259999999998,1.157689999999998,1317
2026-07-23T04:30:00+00:00,1.157689999999998,1.157779999999998,1.157379999999998,1.157399999999998,867
2026-07-23T04:45:00+00:00,1.157399999999998,1.157609999999998,1.157179999999998,1.1574599999999982,1213
2026-07-23T05:00:00+00:00,1.1574599999999982,1.157699999999998,1.157439999999998,1.157439999999998,961
2026-07-23T05:15:00+00:00,1.157439999999998,1.157439999999998,1.157079999999998,1.1572499999999981,1015
2026-07-23T05:30:00+00:00,1.1572499999999981,1.157299999999998,1.157099999999998,1.157199999999998,1069
2026-07-23T05:45:00+00:00,1.157199999999998,1.157369999999998,1.157129999999998,1.157179999999998,885
2026-07-23T06:00:00+00:00,1.157179999999998,1.157509999999998,1.157039999999998,1.1573599999999982,1742
2026-07-23T06:15:00+00:00,1.1573599999999982,1.157379999999998,1.1569799999999981,1.157059999999998,1528
2026-07-23T06:30:00+00:00,1.157059999999998,1.157059999999998,1.156649999999998,1.1568499999999982,1475
2026-07-23T06:45:00+00:00,1.1568499999999982,1.156989999999998,1.1565799999999982,1.156739999999998,1197
2026-07-23T07:00:00+00:00,1.156739999999998,1.156889999999998,1.156399999999998,1.156889999999998,2680
2026-07-23T07:15:00+00:00,1.156889999999998,1.156959999999998,1.1565799999999982,1.156749999999998,1628
2026-07-23T07:30:00+00:00,1.156749999999998,1.156939999999998,1.156429999999998,1.156449999999998,1693
2026-07-23T07:45:00+00:00,1.156449999999998,1.156749999999998,1.1561699999999981,1.156649999999998,2468
2026-07-23T08:00:00+00:00,1.156649999999998,1.156719999999998,1.156139999999998,1.156149999999998,1938
2026-07-23T08:15:00+00:00,1.156149999999998,1.156159999999998,1.155789999999998,1.155919999999998,1788
2026-07-23T08:30:00+00:00,1.155919999999998,1.155919999999998,1.154899999999998,1.1551199999999981,2527
2026-07-23T08:45:00+00:00,1.1551199999999981,1.1553899999999981,1.155059999999998,1.155259999999998,2333
2026-07-23T09:00:00+00:00,1.155259999999998,1.155719999999998,1.155209999999998,1.155279999999998,1982
2026-07-23T09:15:00+00:00,1.155279999999998,1.155519999999998,1.155169999999998,1.1552199999999981,1474
2026-07-23T09:30:00+00:00,1.1552199999999981,1.155639999999998,1.155169999999998,1.155619999999998,1722
2026-07-23T09:45:00+00:00,1.155619999999998,1.155679999999998,1.1553599999999982,1.155509999999998,1487
2026-07-23T10:00:00+00:00,1.155509999999998,1.155529999999998,1.155079999999998,1.155229999999998,1571
2026-07-23T10:15:00+00:00,1.155229999999998,1.155259999999998,1.1547799999999981,1.1549799999999981,1721
2026-07-23T10:30:00+00:00,1.1549799999999981,1.1551899999999982,1.154839999999998,1.154899999999998,1648
2026-07-23T10:45:00+00:00,1.154899999999998,1.1550199999999982,1.154519999999998,1.154649999999998,2376
2026-07-23T11:00:00+00:00,1.154649999999998,1.154869999999998,1.154449999999998,1.154769999999998,1704
2026-07-23T11:15:00+00:00,1.154769999999998,1.1548099999999981,1.153919999999998,1.153989999999998,2164
2026-07-23T11:30:00+00:00,1.153989999999998,1.154059999999998,1.152549999999998,1.1529199999999982,4223
2026-07-23T11:45:00+00:00,1.1529199999999982,1.153819999999998,1.1529199999999982,1.1536599999999981,3260
2026-07-23T12:00:00+00:00,1.1536599999999981,1.153719999999998,1.1532199999999981,1.153619999999998,2014
2026-07-23T12:15:00+00:00,1.153619999999998,1.153719999999998,1.152309999999998,1.152659999999998,2848
2026-07-23T12:30:00+00:00,1.152659999999998,1.152759999999998,1.151889999999998,1.152039999999998,3538
2026-07-23T12:45:00+00:00,1.152039999999998,1.152789999999998,1.151769999999998,1.152699999999998,3507
2026-07-23T13:00:00+00:00,1.152699999999998,1.152819999999998,1.151009999999998,1.151089999999998,4771
2026-07-23T13:15:00+00:00,1.151089999999998,1.152079999999998,1.151029999999998,1.1520299999999981,3849
2026-07-23T13:30:00+00:00,1.1520299999999981,1.152759999999998,1.151939999999998,1.152059999999998,4563
2026-07-23T13:45:00+00:00,1.152059999999998,1.152159999999998,1.1514199999999981,1.151449999999998,3760
2026-07-23T14:00:00+00:00,1.151449999999998,1.151809999999998,1.150969999999998,1.151369999999998,4358
2026-07-23T14:15:00+00:00,1.151369999999998,1.151439999999998,1.150589999999998,1.151239999999998,4442
2026-07-23T14:30:00+00:00,1.151239999999998,1.151569999999998,1.1509499999999981,1.150969999999998,3209
2026-07-23T14:45:00+00:00,1.150969999999998,1.1513599999999982,1.150659999999998,1.1513599999999982,3636
2026-07-23T15:00:00+00:00,1.1513599999999982,1.151739999999998,1.151229999999998,1.1515599999999981,3345
2026-07-23T15:15:00+00:00,1.1515599999999981,1.1517599999999981,1.1510199999999982,1.151329999999998,3600
2026-07-23T15:30:00+00:00,1.151329999999998,1.1517999999999982,1.150789999999998,1.151549999999998,3968
2026-07-23T15:45:00+00:00,1.151549999999998,1.1517599999999981,1.151259999999998,1.151479999999998,2384
2026-07-23T16:00:00+00:00,1.151479999999998,1.1519699999999982,1.1514599999999982,1.151939999999998,2247
2026-07-23T16:15:00+00:00,1.151939999999998,1.152049999999998,1.151479999999998,1.1520299999999981,2024
2026-07-23T16:30:00+00:00,1.1520299999999981,1.152159999999998,1.151789999999998,1.152039999999998,2025
2026-07-23T16:45:00+00:00,1.152039999999998,1.152229999999998,1.151889999999998,1.152209999999998,1600
2026-07-23T17:00:00+00:00,1.152209999999998,1.152289999999998,1.151869999999998,1.151879999999998,2084
2026-07-23T17:15:00+00:00,1.151879999999998,1.152049999999998,1.1517599999999981,1.1517999999999982,1749
2026-07-23T17:30:00+00:00,1.1517999999999982,1.151809999999998,1.1515899999999981,1.151599999999998,1444
2026-07-23T17:45:00+00:00,1.151599999999998,1.151709999999998,1.151339999999998,1.151349999999998,1439
2026-07-23T18:00:00+00:00,1.151349999999998,1.151709999999998,1.1513199999999981,1.151609999999998,1213
2026-07-23T18:15:00+00:00,1.151609999999998,1.151739999999998,1.151479999999998,1.151709999999998,1210
2026-07-23T18:30:00+00:00,1.151709999999998,1.1518299999999981,1.151599999999998,1.1516599999999981,946
2026-07-23T18:45:00+00:00,1.1516599999999981,1.151839999999998,1.151609999999998,1.151819999999998,900
2026-07-23T19:00:00+00:00,1.151819999999998,1.152009999999998,1.151699999999998,1.151719999999998,991
2026-07-23T19:15:00+00:00,1.151719999999998,1.1518999999999981,1.1515899999999981,1.1518999999999981,934
2026-07-23T19:30:00+00:00,1.1518999999999981,1.1521999999999981,1.1517999999999982,1.151809999999998,1315
2026-07-23T19:45:00+00:00,1.151809999999998,1.1520699999999982,1.151719999999998,1.151949999999998,1204
2026-07-23T20:00:00+00:00,1.151949999999998,1.1521399999999982,1.151949999999998,1.152019999999998,668
2026-07-23T20:15:00+00:00,1.152019999999998,1.1520999999999981,1.151909999999998,1.152089999999998,376
2026-07-23T20:30:00+00:00,1.152089999999998,1.152189999999998,1.151879999999998,1.151979999999998,426
2026-07-23T20:45:00+00:00,1.151979999999998,1.1520299999999981,1.151539999999998,1.151549999999998,494
2026-07-23T21:00:00+00:00,1.151549999999998,1.151699999999998,1.151339999999998,1.151689999999998,75
2026-07-23T21:15:00+00:00,1.151689999999998,1.1517599999999981,1.151689999999998,1.151719999999998,53.28963592605834
2026-07-23T21:30:00+00:00,1.151719999999998,1.1520399999999982,1.1516999999999982,1.1519099999999982,159.9553579873262
2026-07-23T21:45:00+00:00,1.1519099999999982,1.1521399999999982,1.1514899999999981,1.1515899999999981,347
2026-07-23T22:00:00+00:00,1.1515899999999981,1.1521099999999982,1.1515899999999981,1.152019999999998,399
2026-07-23T22:15:00+00:00,1.152019999999998,1.152159999999998,1.1519699999999982,1.1519999999999981,316
2026-07-23T22:30:00+00:00,1.1519999999999981,1.152059999999998,1.151919999999998,1.1520399999999982,246
2026-07-23T22:45:00+00:00,1.1520399999999982,1.152189999999998,1.1520399999999982,1.1521499999999982,134
2026-07-23T23:00:00+00:00,1.1521499999999982,1.152189999999998,1.1520799999999982,1.1520999999999981,311
2026-07-23T23:15:00+00:00,1.1520999999999981,1.1521499999999982,1.152089999999998,1.1521099999999982,229
2026-07-23T23:30:00+00:00,1.1521099999999982,1.1521999999999981,1.1518399999999982,1.1519399999999982,475
2026-07-23T23:45:00+00:00,1.1519399999999982,1.1521099999999982,1.151789999999998,1.151859999999998,878
2026-07-24T00:00:00+00:00,1.151859999999998,1.1522499999999982,1.1517399999999982,1.152089999999998,2205
2026-07-24T00:15:00+00:00,1.152089999999998,1.152229999999998,1.1520299999999981,1.1521699999999981,1391
2026-07-24T00:30:00+00:00,1.1521699999999981,1.1521699999999981,1.1519099999999982,1.1519399999999982,948
2026-07-24T00:45:00+00:00,1.1519399999999982,1.1526199999999982,1.151859999999998,1.1526199999999982,1473
2026-07-24T01:00:00+00:00,1.1526199999999982,1.152839999999998,1.152459999999998,1.1526099999999981,1646
2026-07-24T01:15:00+00:00,1.1526099999999981,1.152799999999998,1.1524099999999982,1.1524099999999982,1359
2026-07-24T01:30:00+00:00,1.1524099999999982,1.152839999999998,1.152389999999998,1.1528199999999982,1406
2026-07-24T01:45:00+00:00,1.1528199999999982,1.1529199999999982,1.1525399999999981,1.1526099999999981,1188
2026-07-24T02:00:00+00:00,1.1526099999999981,1.1527099999999981,1.152499999999998,1.1526799999999982,1202
2026-07-24T02:15:00+00:00,1.1526799999999982,1.152769999999998,1.152559999999998,1.1526499999999982,923
2026-07-24T02:30:00+00:00,1.1526499999999982,1.152969999999998,1.152629999999998,1.1526899999999982,879
2026-07-24T02:45:00+00:00,1.1526899999999982,1.1527099999999981,1.152299999999998,1.152299999999998,1188
2026-07-24T03:00:00+00:00,1.152299999999998,1.1523499999999982,1.151989999999998,1.152059999999998,992
2026-07-24T03:15:00+00:00,1.152059999999998,1.1521699999999981,1.151989999999998,1.1520999999999981,899
2026-07-24T03:30:00+00:00,1.1520999999999981,1.1524499999999982,1.1520999999999981,1.1524099999999982,905
2026-07-24T03:45:00+00:00,1.1524099999999982,1.152459999999998,1.1522799999999982,1.1524399999999981,782
2026-07-24T04:00:00+00:00,1.1524399999999981,1.152559999999998,1.1524199999999982,1.1525499999999982,829
2026-07-24T04:15:00+00:00,1.1525499999999982,1.152599999999998,1.152289999999998,1.152299999999998,688
2026-07-24T04:30:00+00:00,1.152299999999998,1.152359999999998,1.1519999999999981,1.1519999999999981,635
2026-07-24T04:45:00+00:00,1.1519999999999981,1.1521499999999982,1.151879999999998,1.152129999999998,797
2026-07-24T05:00:00+00:00,1.152129999999998,1.1523399999999981,1.1520399999999982,1.1522499999999982,1048
2026-07-24T05:15:00+00:00,1.1522499999999982,1.1524499999999982,1.152229999999998,1.1523799999999982,701
2026-07-24T05:30:00+00:00,1.1523799999999982,1.1525499999999982,1.1522499999999982,1.152299999999998,1016
2026-07-24T05:45:00+00:00,1.152299999999998,1.1523499999999982,1.151849999999998,1.151989999999998,1079
2026-07-24T06:00:00+00:00,1.151989999999998,1.1522099999999982,1.1519399999999982,1.1522099999999982,1581
2026-07-24T06:15:00+00:00,1.1522099999999982,1.1528499999999982,1.1521999999999981,1.1527499999999982,1680
2026-07-24T06:30:00+00:00,1.1527499999999982,1.1528599999999982,1.152559999999998,1.152599999999998,1523
2026-07-24T06:45:00+00:00,1.152599999999998,1.152909999999998,1.152529999999998,1.152899999999998,1888
2026-07-24T07:00:00+00:00,1.152899999999998,1.1537999999999982,1.1528499999999982,1.1535899999999981,2362
2026-07-24T07:15:00+00:00,1.1535899999999981,1.1541699999999981,1.153239999999998,1.1539099999999982,1975
2026-07-24T07:30:00+00:00,1.1539099999999982,1.154329999999998,1.1531999999999982,1.1534999999999982,2470
2026-07-24T07:45:00+00:00,1.1534999999999982,1.1534999999999982,1.153139999999998,1.1531899999999982,1570
2026-07-24T08:00:00+00:00,1.1531899999999982,1.1532599999999982,1.152799999999998,1.153009999999998,1974
2026-07-24T08:15:00+00:00,1.153009999999998,1.1530499999999981,1.1525799999999982,1.1529599999999982,1868
2026-07-24T08:30:00+00:00,1.1529599999999982,1.1529799999999981,1.1526899999999982,1.152799999999998,1992
2026-07-24T08:45:00+00:00,1.152799999999998,1.152829999999998,1.1523399999999981,1.152559999999998,2036
2026-07-24T09:00:00+00:00,1.152559999999998,1.152869999999998,1.1524499999999982,1.152729999999998,1698
2026-07-24T09:15:00+00:00,1.152729999999998,1.1529799999999981,1.152559999999998,1.1529199999999982,1516
2026-07-24T09:30:00+00:00,1.1529199999999982,1.1529499999999981,1.152569999999998,1.152839999999998,1525
2026-07-24T09:45:00+00:00,1.152839999999998,1.1531299999999982,1.1527499999999982,1.1531299999999982,1641
2026-07-24T10:00:00+00:00,1.1531299999999982,1.153279999999998,1.152939999999998,1.1530199999999982,1283
2026-07-24T10:15:00+00:00,1.1530199999999982,1.153509999999998,1.152969999999998,1.1532199999999981,1431
2026-07-24T10:30:00+00:00,1.1532199999999981,1.1533899999999981,1.152899999999998,1.1529299999999982,1381
2026-07-24T10:45:00+00:00,1.1529299999999982,1.153009999999998,1.152299999999998,1.1525099999999981,1725
2026-07-24T11:00:00+00:00,1.1525099999999981,1.1530299999999982,1.152359999999998,1.1530299999999982,1759
2026-07-24T11:15:00+00:00,1.1530299999999982,1.1530299999999982,1.152429999999998,1.152429999999998,1417
2026-07-24T11:30:00+00:00,1.152429999999998,1.152489999999998,1.1520399999999982,1.1521999999999981,1354
2026-07-24T11:45:00+00:00,1.1521999999999981,1.152319999999998,1.1513299999999982,1.151679999999998,2615
2026-07-24T12:00:00+00:00,1.151679999999998,1.1520399999999982,1.1513999999999982,1.151989999999998,2366
2026-07-24T12:15:00+00:00,1.151989999999998,1.1519999999999981,1.1514899999999981,1.151619999999998,2098
2026-07-24T12:30:00+00:00,1.151619999999998,1.151819999999998,1.1509499999999981,1.151039999999998,2087
2026-07-24T12:45:00+00:00,1.151039999999998,1.1513599999999982,1.1509499999999981,1.151209999999998,1916
2026-07-24T13:00:00+00:00,1.151209999999998,1.1514599999999982,1.1507099999999981,1.151239999999998,2678
2026-07-24T13:15:00+00:00,1.151239999999998,1.151619999999998,1.151139999999998,1.151269999999998,2576
2026-07-24T13:30:00+00:00,1.151269999999998,1.1515599999999981,1.1509899999999982,1.151379999999998,2595
2026-07-24T13:45:00+00:00,1.151379999999998,1.151879999999998,1.151079999999998,1.1518699999999982,2309
2026-07-24T14:00:00+00:00,1.1518699999999982,1.1521399999999982,1.151249999999998,1.1514199999999981,3007
2026-07-24T14:15:00+00:00,1.1514199999999981,1.152049999999998,1.1514199999999981,1.1517599999999981,2901
2026-07-24T14:30:00+00:00,1.1517599999999981,1.1521099999999982,1.151689999999998,1.1518299999999981,2244
2026-07-24T14:45:00+00:00,1.1518299999999981,1.152299999999998,1.151719999999998,1.1520299999999981,3407
2026-07-24T15:00:00+00:00,1.1520299999999981,1.1531199999999981,1.151919999999998,1.1529499999999981,4200
2026-07-24T15:15:00+00:00,1.1529499999999981,1.1532899999999981,1.152639999999998,1.1526899999999982,4232
2026-07-24T15:30:00+00:00,1.1526899999999982,1.153139999999998,1.1525899999999982,1.152669999999998,2670
2026-07-24T15:45:00+00:00,1.152669999999998,1.152869999999998,1.152469999999998,1.152669999999998,1812
2026-07-24T16:00:00+00:00,1.152669999999998,1.1528099999999981,1.1523799999999982,1.152729999999998,1303
2026-07-24T16:15:00+00:00,1.152729999999998,1.1528599999999982,1.152399999999998,1.1525499999999982,1148
2026-07-24T16:30:00+00:00,1.1525499999999982,1.152599999999998,1.1521699999999981,1.1522499999999982,1332
2026-07-24T16:45:00+00:00,1.1522499999999982,1.1522699999999981,1.1519799999999982,1.1519799999999982,1050
2026-07-24T17:00:00+00:00,1.1519799999999982,1.1519999999999981,1.151239999999998,1.151349999999998,2340
2026-07-24T17:15:00+00:00,1.151349999999998,1.151449999999998,1.151079999999998,1.1513999999999982,1006
2026-07-24T17:30:00+00:00,1.1513999999999982,1.1514699999999982,1.151039999999998,1.151139999999998,909
2026-07-24T17:45:00+00:00,1.151139999999998,1.151239999999998,1.150969999999998,1.1511599999999982,620
2026-07-24T18:00:00+00:00,1.1511599999999982,1.151279999999998,1.150999999999998,1.1511899999999982,804
2026-07-24T18:15:00+00:00,1.1511899999999982,1.1513299999999982,1.1509899999999982,1.1511299999999982,909
2026-07-24T18:30:00+00:00,1.1511299999999982,1.1511999999999982,1.1509499999999981,1.1510899999999982,859
2026-07-24T18:45:00+00:00,1.1510899999999982,1.151269999999998,1.1510899999999982,1.1511999999999982,658
2026-07-24T19:00:00+00:00,1.1511999999999982,1.151339999999998,1.151179999999998,1.151249999999998,947
2026-07-24T19:15:00+00:00,1.151249999999998,1.151279999999998,1.1510299999999982,1.151079999999998,844
2026-07-24T19:30:00+00:00,1.151079999999998,1.151439999999998,1.1510299999999982,1.151339999999998,1097
2026-07-24T19:45:00+00:00,1.151339999999998,1.1513699999999982,1.1511999999999982,1.151209999999998,663
2026-07-24T20:00:00+00:00,1.151209999999998,1.151269999999998,1.151179999999998,1.1511899999999982,471
2026-07-24T20:15:00+00:00,1.1511899999999982,1.1511899999999982,1.1510199999999982,1.1510499999999981,331
2026-07-24T20:30:00+00:00,1.1510499999999981,1.151139999999998,1.1509499999999981,1.151079999999998,277
2026-07-24T20:45:00+00:00,1.151079999999998,1.1512999999999982,1.1510499999999981,1.151129999999998,825.2144082332761
2026-07-26T21:00:00+00:00,1.151129999999998,1.151529999999998,1.151109999999998,1.151509999999998,217.68395566889538
2026-07-26T21:15:00+00:00,1.151509999999998,1.151769999999998,1.151299999999998,1.151349999999998,354
2026-07-26T21:30:00+00:00,1.151349999999998,1.151569999999998,1.151029999999998,1.151329999999998,266
2026-07-26T21:45:00+00:00,1.151329999999998,1.151669999999998,1.150909999999998,1.150999999999998,232.56710957057578
2026-07-26T22:00:00+00:00,1.150999999999998,1.152239999999998,1.1509799999999981,1.151559999999998,1491
2026-07-26T22:15:00+00:00,1.151559999999998,1.151649999999998,1.151289999999998,1.151399999999998,978
2026-07-26T22:30:00+00:00,1.151399999999998,1.151439999999998,1.151279999999998,1.151409999999998,613
2026-07-26T22:45:00+00:00,1.151409999999998,1.1514199999999981,1.151039999999998,1.151159999999998,533
2026-07-26T23:00:00+00:00,1.151159999999998,1.151349999999998,1.1511099999999979,1.151119999999998,578.3168232280102
2026-07-26T23:15:00+00:00,1.151119999999998,1.151219999999998,1.151059999999998,1.151139999999998,474
2026-07-26T23:30:00+00:00,1.151139999999998,1.151539999999998,1.151139999999998,1.151479999999998,419
2026-07-26T23:45:00+00:00,1.151479999999998,1.151739999999998,1.151339999999998,1.151679999999998,900
2026-07-27T00:00:00+00:00,1.151679999999998,1.152579999999998,1.151679999999998,1.152579999999998,2405
2026-07-27T00:15:00+00:00,1.152579999999998,1.1534499999999979,1.152339999999998,1.153319999999998,2735
2026-07-27T00:30:00+00:00,1.153319999999998,1.1535199999999979,1.1526399999999979,1.1526699999999979,2291
2026-07-27T00:45:00+00:00,1.1526699999999979,1.152759999999998,1.152279999999998,1.152379999999998,1665
2026-07-27T01:00:00+00:00,1.152379999999998,1.152949999999998,1.152379999999998,1.152749999999998,2120
2026-07-27T01:15:00+00:00,1.152749999999998,1.152989999999998,1.152699999999998,1.1528399999999979,1550
2026-07-27T01:30:00+00:00,1.1528399999999979,1.1531099999999979,1.152579999999998,1.152969999999998,1366
2026-07-27T01:45:00+00:00,1.152969999999998,1.153649999999998,1.152969999999998,1.153649999999998,1519
2026-07-27T02:00:00+00:00,1.153649999999998,1.153659999999998,1.153199999999998,1.1532499999999979,1707
2026-07-27T02:15:00+00:00,1.1532499999999979,1.153309999999998,1.152979999999998,1.1532499999999979,833
2026-07-27T02:30:00+00:00,1.1532499999999979,1.1532799999999979,1.1530099999999979,1.153099999999998,1229
2026-07-27T02:45:00+00:00,1.153099999999998,1.153119999999998,1.152779999999998,1.152779999999998,1025
2026-07-27T03:00:00+00:00,1.152779999999998,1.1529399999999979,1.152529999999998,1.152579999999998,1110
2026-07-27T03:15:00+00:00,1.152579999999998,1.152689999999998,1.152529999999998,1.152589999999998,710
2026-07-27T03:30:00+00:00,1.152589999999998,1.152629999999998,1.152359999999998,1.152559999999998,958
2026-07-27T03:45:00+00:00,1.152559999999998,1.152699999999998,1.152539999999998,1.152589999999998,519
2026-07-27T04:00:00+00:00,1.152589999999998,1.152699999999998,1.152529999999998,1.1526699999999979,585
2026-07-27T04:15:00+00:00,1.1526699999999979,1.1527399999999979,1.152489999999998,1.152529999999998,620
2026-07-27T04:30:00+00:00,1.152529999999998,1.152699999999998,1.152509999999998,1.152549999999998,532
2026-07-27T04:45:00+00:00,1.152549999999998,1.152659999999998,1.152429999999998,1.152589999999998,576
2026-07-27T05:00:00+00:00,1.152589999999998,1.152929999999998,1.1524699999999979,1.152919999999998,916
2026-07-27T05:15:00+00:00,1.152919999999998,1.152979999999998,1.152679999999998,1.152829999999998,759
2026-07-27T05:30:00+00:00,1.152829999999998,1.152899999999998,1.152579999999998,1.152689999999998,1020
2026-07-27T05:45:00+00:00,1.152689999999998,1.152929999999998,1.152589999999998,1.1528399999999979,821
2026-07-27T06:00:00+00:00,1.1528399999999979,1.153599999999998,1.152779999999998,1.153429999999998,1898
2026-07-27T06:15:00+00:00,1.153429999999998,1.153559999999998,1.152969999999998,1.153509999999998,2003
2026-07-27T06:30:00+00:00,1.153509999999998,1.154049999999998,1.153189999999998,1.153739999999998,1941
2026-07-27T06:45:00+00:00,1.153739999999998,1.153739999999998,1.1529399999999979,1.153039999999998,1915
2026-07-27T07:00:00+00:00,1.153039999999998,1.153209999999998,1.152689999999998,1.153199999999998,2306
2026-07-27T07:15:00+00:00,1.153199999999998,1.153209999999998,1.152799999999998,1.1529399999999979,2721
2026-07-27T07:30:00+00:00,1.1529399999999979,1.1529399999999979,1.152349999999998,1.152479999999998,2410
2026-07-27T07:45:00+00:00,1.152479999999998,1.152529999999998,1.151829999999998,1.151839999999998,2034
2026-07-27T08:00:00+00:00,1.151839999999998,1.152169999999998,1.151759999999998,1.1518599999999979,2447
2026-07-27T08:15:00+00:00,1.1518599999999979,1.151949999999998,1.151699999999998,1.151769999999998,2004
2026-07-27T08:30:00+00:00,1.151769999999998,1.152369999999998,1.151769999999998,1.152099999999998,1642
2026-07-27T08:45:00+00:00,1.152099999999998,1.152549999999998,1.151879999999998,1.152439999999998,1678
2026-07-27T09:00:00+00:00,1.152439999999998,1.152549999999998,1.152009999999998,1.152029999999998,1668
2026-07-27T09:15:00+00:00,1.152029999999998,1.152179999999998,1.151749999999998,1.151749999999998,1481
2026-07-27T09:30:00+00:00,1.151749999999998,1.1520599999999979,1.1516899999999979,1.1519599999999979,1440
2026-07-27T09:45:00+00:00,1.1519599999999979,1.152099999999998,1.1517899999999979,1.151869999999998,1417
2026-07-27T10:00:00+00:00,1.151869999999998,1.152349999999998,1.151579999999998,1.151759999999998,1698
2026-07-27T10:15:00+00:00,1.151759999999998,1.152219999999998,1.151759999999998,1.151979999999998,1918
2026-07-27T10:30:00+00:00,1.151979999999998,1.152369999999998,1.151909999999998,1.152279999999998,1622
2026-07-27T10:45:00+00:00,1.152279999999998,1.152279999999998,1.151679999999998,1.151759999999998,1577
2026-07-27T11:00:00+00:00,1.151759999999998,1.151829999999998,1.151379999999998,1.151389999999998,1785
2026-07-27T11:15:00+00:00,1.151389999999998,1.151659999999998,1.151339999999998,1.151339999999998,1223
2026-07-27T11:30:00+00:00,1.151339999999998,1.151749999999998,1.151309999999998,1.151379999999998,2117
2026-07-27T11:45:00+00:00,1.151379999999998,1.1514499999999979,1.1507399999999979,1.150879999999998,1595
2026-07-27T12:00:00+00:00,1.150879999999998,1.151259999999998,1.150589999999998,1.1506399999999979,2092
2026-07-27T12:15:00+00:00,1.1506399999999979,1.150849999999998,1.150559999999998,1.150559999999998,1752
2026-07-27T12:30:00+00:00,1.150559999999998,1.150599999999998,1.1498599999999979,1.150259999999998,1811
2026-07-27T12:45:00+00:00,1.150259999999998,1.150779999999998,1.150209999999998,1.150559999999998,2284
2026-07-27T13:00:00+00:00,1.150559999999998,1.150879999999998,1.150149999999998,1.150589999999998,3217
2026-07-27T13:15:00+00:00,1.150589999999998,1.150609999999998,1.1499599999999979,1.150159999999998,2120
2026-07-27T13:30:00+00:00,1.150159999999998,1.1505699999999979,1.150099999999998,1.150269999999998,3147
2026-07-27T13:45:00+00:00,1.150269999999998,1.150339999999998,1.149469999999998,1.149639999999998,2633
2026-07-27T14:00:00+00:00,1.149639999999998,1.149909999999998,1.149329999999998,1.149829999999998,2718
2026-07-27T14:15:00+00:00,1.149829999999998,1.149849999999998,1.1492499999999979,1.1492499999999979,2053
2026-07-27T14:30:00+00:00,1.1492499999999979,1.149659999999998,1.149189999999998,1.149339999999998,2146
2026-07-27T14:45:00+00:00,1.149339999999998,1.1497199999999979,1.149099999999998,1.1494499999999979,2341
2026-07-27T15:00:00+00:00,1.1494499999999979,1.149549999999998,1.149059999999998,1.149359999999998,2194
2026-07-27T15:15:00+00:00,1.149359999999998,1.149879999999998,1.149339999999998,1.149849999999998,1958
2026-07-27T15:30:00+00:00,1.149849999999998,1.1498599999999979,1.149589999999998,1.149739999999998,1745
2026-07-27T15:45:00+00:00,1.149739999999998,1.150039999999998,1.149569999999998,1.149729999999998,1526
2026-07-27T16:00:00+00:00,1.149729999999998,1.149969999999998,1.149579999999998,1.149849999999998,1744
2026-07-27T16:15:00+00:00,1.149849999999998,1.150609999999998,1.149829999999998,1.150459999999998,2263
2026-07-27T16:30:00+00:00,1.150459999999998,1.1507399999999979,1.1503999999999979,1.150489999999998,1588
2026-07-27T16:45:00+00:00,1.150489999999998,1.150489999999998,1.150089999999998,1.150179999999998,1107
2026-07-27T17:00:00+00:00,1.150179999999998,1.150189999999998,1.149469999999998,1.149559999999998,2301
2026-07-27T17:15:00+00:00,1.149559999999998,1.149579999999998,1.149169999999998,1.149229999999998,1162
2026-07-27T17:30:00+00:00,1.149229999999998,1.149499999999998,1.149099999999998,1.149169999999998,1004
2026-07-27T17:45:00+00:00,1.149169999999998,1.149489999999998,1.149099999999998,1.1494499999999979,874
2026-07-27T18:00:00+00:00,1.1494499999999979,1.149599999999998,1.149339999999998,1.149499999999998,939
2026-07-27T18:15:00+00:00,1.149499999999998,1.149509999999998,1.149149999999998,1.1492799999999979,1183
2026-07-27T18:30:00+00:00,1.1492799999999979,1.149469999999998,1.149049999999998,1.149209999999998,1597
2026-07-27T18:45:00+00:00,1.149209999999998,1.149269999999998,1.148969999999998,1.149059999999998,1499
2026-07-27T19:00:00+00:00,1.149059999999998,1.149219999999998,1.148959999999998,1.148979999999998,998
2026-07-27T19:15:00+00:00,1.148979999999998,1.149259999999998,1.148959999999998,1.149259999999998,852
2026-07-27T19:30:00+00:00,1.149259999999998,1.149549999999998,1.1492499999999979,1.149469999999998,991
2026-07-27T19:45:00+00:00,1.149469999999998,1.1495199999999979,1.149209999999998,1.149209999999998,957
2026-07-27T20:00:00+00:00,1.149209999999998,1.149439999999998,1.149199999999998,1.149439999999998,555
2026-07-27T20:15:00+00:00,1.149439999999998,1.1494499999999979,1.149259999999998,1.149299999999998,275
2026-07-27T20:30:00+00:00,1.149299999999998,1.149299999999998,1.148919999999998,1.148969999999998,308
2026-07-27T20:45:00+00:00,1.148969999999998,1.149019999999998,1.148919999999998,1.148919999999998,392
2026-07-27T21:00:00+00:00,1.148919999999998,1.149259999999998,1.148649999999998,1.149209999999998,569
2026-07-27T21:15:00+00:00,1.149209999999998,1.149209999999998,1.1488699999999978,1.1490099999999979,1023.3306591640235
2026-07-27T21:30:00+00:00,1.1490099999999979,1.1493499999999979,1.1488999999999978,1.1492699999999978,2779.5416924027177
2026-07-27T21:45:00+00:00,1.1492699999999978,1.1493499999999979,1.149089999999998,1.149119999999998,1290
2026-07-27T22:00:00+00:00,1.149119999999998,1.149329999999998,1.148879999999998,1.1491799999999979,733
2026-07-27T22:15:00+00:00,1.1491799999999979,1.1493099999999978,1.149119999999998,1.1491299999999978,192.6307223978457
2026-07-27T22:30:00+00:00,1.1491299999999978,1.1492499999999977,1.1491299999999978,1.1491499999999977,204
2026-07-27T22:45:00+00:00,1.1491499999999977,1.1491599999999977,1.1490999999999978,1.1491399999999978,126
2026-07-27T23:00:00+00:00,1.1491399999999978,1.1492599999999977,1.1490399999999978,1.1491899999999977,489
2026-07-27T23:15:00+00:00,1.1491899999999977,1.1492499999999977,1.1491899999999977,1.1492499999999977,225
2026-07-27T23:30:00+00:00,1.1492499999999977,1.1492499999999977,1.1490899999999977,1.1491699999999978,271
2026-07-27T23:45:00+00:00,1.1491699999999978,1.1492299999999978,1.1489899999999977,1.1491399999999978,420
2026-07-28T00:00:00+00:00,1.1491399999999978,1.1491399999999978,1.1488899999999977,1.1490399999999978,1240
2026-07-28T00:15:00+00:00,1.1490399999999978,1.1495099999999978,1.1490099999999976,1.1494199999999977,1078
2026-07-28T00:30:00+00:00,1.1494199999999977,1.1495799999999978,1.1493799999999978,1.1494499999999976,754
2026-07-28T00:45:00+00:00,1.1494499999999976,1.1496699999999977,1.1492399999999978,1.1496499999999978,1070
2026-07-28T01:00:00+00:00,1.1496499999999978,1.1499599999999977,1.1496399999999978,1.1497499999999978,1288
2026-07-28T01:15:00+00:00,1.1497499999999978,1.1497999999999977,1.1495899999999977,1.1497499999999978,1147
2026-07-28T01:30:00+00:00,1.1497499999999978,1.1497999999999977,1.1495299999999977,1.1495599999999977,839
2026-07-28T01:45:00+00:00,1.1495599999999977,1.1496199999999976,1.1492799999999976,1.1495299999999977,954
2026-07-28T02:00:00+00:00,1.1495299999999977,1.1496899999999977,1.1494199999999977,1.1496299999999977,719
2026-07-28T02:15:00+00:00,1.1496299999999977,1.1497499999999978,1.1493999999999978,1.1493999999999978,741
2026-07-28T02:30:00+00:00,1.1493999999999978,1.1495599999999977,1.1493499999999977,1.1495399999999978,743
2026-07-28T02:45:00+00:00,1.1495399999999978,1.1500899999999978,1.1494999999999977,1.1499299999999977,1049
2026-07-28T03:00:00+00:00,1.1499299999999977,1.1499999999999977,1.1497199999999976,1.1497899999999976,1134
2026-07-28T03:15:00+00:00,1.1497899999999976,1.1500099999999978,1.1497499999999978,1.1499799999999978,859
2026-07-28T03:30:00+00:00,1.1499799999999978,1.1502299999999976,1.1497899999999976,1.1498399999999978,1340
2026-07-28T03:45:00+00:00,1.1498399999999978,1.1498399999999978,1.1496099999999978,1.1496799999999978,702
2026-07-28T04:00:00+00:00,1.1496799999999978,1.1496799999999978,1.1492799999999976,1.1492799999999976,1224
2026-07-28T04:15:00+00:00,1.1492799999999976,1.1493999999999978,1.1491799999999976,1.1492999999999978,552
2026-07-28T04:30:00+00:00,1.1492999999999978,1.1493299999999977,1.1492099999999978,1.1492999999999978,595
2026-07-28T04:45:00+00:00,1.1492999999999978,1.1493599999999977,1.1490299999999978,1.1490899999999977,623
2026-07-28T05:00:00+00:00,1.1490899999999977,1.1491099999999976,1.1483899999999978,1.1484499999999978,1325
2026-07-28T05:15:00+00:00,1.1484499999999978,1.1487399999999977,1.1483999999999976,1.1487399999999977,861
2026-07-28T05:30:00+00:00,1.1487399999999977,1.1488499999999977,1.1485499999999977,1.1487599999999978,1132
2026-07-28T05:45:00+00:00,1.1487599999999978,1.1488599999999978,1.1486299999999978,1.1488099999999977,792
2026-07-28T06:00:00+00:00,1.1488099999999977,1.1490099999999976,1.1487199999999977,1.1488999999999978,1529
2026-07-28T06:15:00+00:00,1.1488999999999978,1.1493299999999977,1.1488999999999978,1.1492999999999978,1619
2026-07-28T06:30:00+00:00,1.1492999999999978,1.1495199999999977,1.1491199999999977,1.1492099999999978,1514
2026-07-28T06:45:00+00:00,1.1492099999999978,1.1493799999999978,1.1489599999999978,1.1490799999999977,1371
2026-07-28T07:00:00+00:00,1.1490799999999977,1.1495699999999978,1.1489199999999977,1.1495299999999977,2225
2026-07-28T07:15:00+00:00,1.1495299999999977,1.1495699999999978,1.1491499999999977,1.1491999999999978,1479
2026-07-28T07:30:00+00:00,1.1491999999999978,1.1494199999999977,1.1490699999999978,1.1491199999999977,1180
2026-07-28T07:45:00+00:00,1.1491199999999977,1.1491399999999978,1.1485499999999977,1.1486999999999978,1763
2026-07-28T08:00:00+00:00,1.1486999999999978,1.1492599999999977,1.1486899999999978,1.1490199999999977,1777
2026-07-28T08:15:00+00:00,1.1490199999999977,1.1494499999999976,1.1490199999999977,1.1492199999999977,1660
2026-07-28T08:30:00+00:00,1.1492199999999977,1.1493699999999978,1.1490499999999977,1.1493399999999978,1596
2026-07-28T08:45:00+00:00,1.1493399999999978,1.1494799999999978,1.1492299999999978,1.1494699999999978,1454
2026-07-28T09:00:00+00:00,1.1494699999999978,1.1495299999999977,1.1488599999999978,1.1489099999999977,1250
2026-07-28T09:15:00+00:00,1.1489099999999977,1.1490199999999977,1.1488099999999977,1.1488099999999977,911
2026-07-28T09:30:00+00:00,1.1488099999999977,1.1488099999999977,1.1484499999999978,1.1484699999999977,1002
2026-07-28T09:45:00+00:00,1.1484699999999977,1.1484899999999978,1.1478099999999978,1.1478599999999977,1401
2026-07-28T10:00:00+00:00,1.1478599999999977,1.1479599999999976,1.1475499999999978,1.1478999999999977,1627
2026-07-28T10:15:00+00:00,1.1478999999999977,1.1479799999999978,1.1476999999999977,1.1478599999999977,1061
2026-07-28T10:30:00+00:00,1.1478599999999977,1.1483299999999979,1.1478299999999977,1.1479499999999978,1492
2026-07-28T10:45:00+00:00,1.1479499999999978,1.1485299999999978,1.1479499999999978,1.1482999999999977,1261
2026-07-28T11:00:00+00:00,1.1482999999999977,1.1483399999999977,1.1478999999999977,1.1480599999999976,1355
2026-07-28T11:15:00+00:00,1.1480599999999976,1.1487899999999978,1.1480499999999978,1.1487599999999978,1835
2026-07-28T11:30:00+00:00,1.1487599999999978,1.1488799999999977,1.1485599999999978,1.1485699999999976,1392
2026-07-28T11:45:00+00:00,1.1485699999999976,1.1489999999999978,1.1483299999999979,1.1487399999999977,1658
2026-07-28T12:00:00+00:00,1.1487399999999977,1.1489699999999978,1.1483899999999978,1.1487399999999977,1648
2026-07-28T12:15:00+00:00,1.1487399999999977,1.1488199999999977,1.1484399999999977,1.1484799999999977,1376
2026-07-28T12:30:00+00:00,1.1484799999999977,1.1487299999999978,1.1483099999999977,1.1486699999999976,1367
2026-07-28T12:45:00+00:00,1.1486699999999976,1.1490699999999978,1.1486699999999976,1.1488099999999977,1481
2026-07-28T13:00:00+00:00,1.1488099999999977,1.1492799999999976,1.1488099999999977,1.1489199999999977,1593
2026-07-28T13:15:00+00:00,1.1489199999999977,1.1492899999999977,1.1488499999999977,1.1489699999999978,1554
2026-07-28T13:30:00+00:00,1.1489699999999978,1.1492999999999978,1.1489399999999979,1.1491599999999977,2206
2026-07-28T13:45:00+00:00,1.1491599999999977,1.1496199999999976,1.1490399999999978,1.1494499999999976,2661
2026-07-28T14:00:00+00:00,1.1494499999999976,1.1497999999999977,1.1493599999999977,1.1496099999999978,2222
2026-07-28T14:15:00+00:00,1.1496099999999978,1.1500399999999977,1.1493799999999978,1.1500199999999978,2042
2026-07-28T14:30:00+00:00,1.1500199999999978,1.1501999999999977,1.1498099999999978,1.1501199999999978,1640
2026-07-28T14:45:00+00:00,1.1501199999999978,1.1508599999999978,1.1498499999999978,1.1507999999999978,3198
2026-07-28T15:00:00+00:00,1.1507999999999978,1.1518099999999978,1.1506199999999978,1.1516599999999977,3729
2026-07-28T15:15:00+00:00,1.1516599999999977,1.1521399999999977,1.1514899999999977,1.1518199999999978,3774
2026-07-28T15:30:00+00:00,1.1518199999999978,1.1524299999999978,1.1516399999999978,1.1523599999999978,2775
2026-07-28T15:45:00+00:00,1.1523599999999978,1.1523699999999977,1.1518599999999977,1.1522599999999978,1924
2026-07-28T16:00:00+00:00,1.1522599999999978,1.1525399999999977,1.1521099999999977,1.1524499999999978,1849
2026-07-28T16:15:00+00:00,1.1524499999999978,1.1527499999999977,1.1523999999999976,1.1527199999999977,1417
2026-07-28T16:30:00+00:00,1.1527199999999977,1.1527299999999978,1.1522399999999977,1.1522599999999978,1509
2026-07-28T16:45:00+00:00,1.1522599999999978,1.1523099999999977,1.1517999999999977,1.1517999999999977,1503
2026-07-28T17:00:00+00:00,1.1517999999999977,1.1519699999999977,1.1515799999999978,1.1516299999999977,1478
2026-07-28T17:15:00+00:00,1.1516299999999977,1.1520099999999978,1.1515199999999977,1.1515399999999978,1350
2026-07-28T17:30:00+00:00,1.1515399999999978,1.1516299999999977,1.1513999999999978,1.1514199999999977,1052
2026-07-28T17:45:00+00:00,1.1514199999999977,1.1514699999999978,1.1510499999999977,1.1511399999999978,1391
2026-07-28T18:00:00+00:00,1.1511399999999978,1.1512999999999978,1.1510099999999976,1.1511499999999977,1156
2026-07-28T18:15:00+00:00,1.1511499999999977,1.1513799999999978,1.1509499999999977,1.1509999999999978,929
2026-07-28T18:30:00+00:00,1.1509999999999978,1.1511299999999978,1.1509899999999977,1.1510499999999977,626
2026-07-28T18:45:00+00:00,1.1510499999999977,1.1510499999999977,1.1508399999999976,1.1508999999999978,670
2026-07-28T19:00:00+00:00,1.1508999999999978,1.1512499999999977,1.1508499999999977,1.1510399999999978,694
2026-07-28T19:15:00+00:00,1.1510399999999978,1.1512999999999978,1.1510099999999976,1.1511199999999977,708
2026-07-28T19:30:00+00:00,1.1511199999999977,1.1512899999999977,1.1511199999999977,1.1512199999999977,873
2026-07-28T19:45:00+00:00,1.1512199999999977,1.1514199999999977,1.1509499999999977,1.1509499999999977,926
2026-07-28T20:00:00+00:00,1.1509499999999977,1.1510699999999978,1.1509099999999977,1.1510699999999978,525
2026-07-28T20:15:00+00:00,1.1510699999999978,1.1511299999999978,1.1507699999999979,1.1508599999999978,402
2026-07-28T20:30:00+00:00,1.1508599999999978,1.1509599999999978,1.1507599999999978,1.1509599999999978,399
2026-07-28T20:45:00+00:00,1.1509599999999978,1.1509999999999978,1.1507999999999978,1.1508399999999976,629
2026-07-28T21:00:00+00:00,1.1508399999999976,1.1511599999999977,1.1507599999999978,1.1511599999999977,70
2026-07-28T21:15:00+00:00,1.1511599999999977,1.1513899999999977,1.1511099999999976,1.1512299999999978,255
2026-07-28T21:30:00+00:00,1.1512299999999978,1.1514399999999978,1.1511399999999978,1.1514399999999978,94.19615384615385
2026-07-28T21:45:00+00:00,1.1514399999999978,1.1514399999999978,1.1511499999999977,1.1511699999999978,240
2026-07-28T22:00:00+00:00,1.1511699999999978,1.1513399999999978,1.1510199999999977,1.1510199999999977,621
2026-07-28T22:15:00+00:00,1.1510199999999977,1.1510799999999977,1.1506399999999977,1.1507299999999978,601
2026-07-28T22:30:00+00:00,1.1507299999999978,1.1508899999999977,1.1506899999999978,1.1507599999999978,508
2026-07-28T22:45:00+00:00,1.1507599999999978,1.1507799999999977,1.1506599999999978,1.1507599999999978,478
2026-07-28T23:00:00+00:00,1.1507599999999978,1.1507699999999979,1.1504499999999978,1.1506599999999978,572
2026-07-28T23:15:00+00:00,1.1506599999999978,1.1507599999999978,1.1505999999999978,1.1507499999999977,423
2026-07-28T23:30:00+00:00,1.1507499999999977,1.1508599999999978,1.1506699999999976,1.1508399999999976,459
2026-07-28T23:45:00+00:00,1.1508399999999976,1.1508499999999977,1.1506299999999978,1.1508199999999977,829
2026-07-29T00:00:00+00:00,1.1508199999999977,1.1508699999999978,1.1504999999999976,1.1505999999999978,1536
2026-07-29T00:15:00+00:00,1.1505999999999978,1.1512199999999977,1.1505799999999977,1.1511599999999977,1239
2026-07-29T00:30:00+00:00,1.1511599999999977,1.1512199999999977,1.1510299999999978,1.1510999999999978,955
2026-07-29T00:45:00+00:00,1.1510999999999978,1.1513699999999978,1.1509199999999977,1.1513199999999977,1421
2026-07-29T01:00:00+00:00,1.1513199999999977,1.1513899999999977,1.1510399999999978,1.1510699999999978,1376
2026-07-29T01:15:00+00:00,1.1510699999999978,1.1514699999999978,1.1510099999999976,1.1512299999999978,1112
2026-07-29T01:30:00+00:00,1.1512299999999978,1.1512899999999977,1.1507599999999978,1.1508299999999978,2492
2026-07-29T01:45:00+00:00,1.1508299999999978,1.1513899999999977,1.1507799999999977,1.1513699999999978,1320
2026-07-29T02:00:00+00:00,1.1513699999999978,1.1516999999999977,1.1512599999999977,1.1515799999999978,1295
2026-07-29T02:15:00+00:00,1.1515799999999978,1.1517999999999977,1.1514699999999978,1.1516199999999976,974
2026-07-29T02:30:00+00:00,1.1516199999999976,1.1518099999999978,1.1515799999999978,1.1516899999999977,812
2026-07-29T02:45:00+00:00,1.1516899999999977,1.1517799999999978,1.1514699999999978,1.1516899999999977,654
2026-07-29T03:00:00+00:00,1.1516899999999977,1.1518699999999977,1.1516599999999977,1.1517699999999977,771
2026-07-29T03:15:00+00:00,1.1517699999999977,1.1521499999999978,1.1517699999999977,1.1521199999999978,624
2026-07-29T03:30:00+00:00,1.1521199999999978,1.1522499999999978,1.1520699999999977,1.1521499999999978,806
2026-07-29T03:45:00+00:00,1.1521499999999978,1.1522999999999977,1.1518499999999978,1.1519199999999978,957
2026-07-29T04:00:00+00:00,1.1519199999999978,1.1522099999999977,1.1518599999999977,1.1521699999999977,926
2026-07-29T04:15:00+00:00,1.1521699999999977,1.1524699999999977,1.1520999999999977,1.1521399999999977,918
2026-07-29T04:30:00+00:00,1.1521399999999977,1.1525699999999977,1.1520499999999978,1.1524899999999978,957
2026-07-29T04:45:00+00:00,1.1524899999999978,1.1525899999999978,1.1521199999999978,1.1523299999999976,1112
2026-07-29T05:00:00+00:00,1.1523299999999976,1.1525099999999977,1.1522799999999978,1.1524599999999978,720
2026-07-29T05:15:00+00:00,1.1524599999999978,1.1524899999999978,1.1521699999999977,1.1521799999999978,823
2026-07-29T05:30:00+00:00,1.1521799999999978,1.1522299999999976,1.1519899999999978,1.1521999999999977,1024
2026-07-29T05:45:00+00:00,1.1521999999999977,1.1523699999999977,1.1519899999999978,1.1520599999999976,1079
2026-07-29T06:00:00+00:00,1.1520599999999976,1.1523099999999977,1.1517399999999978,1.1519899999999978,1485
2026-07-29T06:15:00+00:00,1.1519899999999978,1.1521299999999977,1.1515299999999977,1.1516199999999976,1341
2026-07-29T06:30:00+00:00,1.1516199999999976,1.1517199999999976,1.1515199999999977,1.1516699999999978,1028
2026-07-29T06:45:00+00:00,1.1516699999999978,1.1516699999999978,1.1512099999999978,1.1514199999999977,1656
2026-07-29T07:00:00+00:00,1.1514199999999977,1.1518799999999978,1.1512499999999977,1.1515999999999977,1791
2026-07-29T07:15:00+00:00,1.1515999999999977,1.1519299999999977,1.1515699999999978,1.1518999999999977,1398
2026-07-29T07:30:00+00:00,1.1518999999999977,1.1523099999999977,1.1517999999999977,1.1519599999999977,1443
2026-07-29T07:45:00+00:00,1.1519599999999977,1.1523299999999976,1.1518899999999976,1.1519999999999977,1407
2026-07-29T08:00:00+00:00,1.1519999999999977,1.1521899999999978,1.1517499999999978,1.1518099999999978,1563
2026-07-29T08:15:00+00:00,1.1518099999999978,1.1520099999999978,1.1516599999999977,1.1518099999999978,1537
2026-07-29T08:30:00+00:00,1.1518099999999978,1.1520099999999978,1.1515499999999979,1.1519999999999977,1336
2026-07-29T08:45:00+00:00,1.1519999999999977,1.1522699999999977,1.1517699999999977,1.1518699999999977,1204
2026-07-29T09:00:00+00:00,1.1518699999999977,1.1519099999999978,1.1516799999999978,1.1518099999999978,1406
2026-07-29T09:15:00+00:00,1.1518099999999978,1.1518599999999977,1.1515999999999977,1.1517499999999978,1079
2026-07-29T09:30:00+00:00,1.1517499999999978,1.1518599999999977,1.1514099999999978,1.1516799999999978,1168
2026-07-29T09:45:00+00:00,1.1516799999999978,1.1518799999999978,1.1514299999999977,1.1514399999999978,1355
2026-07-29T10:00:00+00:00,1.1514399999999978,1.1515399999999978,1.1512899999999977,1.1513699999999978,1677
2026-07-29T10:15:00+00:00,1.1513699999999978,1.1513999999999978,1.1509599999999978,1.1512899999999977,1378
2026-07-29T10:30:00+00:00,1.1512899999999977,1.1514599999999977,1.1509799999999977,1.1510599999999978,1290
2026-07-29T10:45:00+00:00,1.1510599999999978,1.1510699999999978,1.1505799999999977,1.1507899999999978,1193
2026-07-29T11:00:00+00:00,1.1507899999999978,1.1510499999999977,1.1507899999999978,1.1509499999999977,1336
2026-07-29T11:15:00+00:00,1.1509499999999977,1.1510999999999978,1.1507599999999978,1.1509699999999978,1102
2026-07-29T11:30:00+00:00,1.1509699999999978,1.1510399999999976,1.1503999999999976,1.1504599999999978,1067
2026-07-29T11:45:00+00:00,1.1504599999999978,1.1506999999999976,1.1502799999999977,1.1504699999999977,1727
2026-07-29T12:00:00+00:00,1.1504699999999977,1.1505499999999977,1.1500399999999977,1.1501399999999977,1907
2026-07-29T12:15:00+00:00,1.1501399999999977,1.1502299999999976,1.1497199999999976,1.1499399999999977,2601
2026-07-29T12:30:00+00:00,1.1499399999999977,1.1502899999999978,1.1497199999999976,1.1501699999999977,1826
2026-07-29T12:45:00+00:00,1.1501699999999977,1.1502699999999977,1.1499199999999976,1.1500899999999976,1408
2026-07-29T13:00:00+00:00,1.1500899999999976,1.1502699999999977,1.1499099999999978,1.1502699999999977,1564
2026-07-29T13:15:00+00:00,1.1502699999999977,1.1509599999999978,1.1502199999999978,1.1507999999999978,1861
2026-07-29T13:30:00+00:00,1.1507999999999978,1.1510199999999977,1.1505899999999978,1.1510099999999976,2144
2026-07-29T13:45:00+00:00,1.1510099999999976,1.1514899999999977,1.1509399999999976,1.1514299999999977,2243
2026-07-29T14:00:00+00:00,1.1514299999999977,1.1515899999999977,1.1510499999999977,1.1510899999999977,2263
2026-07-29T14:15:00+00:00,1.1510899999999977,1.1517099999999978,1.1509199999999977,1.1516899999999977,2208
2026-07-29T14:30:00+00:00,1.1516899999999977,1.1519599999999977,1.1511999999999978,1.1514899999999977,2073
2026-07-29T14:45:00+00:00,1.1514899999999977,1.1515399999999978,1.1503299999999976,1.1503299999999976,3819
2026-07-29T15:00:00+00:00,1.1503299999999976,1.1507999999999978,1.1501799999999978,1.1507399999999977,2941
2026-07-29T15:15:00+00:00,1.1507399999999977,1.1507999999999978,1.1501099999999977,1.1502299999999976,1945
2026-07-29T15:30:00+00:00,1.1502299999999976,1.1504099999999977,1.1500399999999977,1.1503999999999976,1615
2026-07-29T15:45:00+00:00,1.1503999999999976,1.1505899999999978,1.1503499999999978,1.1505399999999977,1239
2026-07-29T16:00:00+00:00,1.1505399999999977,1.1506099999999977,1.1500499999999978,1.1500699999999977,1468
2026-07-29T16:15:00+00:00,1.1500699999999977,1.1505099999999977,1.1499199999999976,1.1505099999999977,1274
2026-07-29T16:30:00+00:00,1.1505099999999977,1.1505099999999977,1.1501799999999978,1.1505099999999977,925
2026-07-29T16:45:00+00:00,1.1505099999999977,1.1508399999999976,1.1504499999999978,1.1507699999999976,1114
2026-07-29T17:00:00+00:00,1.1507699999999976,1.1512699999999978,1.1507099999999977,1.1512299999999978,1135
2026-07-29T17:15:00+00:00,1.1512299999999978,1.1515699999999978,1.1511399999999976,1.1513599999999977,1227
2026-07-29T17:30:00+00:00,1.1513599999999977,1.1519499999999978,1.1512699999999978,1.1518499999999978,1624
2026-07-29T17:45:00+00:00,1.1518499999999978,1.1522299999999976,1.1517599999999977,1.1517999999999977,1654
2026-07-29T18:00:00+00:00,1.1517999999999977,1.1553199999999977,1.1512699999999978,1.1550199999999977,9815
2026-07-29T18:15:00+00:00,1.1550199999999977,1.1552299999999978,1.1537699999999977,1.1544799999999977,4639
2026-07-29T18:30:00+00:00,1.1544799999999977,1.1558999999999977,1.1529299999999978,1.1557899999999977,9050
2026-07-29T18:45:00+00:00,1.1557899999999977,1.1574699999999978,1.1556299999999977,1.1574399999999978,7666
2026-07-29T19:00:00+00:00,1.1574399999999978,1.1578199999999976,1.1562499999999978,1.1574399999999978,7426
2026-07-29T19:15:00+00:00,1.1574399999999978,1.1589099999999977,1.1571899999999977,1.1574899999999977,7339
2026-07-29T19:30:00+00:00,1.1574899999999977,1.1581199999999978,1.1568399999999976,1.1580099999999978,6036
2026-07-29T19:45:00+00:00,1.1580099999999978,1.1580599999999976,1.1570299999999978,1.1570499999999977,4225
2026-07-29T20:00:00+00:00,1.1570499999999977,1.1575199999999977,1.1569399999999976,1.1573999999999978,2206
2026-07-29T20:15:00+00:00,1.1573999999999978,1.1578699999999977,1.1571299999999978,1.1578099999999978,1424
2026-07-29T20:30:00+00:00,1.1578099999999978,1.1588499999999977,1.1577999999999977,1.1588399999999976,1238
2026-07-29T20:45:00+00:00,1.1588399999999976,1.1593599999999977,1.1585499999999977,1.1585499999999977,1500
2026-07-29T21:00:00+00:00,1.1585499999999977,1.1585499999999977,1.1573599999999977,1.1579499999999978,1116.2943389349175
2026-07-29T21:15:00+00:00,1.1579499999999978,1.1584999999999976,1.1579099999999978,1.1584999999999976,834
2026-07-29T21:30:00+00:00,1.1584999999999976,1.1586199999999978,1.1584399999999977,1.1585899999999978,171
2026-07-29T21:45:00+00:00,1.1585899999999978,1.1586699999999976,1.1581399999999977,1.1582299999999977,1024
2026-07-29T22:00:00+00:00,1.1582299999999977,1.1590899999999977,1.1582299999999977,1.1590899999999977,1769
2026-07-29T22:15:00+00:00,1.1590899999999977,1.1591699999999978,1.1589899999999977,1.1590299999999978,400
2026-07-29T22:30:00+00:00,1.1590299999999978,1.1591999999999978,1.1590199999999977,1.159189999999998,345.3407966979479
2026-07-29T22:45:00+00:00,1.159189999999998,1.1593699999999978,1.159189999999998,1.159359999999998,434
2026-07-29T23:00:00+00:00,1.159359999999998,1.159729999999998,1.159259999999998,1.1592799999999979,922
2026-07-29T23:15:00+00:00,1.1592799999999979,1.159289999999998,1.1589299999999978,1.1589399999999979,691
2026-07-29T23:30:00+00:00,1.1589399999999979,1.158989999999998,1.158719999999998,1.1587299999999978,599
2026-07-29T23:45:00+00:00,1.1587299999999978,1.159189999999998,1.1586699999999979,1.1589299999999978,907
2026-07-30T00:00:00+00:00,1.1589299999999978,1.159049999999998,1.1585899999999978,1.158919999999998,1957
2026-07-30T00:15:00+00:00,1.158919999999998,1.158989999999998,1.157859999999998,1.157939999999998,2456
2026-07-30T00:30:00+00:00,1.157939999999998,1.158069999999998,1.157829999999998,1.1579899999999979,1679
2026-07-30T00:45:00+00:00,1.1579899999999979,1.1580599999999979,1.1578499999999978,1.158029999999998,1334
2026-07-30T01:00:00+00:00,1.158029999999998,1.1583499999999978,1.1579899999999979,1.1581799999999978,1462
2026-07-30T01:15:00+00:00,1.1581799999999978,1.1581799999999978,1.157589999999998,1.1577799999999978,1236
2026-07-30T01:30:00+00:00,1.1577799999999978,1.1581499999999978,1.1576499999999978,1.157859999999998,1009
2026-07-30T01:45:00+00:00,1.157859999999998,1.1580899999999978,1.1574799999999978,1.157559999999998,908
2026-07-30T02:00:00+00:00,1.157559999999998,1.157729999999998,1.1574099999999978,1.1574699999999978,913
2026-07-30T02:15:00+00:00,1.1574699999999978,1.157529999999998,1.1573799999999979,1.1574799999999978,587
2026-07-30T02:30:00+00:00,1.1574799999999978,1.157729999999998,1.157459999999998,1.157659999999998,762
2026-07-30T02:45:00+00:00,1.157659999999998,1.157769999999998,1.1575099999999978,1.1575099999999978,762
2026-07-30T03:00:00+00:00,1.1575099999999978,1.157659999999998,1.1573699999999978,1.157419999999998,840
2026-07-30T03:15:00+00:00,1.157419999999998,1.1574499999999979,1.157019999999998,1.157249999999998,1090
2026-07-30T03:30:00+00:00,1.157249999999998,1.157499999999998,1.1571799999999979,1.157429999999998,679
2026-07-30T03:45:00+00:00,1.157429999999998,1.1574799999999978,1.1571799999999979,1.157219999999998,573
2026-07-30T04:00:00+00:00,1.157219999999998,1.157529999999998,1.157149999999998,1.157529999999998,698
2026-07-30T04:15:00+00:00,1.157529999999998,1.1575799999999978,1.1574699999999978,1.157529999999998,446
2026-07-30T04:30:00+00:00,1.157529999999998,1.157629999999998,1.157489999999998,1.1575099999999978,499
2026-07-30T04:45:00+00:00,1.1575099999999978,1.1575799999999978,1.1572399999999978,1.157329999999998,812
2026-07-30T05:00:00+00:00,1.157329999999998,1.157729999999998,1.1572699999999978,1.1577199999999979,913
2026-07-30T05:15:00+00:00,1.1577199999999979,1.1579199999999978,1.157659999999998,1.157799999999998,771
2026-07-30T05:30:00+00:00,1.157799999999998,1.157839999999998,1.1573799999999979,1.157489999999998,1040
2026-07-30T05:45:00+00:00,1.157489999999998,1.157769999999998,1.1571299999999978,1.1572399999999978,1595
2026-07-30T06:00:00+00:00,1.1572399999999978,1.1573799999999979,1.1566299999999978,1.1567299999999978,1984
2026-07-30T06:15:00+00:00,1.1567299999999978,1.156889999999998,1.156619999999998,1.1567299999999978,1469
2026-07-30T06:30:00+00:00,1.1567299999999978,1.157089999999998,1.1565599999999978,1.1568299999999978,1522
2026-07-30T06:45:00+00:00,1.1568299999999978,1.1573399999999978,1.1568299999999978,1.156919999999998,1587
2026-07-30T07:00:00+00:00,1.156919999999998,1.1573499999999979,1.1564899999999978,1.1565199999999978,3325
2026-07-30T07:15:00+00:00,1.1565199999999978,1.1567399999999979,1.1558799999999978,1.1559599999999979,2163
2026-07-30T07:30:00+00:00,1.1559599999999979,1.1561299999999979,1.155669999999998,1.155929999999998,1877
2026-07-30T07:45:00+00:00,1.155929999999998,1.1561199999999978,1.155859999999998,1.1559899999999979,1483
2026-07-30T08:00:00+00:00,1.1559899999999979,1.156979999999998,1.155939999999998,1.156819999999998,2482
2026-07-30T08:15:00+00:00,1.156819999999998,1.1576099999999978,1.156819999999998,1.1575899999999977,1889
2026-07-30T08:30:00+00:00,1.1575899999999977,1.1577099999999978,1.1566899999999978,1.1572799999999976,1959
2026-07-30T08:45:00+00:00,1.1572799999999976,1.1575599999999977,1.1568199999999977,1.1569699999999978,1992
2026-07-30T09:00:00+00:00,1.1569699999999978,1.1579899999999976,1.1569699999999978,1.1579099999999978,1926
2026-07-30T09:15:00+00:00,1.1579099999999978,1.1585399999999977,1.1578099999999978,1.1582999999999977,2036
2026-07-30T09:30:00+00:00,1.1582999999999977,1.1585299999999976,1.1581299999999977,1.1584299999999976,1483
2026-07-30T09:45:00+00:00,1.1584299999999976,1.1589099999999977,1.1582399999999977,1.1586299999999978,1968
2026-07-30T10:00:00+00:00,1.1586299999999978,1.1594199999999977,1.1582899999999978,1.1593499999999977,2927
2026-07-30T10:15:00+00:00,1.1593499999999977,1.1601099999999978,1.1590299999999978,1.1593899999999977,3876
2026-07-30T10:30:00+00:00,1.1593899999999977,1.1605599999999978,1.1593599999999977,1.1601999999999977,3078
2026-07-30T10:45:00+00:00,1.1601999999999977,1.1605199999999978,1.1594399999999978,1.1594399999999978,3174
2026-07-30T11:00:00+00:00,1.1594399999999978,1.1599499999999978,1.1593299999999978,1.1593499999999977,2152
2026-07-30T11:15:00+00:00,1.1593499999999977,1.1594499999999976,1.1586899999999978,1.1589199999999977,1890
2026-07-30T11:30:00+00:00,1.1589199999999977,1.1589399999999976,1.1586499999999977,1.1586899999999978,1251
2026-07-30T11:45:00+00:00,1.1586899999999978,1.1597399999999978,1.1586799999999977,1.1597299999999977,1680
2026-07-30T12:00:00+00:00,1.1597299999999977,1.1602799999999978,1.1596899999999977,1.1602099999999977,2446
2026-07-30T12:15:00+00:00,1.1602099999999977,1.1602099999999977,1.1595799999999978,1.1597599999999977,1966
2026-07-30T12:30:00+00:00,1.1597599999999977,1.1604899999999978,1.1593999999999978,1.1602399999999977,4666
2026-07-30T12:45:00+00:00,1.1602399999999977,1.1603099999999977,1.1590799999999977,1.1593999999999978,4131
2026-07-30T13:00:00+00:00,1.1593999999999978,1.1597699999999977,1.1591099999999976,1.1593899999999977,3755
2026-07-30T13:15:00+00:00,1.1593899999999977,1.1602499999999978,1.1592999999999978,1.1601599999999976,2901
2026-07-30T13:30:00+00:00,1.1601599999999976,1.1625099999999977,1.1600399999999977,1.1622499999999978,8776
2026-07-30T13:45:00+00:00,1.1622499999999978,1.1645399999999977,1.1619599999999977,1.1645299999999976,9291
2026-07-30T14:00:00+00:00,1.1645299999999976,1.1658399999999978,1.1639099999999978,1.1649099999999977,10704
2026-07-30T14:15:00+00:00,1.1649099999999977,1.1653899999999977,1.1640399999999977,1.1642899999999978,11178
2026-07-30T14:30:00+00:00,1.1642899999999978,1.1644599999999978,1.1631199999999977,1.1633799999999976,6078
2026-07-30T14:45:00+00:00,1.1633799999999976,1.1636299999999977,1.1624099999999977,1.1624499999999978,4617
2026-07-30T15:00:00+00:00,1.1624499999999978,1.1628699999999976,1.1620199999999978,1.1628299999999978,4333
2026-07-30T15:15:00+00:00,1.1628299999999978,1.1637599999999977,1.1628299999999978,1.1637199999999976,3162
2026-07-30T15:30:00+00:00,1.1637199999999976,1.1643999999999977,1.1634999999999978,1.1643199999999978,2553
2026-07-30T15:45:00+00:00,1.1643199999999978,1.1646399999999977,1.1641999999999977,1.1642599999999976,2264
2026-07-30T16:00:00+00:00,1.1642599999999976,1.1649699999999976,1.1642599999999976,1.1645899999999978,2789
2026-07-30T16:15:00+00:00,1.1645899999999978,1.1651799999999977,1.1645099999999977,1.1651299999999978,2480
2026-07-30T16:30:00+00:00,1.1651299999999978,1.1651999999999978,1.1646799999999977,1.1646899999999978,2357
2026-07-30T16:45:00+00:00,1.1646899999999978,1.1649999999999978,1.1644099999999977,1.1649999999999978,1335
2026-07-30T17:00:00+00:00,1.1649999999999978,1.1651899999999977,1.1642199999999978,1.1642399999999977,1428
2026-07-30T17:15:00+00:00,1.1642399999999977,1.1642399999999977,1.1640299999999977,1.1640599999999977,1516
2026-07-30T17:30:00+00:00,1.1640599999999977,1.1651499999999977,1.1635299999999977,1.1650899999999977,5102
2026-07-30T17:45:00+00:00,1.1650899999999977,1.1652299999999978,1.1647099999999977,1.1651099999999976,3089
2026-07-30T18:00:00+00:00,1.1651099999999976,1.1656999999999977,1.1650899999999977,1.1656699999999978,2409
2026-07-30T18:15:00+00:00,1.1656699999999978,1.1656699999999978,1.1648999999999978,1.1651699999999978,1301
2026-07-30T18:30:00+00:00,1.1651699999999978,1.1655199999999977,1.1650599999999978,1.1652999999999978,2256
2026-07-30T18:45:00+00:00,1.1652999999999978,1.1656999999999977,1.1652899999999977,1.1656899999999977,1623
2026-07-30T19:00:00+00:00,1.1656899999999977,1.1657199999999976,1.1650099999999977,1.1650799999999977,1546
2026-07-30T19:15:00+00:00,1.1650799999999977,1.1655899999999977,1.1649699999999976,1.1653699999999978,1160
2026-07-30T19:30:00+00:00,1.1653699999999978,1.1654199999999977,1.1651499999999977,1.1652699999999978,931
2026-07-30T19:45:00+00:00,1.1652699999999978,1.1653999999999978,1.1649999999999978,1.1652699999999978,1677
2026-07-30T20:00:00+00:00,1.1652699999999978,1.1654199999999977,1.1650899999999977,1.1652399999999978,714
2026-07-30T20:15:00+00:00,1.1652399999999978,1.1652599999999977,1.1649099999999977,1.1649399999999976,563
2026-07-30T20:30:00+00:00,1.1649399999999976,1.1651599999999978,1.1647899999999978,1.1648399999999977,521
2026-07-30T20:45:00+00:00,1.1648399999999977,1.1650899999999977,1.1646899999999978,1.1648499999999977,545
2026-07-30T21:00:00+00:00,1.1648499999999977,1.1648499999999977,1.1643399999999977,1.1645199999999978,91.8598011806713
2026-07-30T21:15:00+00:00,1.1645199999999978,1.1646299999999978,1.1645099999999977,1.1645799999999977,155
2026-07-30T21:30:00+00:00,1.1645799999999977,1.1646299999999978,1.1645299999999976,1.1645499999999978,76.46552908841045
2026-07-30T21:45:00+00:00,1.1645499999999978,1.1646699999999977,1.1645499999999978,1.1646499999999977,92
2026-07-30T22:00:00+00:00,1.1646499999999977,1.1650999999999978,1.1646499999999977,1.1648099999999977,726
2026-07-30T22:15:00+00:00,1.1648099999999977,1.1649599999999978,1.1646899999999978,1.1648399999999977,529
2026-07-30T22:30:00+00:00,1.1648399999999977,1.1652599999999977,1.1647599999999978,1.1651699999999978,878
2026-07-30T22:45:00+00:00,1.1651699999999978,1.1652099999999976,1.1649499999999977,1.1649999999999978,552
2026-07-30T23:00:00+00:00,1.1649999999999978,1.1652399999999978,1.1646299999999978,1.1647199999999978,1023
2026-07-30T23:15:00+00:00,1.1647199999999978,1.1648799999999977,1.1645299999999976,1.1645799999999977,871
2026-07-30T23:30:00+00:00,1.1645799999999977,1.1646599999999978,1.1643799999999978,1.1646199999999978,827
2026-07-30T23:45:00+00:00,1.1646199999999978,1.1647699999999976,1.1644399999999977,1.1644499999999978,737
2026-07-31T00:00:00+00:00,1.1644499999999978,1.1646299999999978,1.1642299999999977,1.1643999999999977,2291
2026-07-31T00:15:00+00:00,1.1643999999999977,1.1647999999999978,1.1643199999999978,1.1644399999999977,1952
2026-07-31T00:30:00+00:00,1.1644399999999977,1.1644799999999977,1.1636699999999978,1.1638799999999978,1546
2026-07-31T00:45:00+00:00,1.1638799999999978,1.1641599999999976,1.1637399999999978,1.1639499999999978,2415
2026-07-31T01:00:00+00:00,1.1639499999999978,1.1641399999999977,1.1636899999999977,1.1638099999999978,2223
2026-07-31T01:15:00+00:00,1.1638099999999978,1.1640599999999977,1.1636799999999978,1.1638799999999978,1425
2026-07-31T01:30:00+00:00,1.1638799999999978,1.1642799999999978,1.1635799999999978,1.1635899999999977,1771
2026-07-31T01:45:00+00:00,1.1635899999999977,1.1636399999999978,1.1631499999999977,1.1631599999999978,1488
2026-07-31T02:00:00+00:00,1.1631599999999978,1.1637799999999978,1.1631599999999978,1.1636499999999976,1413
2026-07-31T02:15:00+00:00,1.1636499999999976,1.1637099999999978,1.1634399999999978,1.1634799999999976,1195
2026-07-31T02:30:00+00:00,1.1634799999999976,1.1636299999999977,1.1633499999999977,1.1633899999999977,899
2026-07-31T02:45:00+00:00,1.1633899999999977,1.1634299999999977,1.1631999999999978,1.1633399999999978,1278
2026-07-31T03:00:00+00:00,1.1633399999999978,1.1634799999999976,1.1630499999999977,1.1632099999999976,1992
2026-07-31T03:15:00+00:00,1.1632099999999976,1.1632699999999978,1.1629699999999978,1.1630399999999976,1046
2026-07-31T03:30:00+00:00,1.1630399999999976,1.1631799999999977,1.1627799999999977,1.1629299999999978,1056
2026-07-31T03:45:00+00:00,1.1629299999999978,1.1635099999999978,1.1629199999999977,1.1634799999999976,1113
2026-07-31T04:00:00+00:00,1.1634799999999976,1.1635599999999977,1.1633699999999978,1.1634599999999977,860
2026-07-31T04:15:00+00:00,1.1634599999999977,1.1635499999999976,1.1632499999999977,1.1632499999999977,793
2026-07-31T04:30:00+00:00,1.1632499999999977,1.1632699999999978,1.1627299999999978,1.1627799999999977,1122
2026-07-31T04:45:00+00:00,1.1627799999999977,1.1629899999999977,1.1625899999999978,1.1629699999999978,983
2026-07-31T05:00:00+00:00,1.1629699999999978,1.1630799999999977,1.1627399999999977,1.1627499999999977,1176
2026-07-31T05:15:00+00:00,1.1627499999999977,1.1628799999999977,1.1626299999999978,1.1626599999999978,1298
2026-07-31T05:30:00+00:00,1.1626599999999978,1.1631199999999977,1.1626599999999978,1.1628899999999978,1351
2026-07-31T05:45:00+00:00,1.1628899999999978,1.1628899999999978,1.1626399999999977,1.1627799999999977,1101
2026-07-31T06:00:00+00:00,1.1627799999999977,1.1638399999999978,1.1626899999999978,1.1638199999999976,2132
2026-07-31T06:15:00+00:00,1.1638199999999976,1.1643099999999977,1.1635499999999976,1.1641999999999977,1959
2026-07-31T06:30:00+00:00,1.1641999999999977,1.1641999999999977,1.1632199999999977,1.1634299999999977,2825
2026-07-31T06:45:00+00:00,1.1634299999999977,1.1643699999999977,1.1634299999999977,1.1638499999999978,3307
2026-07-31T07:00:00+00:00,1.1638499999999978,1.1638999999999977,1.1635299999999977,1.1638699999999977,2078
2026-07-31T07:15:00+00:00,1.1638699999999977,1.1638799999999978,1.1633799999999976,1.1635399999999978,2601
2026-07-31T07:30:00+00:00,1.1635399999999978,1.1640799999999978,1.1632999999999978,1.1640099999999978,1747
2026-07-31T07:45:00+00:00,1.1640099999999978,1.1646399999999977,1.1633599999999977,1.1635899999999977,2684
2026-07-31T08:00:00+00:00,1.1635899999999977,1.1637299999999977,1.1629799999999977,1.1631999999999978,2300
2026-07-31T08:15:00+00:00,1.1631999999999978,1.1634499999999977,1.1628899999999978,1.1628899999999978,2163
2026-07-31T08:30:00+00:00,1.1628899999999978,1.1631599999999978,1.1625899999999978,1.1630599999999978,2206
2026-07-31T08:45:00+00:00,1.1630599999999978,1.1647699999999976,1.1630599999999978,1.1643199999999978,4028
2026-07-31T09:00:00+00:00,1.1643199999999978,1.1646399999999977,1.1636299999999977,1.1638099999999978,5934
2026-07-31T09:15:00+00:00,1.1638099999999978,1.1639999999999977,1.1630599999999978,1.1630699999999978,2854
2026-07-31T09:30:00+00:00,1.1630699999999978,1.1633799999999976,1.1624699999999977,1.1624999999999976,2763
2026-07-31T09:45:00+00:00,1.1624999999999976,1.1630699999999978,1.1624899999999978,1.1626899999999978,1771
2026-07-31T10:00:00+00:00,1.1626899999999978,1.1629699999999978,1.1624999999999976,1.1628499999999977,1614
2026-07-31T10:15:00+00:00,1.1628499999999977,1.1628599999999978,1.1622899999999978,1.1623499999999978,1955
2026-07-31T10:30:00+00:00,1.1623499999999978,1.1625899999999978,1.1622599999999976,1.1624399999999977,1542
2026-07-31T10:45:00+00:00,1.1624399999999977,1.1625599999999978,1.1622899999999978,1.1623499999999978,1339
2026-07-31T11:00:00+00:00,1.1623499999999978,1.1623499999999978,1.1618799999999978,1.1619799999999978,1544
2026-07-31T11:15:00+00:00,1.1619799999999978,1.1619899999999976,1.1613799999999976,1.1614499999999977,2190
2026-07-31T11:30:00+00:00,1.1614499999999977,1.1615099999999978,1.1610799999999977,1.1611999999999978,1787
2026-07-31T11:45:00+00:00,1.1611999999999978,1.1612499999999977,1.1606299999999978,1.1606799999999977,2065
2026-07-31T12:00:00+00:00,1.1606799999999977,1.1608299999999978,1.1602999999999977,1.1608299999999978,2100
2026-07-31T12:15:00+00:00,1.1608299999999978,1.1609399999999976,1.1605299999999976,1.1605399999999977,1533
2026-07-31T12:30:00+00:00,1.1605399999999977,1.1608499999999977,1.1603599999999978,1.1606799999999977,1716
2026-07-31T12:45:00+00:00,1.1606799999999977,1.1612299999999978,1.1605299999999976,1.1609799999999977,2072
2026-07-31T13:00:00+00:00,1.1609799999999977,1.1613399999999978,1.1608199999999977,1.1609199999999977,2103
2026-07-31T13:15:00+00:00,1.1609199999999977,1.1625099999999977,1.1605599999999978,1.1621999999999977,5693
2026-07-31T13:30:00+00:00,1.1621999999999977,1.1622699999999977,1.1576799999999978,1.1592299999999978,8825
2026-07-31T13:45:00+00:00,1.1592299999999978,1.1596499999999976,1.1586399999999977,1.1588199999999977,6187
2026-07-31T14:00:00+00:00,1.1588199999999977,1.1596199999999977,1.1584099999999977,1.1596099999999978,6838
2026-07-31T14:15:00+00:00,1.1596099999999978,1.1601699999999977,1.1593699999999978,1.1601299999999977,4648
2026-07-31T14:30:00+00:00,1.1601299999999977,1.1613799999999976,1.1601099999999978,1.1613599999999977,3400
2026-07-31T14:45:00+00:00,1.1613599999999977,1.1627799999999977,1.1610999999999978,1.1626199999999978,7067
2026-07-31T15:00:00+00:00,1.1626199999999978,1.1628899999999978,1.1618699999999977,1.1625399999999977,5032
2026-07-31T15:15:00+00:00,1.1625399999999977,1.1629399999999976,1.1620499999999978,1.1625399999999977,3853
2026-07-31T15:30:00+00:00,1.1625399999999977,1.1631699999999978,1.1622999999999977,1.1630499999999977,3725
2026-07-31T15:45:00+00:00,1.1630499999999977,1.1640099999999978,1.1630299999999978,1.1639599999999977,2712
2026-07-31T16:00:00+00:00,1.1639599999999977,1.1640599999999977,1.1634299999999977,1.1638399999999978,2487
2026-07-31T16:15:00+00:00,1.1638399999999978,1.1639899999999976,1.1633799999999976,1.1634899999999977,2632
2026-07-31T16:30:00+00:00,1.1634899999999977,1.1639099999999978,1.1634399999999978,1.1635399999999978,1843
2026-07-31T16:45:00+00:00,1.1635399999999978,1.1639499999999978,1.1635399999999978,1.1638599999999977,1649
2026-07-31T17:00:00+00:00,1.1638599999999977,1.1644799999999977,1.1638499999999978,1.1644199999999978,1536
2026-07-31T17:15:00+00:00,1.1644199999999978,1.1649399999999976,1.1641599999999976,1.1648899999999978,2775
2026-07-31T17:30:00+00:00,1.1648899999999978,1.1657299999999977,1.1648799999999977,1.1657299999999977,4745
2026-07-31T17:45:00+00:00,1.1657299999999977,1.1659099999999978,1.1649099999999977,1.1654899999999977,4823
2026-07-31T18:00:00+00:00,1.1654899999999977,1.1657799999999978,1.1649499999999977,1.1649699999999976,3265
2026-07-31T18:15:00+00:00,1.1649699999999976,1.1652099999999976,1.1647999999999978,1.1651099999999976,1698
2026-07-31T18:30:00+00:00,1.1651099999999976,1.1651799999999977,1.1648799999999977,1.1648799999999977,1488
2026-07-31T18:45:00+00:00,1.1648799999999977,1.1652399999999978,1.1645799999999977,1.1652299999999978,1503
2026-07-31T19:00:00+00:00,1.1652299999999978,1.1655799999999976,1.1652299999999978,1.1654099999999978,1080
2026-07-31T19:15:00+00:00,1.1654099999999978,1.1654099999999978,1.1651299999999978,1.1652399999999978,756
2026-07-31T19:30:00+00:00,1.1652399999999978,1.1655499999999976,1.1648599999999978,1.1655499999999976,1587
2026-07-31T19:45:00+00:00,1.1655499999999976,1.1657599999999977,1.1652399999999978,1.1652899999999977,1924
2026-07-31T20:00:00+00:00,1.1652899999999977,1.1652999999999978,1.1645499999999978,1.1651899999999977,1915
2026-07-31T20:15:00+00:00,1.1651899999999977,1.1659899999999976,1.1651199999999977,1.1657699999999978,2656
2026-07-31T20:30:00+00:00,1.1657699999999978,1.1661499999999978,1.1654899999999977,1.1661399999999977,2930
2026-07-31T20:45:00+00:00,1.1661399999999977,1.1668799999999977,1.1648299999999978,1.1650599999999978,4964.842878018231
2026-08-02T21:00:00+00:00,1.1650599999999978,1.1654099999999978,1.1648699999999979,1.1649399999999979,204.00574115478486
2026-08-02T21:15:00+00:00,1.1649399999999979,1.1652799999999979,1.1648499999999977,1.1650699999999978,194.3593042217793
2026-08-02T21:30:00+00:00,1.1650699999999978,1.1654999999999978,1.164879999999998,1.165489999999998,308
2026-08-02T21:45:00+00:00,1.165489999999998,1.1655299999999977,1.1650299999999978,1.1652399999999978,475
2026-08-02T22:00:00+00:00,1.1652399999999978,1.1665799999999977,1.1652399999999978,1.166509999999998,2048
2026-08-02T22:15:00+00:00,1.166509999999998,1.1665999999999979,1.1654799999999979,1.165759999999998,2274
2026-08-02T22:30:00+00:00,1.165759999999998,1.1658699999999977,1.165459999999998,1.1655699999999978,1601
2026-08-02T22:45:00+00:00,1.1655699999999978,1.165899999999998,1.165489999999998,1.1655399999999978,1019
2026-08-02T23:00:00+00:00,1.1655399999999978,1.165829999999998,1.1650399999999979,1.165219999999998,1771
2026-08-02T23:15:00+00:00,1.165219999999998,1.165289999999998,1.1649899999999977,1.1651699999999978,1205
2026-08-02T23:30:00+00:00,1.1651699999999978,1.1653099999999978,1.164949999999998,1.165149999999998,1169
2026-08-02T23:45:00+00:00,1.165149999999998,1.1651799999999979,1.1649199999999977,1.165079999999998,1358
2026-08-03T00:00:00+00:00,1.165079999999998,1.1651099999999979,1.1642199999999978,1.164369999999998,2530
2026-08-03T00:15:00+00:00,1.164369999999998,1.1655299999999977,1.164299999999998,1.1654099999999978,3970
2026-08-03T00:30:00+00:00,1.1654099999999978,1.1662099999999977,1.1653099999999978,1.1660899999999979,7283
2026-08-03T00:45:00+00:00,1.1660899999999979,1.166299999999998,1.1647999999999978,1.164949999999998,6373
2026-08-03T01:00:00+00:00,1.164949999999998,1.165289999999998,1.164339999999998,1.164339999999998,5266
2026-08-03T01:15:00+00:00,1.164339999999998,1.164509999999998,1.163899999999998,1.163899999999998,2430
2026-08-03T01:30:00+00:00,1.163899999999998,1.164099999999998,1.163759999999998,1.163929999999998,1915
2026-08-03T01:45:00+00:00,1.163929999999998,1.164029999999998,1.1637099999999978,1.163929999999998,1592
2026-08-03T02:00:00+00:00,1.163929999999998,1.1641199999999978,1.1636499999999979,1.1636999999999977,1487
2026-08-03T02:15:00+00:00,1.1636999999999977,1.164029999999998,1.163559999999998,1.1639899999999979,1432
2026-08-03T02:30:00+00:00,1.1639899999999979,1.1642499999999978,1.163899999999998,1.163899999999998,1546
2026-08-03T02:45:00+00:00,1.163899999999998,1.1640099999999978,1.1637799999999978,1.163799999999998,1006
2026-08-03T03:00:00+00:00,1.163799999999998,1.1638199999999979,1.1634299999999977,1.163519999999998,1363
2026-08-03T03:15:00+00:00,1.163519999999998,1.1636699999999978,1.1634299999999977,1.163629999999998,1153
2026-08-03T03:30:00+00:00,1.163629999999998,1.1636499999999979,1.1634099999999978,1.163459999999998,1241
2026-08-03T03:45:00+00:00,1.163459999999998,1.1637499999999978,1.1634299999999977,1.163689999999998,885
2026-08-03T04:00:00+00:00,1.163689999999998,1.1638799999999978,1.1636099999999978,1.1638399999999978,1131
2026-08-03T04:15:00+00:00,1.1638399999999978,1.1640199999999978,1.1638099999999978,1.1639799999999978,802
2026-08-03T04:30:00+00:00,1.1639799999999978,1.164299999999998,1.1638699999999977,1.164299999999998,840
2026-08-03T04:45:00+00:00,1.164299999999998,1.1643099999999977,1.163999999999998,1.1641199999999978,844
2026-08-03T05:00:00+00:00,1.1641199999999978,1.1642799999999978,1.1638799999999978,1.1640399999999977,1017
2026-08-03T05:15:00+00:00,1.1640399999999977,1.1641199999999978,1.163929999999998,1.1640599999999979,978
2026-08-03T05:30:00+00:00,1.1640599999999979,1.1643099999999977,1.1640399999999977,1.164299999999998,966
2026-08-03T05:45:00+00:00,1.164299999999998,1.1644599999999978,1.164199999999998,1.1644299999999979,1034
2026-08-03T06:00:00+00:00,1.1644299999999979,1.1645899999999978,1.163999999999998,1.163999999999998,1667
2026-08-03T06:15:00+00:00,1.163999999999998,1.1643099999999977,1.1638399999999978,1.1641099999999978,2068
2026-08-03T06:30:00+00:00,1.1641099999999978,1.164169999999998,1.1631299999999978,1.1632599999999977,2505
2026-08-03T06:45:00+00:00,1.1632599999999977,1.163559999999998,1.1630899999999977,1.1634099999999978,2389
2026-08-03T07:00:00+00:00,1.1634099999999978,1.163729999999998,1.162949999999998,1.1636499999999979,2590
2026-08-03T07:15:00+00:00,1.1636499999999979,1.1637799999999978,1.162779999999998,1.163589999999998,3464
2026-08-03T07:30:00+00:00,1.163589999999998,1.163929999999998,1.163079999999998,1.1633399999999978,2017
2026-08-03T07:45:00+00:00,1.1633399999999978,1.1634499999999979,1.163049999999998,1.1632999999999978,1827
2026-08-03T08:00:00+00:00,1.1632999999999978,1.163459999999998,1.163019999999998,1.163419999999998,1818
2026-08-03T08:15:00+00:00,1.163419999999998,1.1634499999999979,1.1628999999999978,1.1631599999999978,2000
2026-08-03T08:30:00+00:00,1.1631599999999978,1.1634799999999978,1.163049999999998,1.1632099999999979,1939
2026-08-03T08:45:00+00:00,1.1632099999999979,1.1632699999999978,1.162809999999998,1.162979999999998,1647
2026-08-03T09:00:00+00:00,1.162979999999998,1.163359999999998,1.162709999999998,1.1631599999999978,2068
2026-08-03T09:15:00+00:00,1.1631599999999978,1.1631599999999978,1.1627999999999978,1.1630999999999978,1655
2026-08-03T09:30:00+00:00,1.1630999999999978,1.1636099999999978,1.1630599999999978,1.163559999999998,1804
2026-08-03T09:45:00+00:00,1.163559999999998,1.163729999999998,1.1628999999999978,1.1629299999999978,2080
2026-08-03T10:00:00+00:00,1.1629299999999978,1.1631699999999978,1.1628199999999977,1.1630099999999979,1558
2026-08-03T10:15:00+00:00,1.1630099999999979,1.1631399999999978,1.1623899999999978,1.163019999999998,1896
2026-08-03T10:30:00+00:00,1.163019999999998,1.1630699999999978,1.1627399999999979,1.1627999999999978,1314
2026-08-03T10:45:00+00:00,1.1627999999999978,1.1631799999999979,1.1626999999999978,1.1629199999999977,1858
2026-08-03T11:00:00+00:00,1.1629199999999977,1.163389999999998,1.1629199999999977,1.1632599999999977,1827
2026-08-03T11:15:00+00:00,1.1632599999999977,1.1632799999999979,1.1627899999999978,1.162909999999998,1463
2026-08-03T11:30:00+00:00,1.162909999999998,1.1633099999999978,1.162849999999998,1.1632699999999978,1464
2026-08-03T11:45:00+00:00,1.1632699999999978,1.1639599999999979,1.1632699999999978,1.1639599999999979,2016
2026-08-03T12:00:00+00:00,1.1639599999999979,1.1642199999999978,1.1637699999999978,1.163859999999998,2354
2026-08-03T12:15:00+00:00,1.163859999999998,1.1640199999999978,1.1636199999999979,1.1636799999999978,1832
2026-08-03T12:30:00+00:00,1.1636799999999978,1.164029999999998,1.163119999999998,1.1631699999999978,2068
2026-08-03T12:45:00+00:00,1.1631699999999978,1.1636099999999978,1.1629899999999977,1.1635099999999978,2430
2026-08-03T13:00:00+00:00,1.1635099999999978,1.164069999999998,1.1635099999999978,1.1636699999999978,2535
2026-08-03T13:15:00+00:00,1.1636699999999978,1.163859999999998,1.163189999999998,1.163859999999998,3127
2026-08-03T13:30:00+00:00,1.163859999999998,1.1642199999999978,1.163249999999998,1.163459999999998,3759
2026-08-03T13:45:00+00:00,1.163459999999998,1.1637799999999978,1.1628899999999978,1.163359999999998,3172
2026-08-03T14:00:00+00:00,1.163359999999998,1.1634499999999979,1.162339999999998,1.162339999999998,3855
2026-08-03T14:15:00+00:00,1.162339999999998,1.163019999999998,1.1621799999999978,1.1622299999999979,3905
2026-08-03T14:30:00+00:00,1.1622299999999979,1.1624899999999978,1.161729999999998,1.1620799999999978,3084
2026-08-03T14:45:00+00:00,1.1620799999999978,1.1623299999999979,1.1618399999999978,1.1621099999999978,3651
2026-08-03T15:00:00+00:00,1.1621099999999978,1.162139999999998,1.160949999999998,1.1610399999999979,3687
2026-08-03T15:15:00+00:00,1.1610399999999979,1.161419999999998,1.1609899999999977,1.161119999999998,2435
2026-08-03T15:30:00+00:00,1.161119999999998,1.161289999999998,1.160749999999998,1.1610599999999978,2993
2026-08-03T15:45:00+00:00,1.1610599999999978,1.1616699999999978,1.1610299999999978,1.1616699999999978,2208
2026-08-03T16:00:00+00:00,1.1616699999999978,1.161759999999998,1.161289999999998,1.1615399999999978,1918
2026-08-03T16:15:00+00:00,1.1615399999999978,1.1615999999999977,1.1611999999999978,1.1612699999999978,2055
2026-08-03T16:30:00+00:00,1.1612699999999978,1.161529999999998,1.161149999999998,1.1614399999999978,1508
2026-08-03T16:45:00+00:00,1.1614399999999978,1.161559999999998,1.1612399999999978,1.161389999999998,1290
2026-08-03T17:00:00+00:00,1.161389999999998,1.1613999999999978,1.1610399999999979,1.1610999999999978,1458
2026-08-03T17:15:00+00:00,1.1610999999999978,1.1610999999999978,1.1609099999999979,1.1610699999999978,1881
2026-08-03T17:30:00+00:00,1.1610699999999978,1.1611999999999978,1.1609999999999978,1.1611099999999979,1003
2026-08-03T17:45:00+00:00,1.1611099999999979,1.1613099999999978,1.160849999999998,1.1609099999999979,1553
2026-08-03T18:00:00+00:00,1.1609099999999979,1.1613499999999979,1.1608599999999978,1.1612099999999979,1359
2026-08-03T18:15:00+00:00,1.1612099999999979,1.161729999999998,1.1612099999999979,1.1616699999999978,1116
2026-08-03T18:30:00+00:00,1.1616699999999978,1.1619399999999978,1.161559999999998,1.161899999999998,1164
2026-08-03T18:45:00+00:00,1.161899999999998,1.1621799999999978,1.1618399999999978,1.162069999999998,1460
2026-08-03T19:00:00+00:00,1.162069999999998,1.1621899999999978,1.1620099999999978,1.162069999999998,1130
2026-08-03T19:15:00+00:00,1.162069999999998,1.1621099999999978,1.1619399999999978,1.1619499999999978,764
2026-08-03T19:30:00+00:00,1.1619499999999978,1.1620099999999978,1.1618099999999978,1.161969999999998,871
2026-08-03T19:45:00+00:00,1.161969999999998,1.1620099999999978,1.161659999999998,1.1617499999999978,1079
2026-08-03T20:00:00+00:00,1.1617499999999978,1.161799999999998,1.1614099999999978,1.161459999999998,780
2026-08-03T20:15:00+00:00,1.161459999999998,1.1616199999999979,1.1613399999999978,1.1614499999999979,542
2026-08-03T20:30:00+00:00,1.1614499999999979,1.1616999999999977,1.1614299999999977,1.1616399999999978,427
2026-08-03T20:45:00+00:00,1.1616399999999978,1.1616699999999978,1.1612799999999979,1.1613099999999978,592
2026-08-03T21:00:00+00:00,1.1613099999999978,1.1616499999999979,1.1611999999999978,1.161389999999998,588
2026-08-03T21:15:00+00:00,1.161389999999998,1.1616799999999978,1.1613699999999978,1.1615699999999978,438
2026-08-03T21:30:00+00:00,1.1615699999999978,1.161629999999998,1.1614399999999978,1.1614699999999978,596
2026-08-03T21:45:00+00:00,1.1614699999999978,1.1616799999999978,1.161459999999998,1.1616399999999978,687
2026-08-03T22:00:00+00:00,1.1616399999999978,1.1617099999999978,1.161389999999998,1.1614499999999979,492
2026-08-03T22:15:00+00:00,1.1614499999999979,1.161529999999998,1.161389999999998,1.161419999999998,321
2026-08-03T22:30:00+00:00,1.161419999999998,1.161559999999998,1.1613799999999979,1.1615099999999978,311.4216725559482
2026-08-03T22:45:00+00:00,1.1615099999999978,1.161669999999998,1.1614799999999978,1.161599999999998,353
2026-08-03T23:00:00+00:00,1.161599999999998,1.1617199999999979,1.1615499999999979,1.1617099999999978,432
2026-08-03T23:15:00+00:00,1.1617099999999978,1.161759999999998,1.161639999999998,1.161659999999998,277
2026-08-03T23:30:00+00:00,1.161659999999998,1.161669999999998,1.1614799999999978,1.161529999999998,427
2026-08-03T23:45:00+00:00,1.161529999999998,1.161539999999998,1.161369999999998,1.161419999999998,742
2026-08-04T00:00:00+00:00,1.161419999999998,1.162099999999998,1.161419999999998,1.161689999999998,1953
2026-08-04T00:15:00+00:00,1.161689999999998,1.1619599999999979,1.161659999999998,1.1618899999999979,1283
2026-08-04T00:30:00+00:00,1.1618899999999979,1.1622199999999978,1.161809999999998,1.1619899999999979,1209
2026-08-04T00:45:00+00:00,1.1619899999999979,1.1619899999999979,1.1612099999999979,1.1612699999999978,1854
2026-08-04T01:00:00+00:00,1.1612699999999978,1.161299999999998,1.1609399999999979,1.1612099999999979,1471
2026-08-04T01:15:00+00:00,1.1612099999999979,1.161659999999998,1.161199999999998,1.1615499999999979,1253
2026-08-04T01:30:00+00:00,1.1615499999999979,1.162169999999998,1.1615499999999979,1.162149999999998,1507
2026-08-04T01:45:00+00:00,1.162149999999998,1.162169999999998,1.1619199999999978,1.1619499999999978,1336
2026-08-04T02:00:00+00:00,1.1619499999999978,1.162109999999998,1.1616799999999978,1.1619499999999978,1319
2026-08-04T02:15:00+00:00,1.1619499999999978,1.162009999999998,1.161489999999998,1.161639999999998,896
2026-08-04T02:30:00+00:00,1.161639999999998,1.161909999999998,1.161589999999998,1.161859999999998,855
2026-08-04T02:45:00+00:00,1.161859999999998,1.161969999999998,1.161489999999998,1.1615199999999979,858
2026-08-04T03:00:00+00:00,1.1615199999999979,1.161859999999998,1.161489999999998,1.1616499999999979,954
2026-08-04T03:15:00+00:00,1.1616499999999979,1.161969999999998,1.161629999999998,1.161909999999998,935
2026-08-04T03:30:00+00:00,1.161909999999998,1.1621299999999979,1.1614799999999978,1.161559999999998,1492
2026-08-04T03:45:00+00:00,1.161559999999998,1.161729999999998,1.161499999999998,1.161529999999998,856
2026-08-04T04:00:00+00:00,1.161529999999998,1.161589999999998,1.1613099999999978,1.1614099999999978,755
2026-08-04T04:15:00+00:00,1.1614099999999978,1.161589999999998,1.161389999999998,1.1615199999999979,631
2026-08-04T04:30:00+00:00,1.1615199999999979,1.1617099999999978,1.1615199999999979,1.1616199999999979,642
2026-08-04T04:45:00+00:00,1.1616199999999979,1.1618199999999979,1.1615799999999978,1.1617499999999978,829
2026-08-04T05:00:00+00:00,1.1617499999999978,1.161769999999998,1.161429999999998,1.161459999999998,936
2026-08-04T05:15:00+00:00,1.161459999999998,1.1617199999999979,1.161419999999998,1.161659999999998,933
2026-08-04T05:30:00+00:00,1.161659999999998,1.161759999999998,1.1612399999999978,1.1612699999999978,1064
2026-08-04T05:45:00+00:00,1.1612699999999978,1.161469999999998,1.1610999999999978,1.1614499999999979,1268
2026-08-04T06:00:00+00:00,1.1614499999999979,1.161499999999998,1.161149999999998,1.161499999999998,1854
2026-08-04T06:15:00+00:00,1.161499999999998,1.161759999999998,1.1613099999999978,1.161329999999998,2237
2026-08-04T06:30:00+00:00,1.161329999999998,1.161529999999998,1.1610999999999978,1.1611799999999979,1377
2026-08-04T06:45:00+00:00,1.1611799999999979,1.1614799999999978,1.1610999999999978,1.1614499999999979,1872
2026-08-04T07:00:00+00:00,1.1614499999999979,1.1617799999999978,1.1613499999999979,1.161629999999998,1946
2026-08-04T07:15:00+00:00,1.161629999999998,1.162439999999998,1.1615799999999978,1.161979999999998,1855
2026-08-04T07:30:00+00:00,1.161979999999998,1.1622199999999978,1.1617099999999978,1.1617199999999979,1544
2026-08-04T07:45:00+00:00,1.1617199999999979,1.162029999999998,1.161599999999998,1.161799999999998,1555
2026-08-04T08:00:00+00:00,1.161799999999998,1.1621599999999979,1.161599999999998,1.1616799999999978,1908
2026-08-04T08:15:00+00:00,1.1616799999999978,1.1619499999999978,1.161499999999998,1.161909999999998,1790
2026-08-04T08:30:00+00:00,1.161909999999998,1.161909999999998,1.1613399999999978,1.161669999999998,1957
2026-08-04T08:45:00+00:00,1.161669999999998,1.161689999999998,1.161359999999998,1.1615099999999978,1787
2026-08-04T09:00:00+00:00,1.1615099999999978,1.161539999999998,1.161049999999998,1.161419999999998,1802
2026-08-04T09:15:00+00:00,1.161419999999998,1.161829999999998,1.161399999999998,1.161759999999998,1489
2026-08-04T09:30:00+00:00,1.161759999999998,1.161839999999998,1.161469999999998,1.161529999999998,1634
2026-08-04T09:45:00+00:00,1.161529999999998,1.161629999999998,1.1612699999999978,1.161529999999998,1369
2026-08-04T10:00:00+00:00,1.161529999999998,1.161839999999998,1.161489999999998,1.161729999999998,1614
2026-08-04T10:15:00+00:00,1.161729999999998,1.1617799999999978,1.1615099999999978,1.161669999999998,1457
2026-08-04T10:30:00+00:00,1.161669999999998,1.162439999999998,1.161589999999998,1.1621599999999979,2070
2026-08-04T10:45:00+00:00,1.1621599999999979,1.1625999999999979,1.1619899999999979,1.162109999999998,3301
2026-08-04T11:00:00+00:00,1.162109999999998,1.162379999999998,1.161869999999998,1.162349999999998,1790
2026-08-04T11:15:00+00:00,1.162349999999998,1.162709999999998,1.162299999999998,1.162709999999998,1710
2026-08-04T11:30:00+00:00,1.162709999999998,1.163059999999998,1.1624599999999978,1.162979999999998,3114
2026-08-04T11:45:00+00:00,1.162979999999998,1.1630099999999979,1.1622199999999978,1.162349999999998,3752
2026-08-04T12:00:00+00:00,1.162349999999998,1.162589999999998,1.162099999999998,1.162149999999998,2804
2026-08-04T12:15:00+00:00,1.162149999999998,1.162509999999998,1.1620599999999979,1.162149999999998,1752
2026-08-04T12:30:00+00:00,1.162149999999998,1.1630399999999979,1.162149999999998,1.162889999999998,2049
2026-08-04T12:45:00+00:00,1.162889999999998,1.1628999999999978,1.162179999999998,1.162209999999998,1911
2026-08-04T13:00:00+00:00,1.162209999999998,1.162239999999998,1.161799999999998,1.161999999999998,1684
2026-08-04T13:15:00+00:00,1.161999999999998,1.1626599999999978,1.1616499999999979,1.162279999999998,4294
2026-08-04T13:30:00+00:00,1.162279999999998,1.163219999999998,1.162209999999998,1.163059999999998,3928
2026-08-04T13:45:00+00:00,1.163059999999998,1.163319999999998,1.162859999999998,1.163119999999998,2969
2026-08-04T14:00:00+00:00,1.163119999999998,1.163759999999998,1.1629299999999978,1.1636799999999978,2780
2026-08-04T14:15:00+00:00,1.1636799999999978,1.163799999999998,1.1633499999999979,1.163389999999998,2457
2026-08-04T14:30:00+00:00,1.163389999999998,1.1635799999999978,1.163049999999998,1.163059999999998,2852
2026-08-04T14:45:00+00:00,1.163059999999998,1.1631699999999978,1.162619999999998,1.163029999999998,3078
2026-08-04T15:00:00+00:00,1.163029999999998,1.163249999999998,1.1625599999999978,1.1625599999999978,2627
2026-08-04T15:15:00+00:00,1.1625599999999978,1.1625699999999979,1.162109999999998,1.162509999999998,2113
2026-08-04T15:30:00+00:00,1.162509999999998,1.162979999999998,1.162069999999998,1.162849999999998,2910
2026-08-04T15:45:00+00:00,1.162849999999998,1.163369999999998,1.162749999999998,1.1633499999999979,1787
2026-08-04T16:00:00+00:00,1.1633499999999979,1.163389999999998,1.162819999999998,1.1628999999999978,1491
2026-08-04T16:15:00+00:00,1.1628999999999978,1.162959999999998,1.1626699999999979,1.1626699999999979,1512
2026-08-04T16:30:00+00:00,1.1626699999999979,1.1626999999999978,1.1623999999999979,1.1625999999999979,942
2026-08-04T16:45:00+00:00,1.1625999999999979,1.162689999999998,1.162379999999998,1.162589999999998,1107
2026-08-04T17:00:00+00:00,1.162589999999998,1.1629699999999978,1.162589999999998,1.162959999999998,1364
2026-08-04T17:15:00+00:00,1.162959999999998,1.1629699999999978,1.162689999999998,1.1627999999999978,1280
2026-08-04T17:30:00+00:00,1.1627999999999978,1.1633099999999978,1.162759999999998,1.163289999999998,1060
2026-08-04T17:45:00+00:00,1.163289999999998,1.163359999999998,1.1631399999999978,1.1631399999999978,1011
2026-08-04T18:00:00+00:00,1.1631399999999978,1.1633799999999979,1.163049999999998,1.163149999999998,1505
2026-08-04T18:15:00+00:00,1.163149999999998,1.1632799999999979,1.1629999999999978,1.1632099999999979,891
2026-08-04T18:30:00+00:00,1.1632099999999979,1.163459999999998,1.163149999999998,1.163459999999998,1007
2026-08-04T18:45:00+00:00,1.163459999999998,1.164099999999998,1.163419999999998,1.164009999999998,1602
2026-08-04T19:00:00+00:00,1.164009999999998,1.164069999999998,1.1637799999999978,1.1637899999999979,1609
2026-08-04T19:15:00+00:00,1.1637899999999979,1.1639599999999979,1.1636799999999978,1.1639599999999979,1017
2026-08-04T19:30:00+00:00,1.1639599999999979,1.163999999999998,1.1637499999999978,1.1638499999999978,666
2026-08-04T19:45:00+00:00,1.1638499999999978,1.1638799999999978,1.1636799999999978,1.163799999999998,932
2026-08-04T20:00:00+00:00,1.163799999999998,1.1639499999999978,1.1637899999999979,1.1638899999999979,661
2026-08-04T20:15:00+00:00,1.1638899999999979,1.1641299999999979,1.163859999999998,1.163979999999998,540
2026-08-04T20:30:00+00:00,1.163979999999998,1.1639899999999979,1.1637899999999979,1.163809999999998,378
2026-08-04T20:45:00+00:00,1.163809999999998,1.164109999999998,1.163759999999998,1.163759999999998,782
2026-08-04T21:00:00+00:00,1.163759999999998,1.163759999999998,1.1632399999999978,1.1635499999999979,173
2026-08-04T21:15:00+00:00,1.1635499999999979,1.1636799999999978,1.1635399999999978,1.163569999999998,211
2026-08-04T21:30:00+00:00,1.163569999999998,1.163839999999998,1.163559999999998,1.163629999999998,354
2026-08-04T21:45:00+00:00,1.163629999999998,1.1636799999999978,1.1636099999999978,1.163669999999998,137
2026-08-04T22:00:00+00:00,1.163669999999998,1.163839999999998,1.163629999999998,1.163829999999998,313
2026-08-04T22:15:00+00:00,1.163829999999998,1.1638499999999978,1.1637199999999979,1.1637799999999978,272
2026-08-04T22:30:00+00:00,1.1637799999999978,1.163989999999998,1.1637799999999978,1.163949999999998,204.38411564073414
2026-08-04T22:45:00+00:00,1.163949999999998,1.164009999999998,1.163799999999998,1.163979999999998,289
2026-08-04T23:00:00+00:00,1.163979999999998,1.164049999999998,1.163739999999998,1.163939999999998,667
2026-08-04T23:15:00+00:00,1.163939999999998,1.163939999999998,1.163749999999998,1.163759999999998,472
2026-08-04T23:30:00+00:00,1.163759999999998,1.163849999999998,1.1637199999999979,1.163759999999998,433
2026-08-04T23:45:00+00:00,1.163759999999998,1.163989999999998,1.163759999999998,1.163929999999998,557
2026-08-05T00:00:00+00:00,1.163929999999998,1.164199999999998,1.163879999999998,1.164009999999998,1424
2026-08-05T00:15:00+00:00,1.164009999999998,1.164259999999998,1.1639599999999979,1.164189999999998,1167
2026-08-05T00:30:00+00:00,1.164189999999998,1.164279999999998,1.1639599999999979,1.1639599999999979,1062
2026-08-05T00:45:00+00:00,1.1639599999999979,1.164049999999998,1.163699999999998,1.163869999999998,1677
2026-08-05T01:00:00+00:00,1.163869999999998,1.163899999999998,1.163599999999998,1.163729999999998,1401
2026-08-05T01:15:00+00:00,1.163729999999998,1.163899999999998,1.163409999999998,1.163559999999998,1355
2026-08-05T01:30:00+00:00,1.163559999999998,1.163599999999998,1.163429999999998,1.163519999999998,1135
2026-08-05T01:45:00+00:00,1.163519999999998,1.163599999999998,1.163409999999998,1.163439999999998,1074
2026-08-05T02:00:00+00:00,1.163439999999998,1.163859999999998,1.163399999999998,1.163689999999998,2036
2026-08-05T02:15:00+00:00,1.163689999999998,1.164239999999998,1.163649999999998,1.164079999999998,1628
2026-08-05T02:30:00+00:00,1.164079999999998,1.164779999999998,1.164029999999998,1.164759999999998,1808
2026-08-05T02:45:00+00:00,1.164759999999998,1.164779999999998,1.164199999999998,1.164209999999998,1264
2026-08-05T03:00:00+00:00,1.164209999999998,1.1647699999999979,1.164199999999998,1.164689999999998,1019
2026-08-05T03:15:00+00:00,1.164689999999998,1.1647699999999979,1.164459999999998,1.1644999999999979,1043
2026-08-05T03:30:00+00:00,1.1644999999999979,1.164509999999998,1.164259999999998,1.164299999999998,865
2026-08-05T03:45:00+00:00,1.164299999999998,1.164489999999998,1.164289999999998,1.164459999999998,966
2026-08-05T04:00:00+00:00,1.164459999999998,1.164649999999998,1.164449999999998,1.164579999999998,1051
2026-08-05T04:15:00+00:00,1.164579999999998,1.164749999999998,1.164549999999998,1.164649999999998,862
2026-08-05T04:30:00+00:00,1.164649999999998,1.164719999999998,1.164409999999998,1.164429999999998,1032
2026-08-05T04:45:00+00:00,1.164429999999998,1.164539999999998,1.164199999999998,1.164349999999998,1483
2026-08-05T05:00:00+00:00,1.164349999999998,1.164349999999998,1.163909999999998,1.164109999999998,1079
2026-08-05T05:15:00+00:00,1.164109999999998,1.164279999999998,1.164049999999998,1.164169999999998,994
2026-08-05T05:30:00+00:00,1.164169999999998,1.164409999999998,1.164169999999998,1.164319999999998,1122
2026-08-05T05:45:00+00:00,1.164319999999998,1.164539999999998,1.164149999999998,1.164299999999998,1298
2026-08-05T06:00:00+00:00,1.164299999999998,1.164479999999998,1.1642299999999979,1.164369999999998,1678
2026-08-05T06:15:00+00:00,1.164369999999998,1.164369999999998,1.163969999999998,1.164259999999998,2146
2026-08-05T06:30:00+00:00,1.164259999999998,1.164949999999998,1.163979999999998,1.164929999999998,2110
2026-08-05T06:45:00+00:00,1.164929999999998,1.165309999999998,1.164929999999998,1.165219999999998,1615
2026-08-05T07:00:00+00:00,1.165219999999998,1.165419999999998,1.1644999999999979,1.164559999999998,3230
2026-08-05T07:15:00+00:00,1.164559999999998,1.164899999999998,1.164119999999998,1.164149999999998,2380
2026-08-05T07:30:00+00:00,1.164149999999998,1.164509999999998,1.164149999999998,1.164309999999998,1806
2026-08-05T07:45:00+00:00,1.164309999999998,1.164699999999998,1.164199999999998,1.164539999999998,1751
2026-08-05T08:00:00+00:00,1.164539999999998,1.164749999999998,1.164309999999998,1.164389999999998,1819
2026-08-05T08:15:00+00:00,1.164389999999998,1.165069999999998,1.164389999999998,1.165069999999998,2167
2026-08-05T08:30:00+00:00,1.165069999999998,1.165169999999998,1.164049999999998,1.164219999999998,2439
2026-08-05T08:45:00+00:00,1.164219999999998,1.164439999999998,1.163849999999998,1.164289999999998,2058
2026-08-05T09:00:00+00:00,1.164289999999998,1.164579999999998,1.164079999999998,1.164459999999998,2405
2026-08-05T09:15:00+00:00,1.164459999999998,1.164889999999998,1.1643999999999979,1.164679999999998,2664
2026-08-05T09:30:00+00:00,1.164679999999998,1.164999999999998,1.164539999999998,1.164899999999998,1874
2026-08-05T09:45:00+00:00,1.164899999999998,1.164919999999998,1.164699999999998,1.164709999999998,1476
2026-08-05T10:00:00+00:00,1.164709999999998,1.164749999999998,1.164239999999998,1.164369999999998,1509
2026-08-05T10:15:00+00:00,1.164369999999998,1.164819999999998,1.164309999999998,1.164509999999998,1442
2026-08-05T10:30:00+00:00,1.164509999999998,1.1646699999999979,1.164379999999998,1.164509999999998,1564
2026-08-05T10:45:00+00:00,1.164509999999998,1.164809999999998,1.164339999999998,1.164689999999998,1519
2026-08-05T11:00:00+00:00,1.164689999999998,1.165379999999998,1.164689999999998,1.165309999999998,1792
2026-08-05T11:15:00+00:00,1.165309999999998,1.165849999999998,1.165099999999998,1.165519999999998,2261
2026-08-05T11:30:00+00:00,1.165519999999998,1.166259999999998,1.165389999999998,1.166009999999998,2174
2026-08-05T11:45:00+00:00,1.166009999999998,1.166109999999998,1.165629999999998,1.165999999999998,2039
2026-08-05T12:00:00+00:00,1.165999999999998,1.1662299999999979,1.165849999999998,1.165909999999998,1988
2026-08-05T12:15:00+00:00,1.165909999999998,1.166449999999998,1.165899999999998,1.166109999999998,2476
2026-08-05T12:30:00+00:00,1.166109999999998,1.166209999999998,1.165499999999998,1.165529999999998,2068
2026-08-05T12:45:00+00:00,1.165529999999998,1.165749999999998,1.165209999999998,1.165289999999998,2105
2026-08-05T13:00:00+00:00,1.165289999999998,1.165479999999998,1.164959999999998,1.165339999999998,2900
2026-08-05T13:15:00+00:00,1.165339999999998,1.1660599999999979,1.165309999999998,1.1659599999999979,2394
2026-08-05T13:30:00+00:00,1.1659599999999979,1.166129999999998,1.165239999999998,1.1652799999999979,4480
2026-08-05T13:45:00+00:00,1.1652799999999979,1.165379999999998,1.1647399999999979,1.165069999999998,3067
2026-08-05T14:00:00+00:00,1.165069999999998,1.166299999999998,1.164909999999998,1.1660599999999979,4077
2026-08-05T14:15:00+00:00,1.1660599999999979,1.166429999999998,1.165739999999998,1.165759999999998,3442
2026-08-05T14:30:00+00:00,1.165759999999998,1.165999999999998,1.165459999999998,1.165879999999998,2861
2026-08-05T14:45:00+00:00,1.165879999999998,1.166119999999998,1.165259999999998,1.166069999999998,3744
2026-08-05T15:00:00+00:00,1.166069999999998,1.1663999999999979,1.165679999999998,1.165679999999998,3700
2026-08-05T15:15:00+00:00,1.165679999999998,1.165679999999998,1.165259999999998,1.165469999999998,3017
2026-08-05T15:30:00+00:00,1.165469999999998,1.165829999999998,1.165169999999998,1.165649999999998,2388
2026-08-05T15:45:00+00:00,1.165649999999998,1.165709999999998,1.1650099999999979,1.165329999999998,3018
2026-08-05T16:00:00+00:00,1.165329999999998,1.165519999999998,1.1650099999999979,1.165429999999998,2242
2026-08-05T16:15:00+00:00,1.165429999999998,1.165649999999998,1.1653499999999979,1.165489999999998,1324
2026-08-05T16:30:00+00:00,1.165489999999998,1.165499999999998,1.165119999999998,1.165289999999998,1061
2026-08-05T16:45:00+00:00,1.165289999999998,1.165419999999998,1.165099999999998,1.165329999999998,1727
2026-08-05T17:00:00+00:00,1.165329999999998,1.165459999999998,1.164999999999998,1.165149999999998,1200
2026-08-05T17:15:00+00:00,1.165149999999998,1.165669999999998,1.165149999999998,1.165629999999998,1378
2026-08-05T17:30:00+00:00,1.165629999999998,1.166129999999998,1.165489999999998,1.166089999999998,1015
2026-08-05T17:45:00+00:00,1.166089999999998,1.166459999999998,1.166089999999998,1.166359999999998,1173
2026-08-05T18:00:00+00:00,1.166359999999998,1.166579999999998,1.166249999999998,1.166249999999998,1309
2026-08-05T18:15:00+00:00,1.166249999999998,1.1666699999999979,1.166169999999998,1.166639999999998,1231
2026-08-05T18:30:00+00:00,1.166639999999998,1.1666699999999979,1.1660599999999979,1.166099999999998,1109
2026-08-05T18:45:00+00:00,1.166099999999998,1.166299999999998,1.1660599999999979,1.166099999999998,1343
2026-08-05T19:00:00+00:00,1.166099999999998,1.166209999999998,1.165829999999998,1.165869999999998,1057
2026-08-05T19:15:00+00:00,1.165869999999998,1.165869999999998,1.165489999999998,1.165519999999998,930
2026-08-05T19:30:00+00:00,1.165519999999998,1.165809999999998,1.165519999999998,1.1657199999999979,893
2026-08-05T19:45:00+00:00,1.1657199999999979,1.165949999999998,1.165609999999998,1.165839999999998,1105
2026-08-05T20:00:00+00:00,1.165839999999998,1.166019999999998,1.165739999999998,1.165739999999998,683
2026-08-05T20:15:00+00:00,1.165739999999998,1.1658899999999979,1.165659999999998,1.165809999999998,395
2026-08-05T20:30:00+00:00,1.165809999999998,1.166149999999998,1.165799999999998,1.165899999999998,483
2026-08-05T20:45:00+00:00,1.165899999999998,1.166109999999998,1.165869999999998,1.166039999999998,869
2026-08-05T21:00:00+00:00,1.166039999999998,1.166279999999998,1.165779999999998,1.166129999999998,750
2026-08-05T21:15:00+00:00,1.166129999999998,1.166149999999998,1.165749999999998,1.165879999999998,192
2026-08-05T21:30:00+00:00,1.165879999999998,1.165979999999998,1.165769999999998,1.165919999999998,467
2026-08-05T21:45:00+00:00,1.165919999999998,1.165999999999998,1.1656199999999979,1.165689999999998,1101
2026-08-05T22:00:00+00:00,1.165689999999998,1.166249999999998,1.165689999999998,1.166009999999998,512
2026-08-05T22:15:00+00:00,1.166009999999998,1.166169999999998,1.166009999999998,1.166139999999998,791
2026-08-05T22:30:00+00:00,1.166139999999998,1.166199999999998,1.166069999999998,1.166189999999998,206
2026-08-05T22:45:00+00:00,1.166189999999998,1.1662299999999979,1.166139999999998,1.166219999999998,220
2026-08-05T23:00:00+00:00,1.166219999999998,1.1663299999999979,1.166139999999998,1.166289999999998,310
2026-08-05T23:15:00+00:00,1.166289999999998,1.166299999999998,1.166199999999998,1.166219999999998,240
2026-08-05T23:30:00+00:00,1.166219999999998,1.166319999999998,1.166199999999998,1.166309999999998,342
2026-08-05T23:45:00+00:00,1.166309999999998,1.1664999999999979,1.166289999999998,1.166429999999998,469
2026-08-06T00:00:00+00:00,1.166429999999998,1.166479999999998,1.166199999999998,1.166269999999998,1324
2026-08-06T00:15:00+00:00,1.166269999999998,1.166539999999998,1.166259999999998,1.166359999999998,1169
2026-08-06T00:30:00+00:00,1.166359999999998,1.166539999999998,1.166349999999998,1.166389999999998,777
2026-08-06T00:45:00+00:00,1.166389999999998,1.166699999999998,1.166359999999998,1.166359999999998,1157
2026-08-06T01:00:00+00:00,1.166359999999998,1.166459999999998,1.166089999999998,1.166279999999998,1772
2026-08-06T01:15:00+00:00,1.166279999999998,1.166479999999998,1.166139999999998,1.166259999999998,1194
2026-08-06T01:30:00+00:00,1.166259999999998,1.166439999999998,1.166189999999998,1.1663999999999979,1100
2026-08-06T01:45:00+00:00,1.1663999999999979,1.1663999999999979,1.166169999999998,1.166219999999998,916
2026-08-06T02:00:00+00:00,1.166219999999998,1.166479999999998,1.166199999999998,1.166319999999998,1120
2026-08-06T02:15:00+00:00,1.166319999999998,1.166519999999998,1.166179999999998,1.166339999999998,907
2026-08-06T02:30:00+00:00,1.166339999999998,1.166479999999998,1.1662299999999979,1.166469999999998,904
2026-08-06T02:45:00+00:00,1.166469999999998,1.1664999999999979,1.165979999999998,1.166099999999998,819
2026-08-06T03:00:00+00:00,1.166099999999998,1.166119999999998,1.165939999999998,1.165939999999998,752
2026-08-06T03:15:00+00:00,1.165939999999998,1.165969999999998,1.165659999999998,1.165739999999998,839
2026-08-06T03:30:00+00:00,1.165739999999998,1.165819999999998,1.165489999999998,1.165509999999998,666
2026-08-06T03:45:00+00:00,1.165509999999998,1.165609999999998,1.165419999999998,1.165609999999998,665
2026-08-06T04:00:00+00:00,1.165609999999998,1.165689999999998,1.165569999999998,1.165649999999998,580
2026-08-06T04:15:00+00:00,1.165649999999998,1.165659999999998,1.165489999999998,1.1655499999999979,363
2026-08-06T04:30:00+00:00,1.1655499999999979,1.165649999999998,1.165489999999998,1.165499999999998,663
2026-08-06T04:45:00+00:00,1.165499999999998,1.165639999999998,1.165439999999998,1.1656199999999979,912
2026-08-06T05:00:00+00:00,1.1656199999999979,1.165629999999998,1.165199999999998,1.165259999999998,866
2026-08-06T05:15:00+00:00,1.165259999999998,1.1653499999999979,1.165239999999998,1.165289999999998,520
2026-08-06T05:30:00+00:00,1.165289999999998,1.1656199999999979,1.165249999999998,1.165589999999998,820
2026-08-06T05:45:00+00:00,1.165589999999998,1.165769999999998,1.165529999999998,1.165659999999998,860
2026-08-06T06:00:00+00:00,1.165659999999998,1.1658899999999979,1.165299999999998,1.165399999999998,1313
2026-08-06T06:15:00+00:00,1.165399999999998,1.165509999999998,1.165239999999998,1.165369999999998,1711
2026-08-06T06:30:00+00:00,1.165369999999998,1.165389999999998,1.165039999999998,1.165299999999998,1407
2026-08-06T06:45:00+00:00,1.165299999999998,1.1654499999999979,1.165029999999998,1.165219999999998,1506
2026-08-06T07:00:00+00:00,1.165219999999998,1.165299999999998,1.164949999999998,1.165199999999998,1763
2026-08-06T07:15:00+00:00,1.165199999999998,1.165399999999998,1.165029999999998,1.165199999999998,1766
2026-08-06T07:30:00+00:00,1.165199999999998,1.165339999999998,1.165039999999998,1.165209999999998,1511
2026-08-06T07:45:00+00:00,1.165209999999998,1.165239999999998,1.164849999999998,1.165159999999998,1841
2026-08-06T08:00:00+00:00,1.165159999999998,1.165249999999998,1.164629999999998,1.165039999999998,1840
2026-08-06T08:15:00+00:00,1.165039999999998,1.165219999999998,1.164789999999998,1.164829999999998,1618
2026-08-06T08:30:00+00:00,1.164829999999998,1.165169999999998,1.1647399999999979,1.165049999999998,1867
2026-08-06T08:45:00+00:00,1.165049999999998,1.165169999999998,1.1648399999999979,1.165049999999998,1576
2026-08-06T09:00:00+00:00,1.165049999999998,1.165129999999998,1.164809999999998,1.1651099999999979,1528
2026-08-06T09:15:00+00:00,1.1651099999999979,1.1651099999999979,1.164749999999998,1.164949999999998,1250
2026-08-06T09:30:00+00:00,1.164949999999998,1.165039999999998,1.164459999999998,1.164509999999998,1518
2026-08-06T09:45:00+00:00,1.164509999999998,1.164759999999998,1.164379999999998,1.164579999999998,1065
2026-08-06T10:00:00+00:00,1.164579999999998,1.164819999999998,1.164389999999998,1.1643999999999979,1540
2026-08-06T10:15:00+00:00,1.1643999999999979,1.164969999999998,1.164379999999998,1.164849999999998,1050
2026-08-06T10:30:00+00:00,1.164849999999998,1.164999999999998,1.164749999999998,1.164809999999998,903
2026-08-06T10:45:00+00:00,1.164809999999998,1.164959999999998,1.164649999999998,1.164829999999998,1249
2026-08-06T11:00:00+00:00,1.164829999999998,1.165229999999998,1.164829999999998,1.165029999999998,1266
2026-08-06T11:15:00+00:00,1.165029999999998,1.165419999999998,1.164959999999998,1.165249999999998,1054
2026-08-06T11:30:00+00:00,1.165249999999998,1.165299999999998,1.164579999999998,1.164579999999998,1291
2026-08-06T11:45:00+00:00,1.164579999999998,1.165249999999998,1.164489999999998,1.165239999999998,2265
2026-08-06T12:00:00+00:00,1.165239999999998,1.165289999999998,1.164649999999998,1.164689999999998,1790
2026-08-06T12:15:00+00:00,1.164689999999998,1.1651099999999979,1.164689999999998,1.164969999999998,1507
2026-08-06T12:30:00+00:00,1.164969999999998,1.165259999999998,1.1647399999999979,1.164899999999998,1862
2026-08-06T12:45:00+00:00,1.164899999999998,1.164969999999998,1.164409999999998,1.164589999999998,2044
2026-08-06T13:00:00+00:00,1.164589999999998,1.1648399999999979,1.164299999999998,1.164539999999998,2212
2026-08-06T13:15:00+00:00,1.164539999999998,1.164819999999998,1.164389999999998,1.164609999999998,1706
2026-08-06T13:30:00+00:00,1.164609999999998,1.165099999999998,1.164509999999998,1.164979999999998,2164
2026-08-06T13:45:00+00:00,1.164979999999998,1.165199999999998,1.164619999999998,1.165019999999998,2404
2026-08-06T14:00:00+00:00,1.165019999999998,1.165129999999998,1.163979999999998,1.164189999999998,3386
2026-08-06T14:15:00+00:00,1.164189999999998,1.164609999999998,1.164119999999998,1.164199999999998,2702
2026-08-06T14:30:00+00:00,1.164199999999998,1.164479999999998,1.164099999999998,1.164299999999998,2144
2026-08-06T14:45:00+00:00,1.164299999999998,1.164299999999998,1.1637899999999979,1.164239999999998,2686
2026-08-06T15:00:00+00:00,1.164239999999998,1.164299999999998,1.163469999999998,1.163539999999998,2613
2026-08-06T15:15:00+00:00,1.163539999999998,1.163589999999998,1.162859999999998,1.163099999999998,3191
2026-08-06T15:30:00+00:00,1.163099999999998,1.163149999999998,1.162709999999998,1.162999999999998,2141
2026-08-06T15:45:00+00:00,1.162999999999998,1.163169999999998,1.162659999999998,1.162799999999998,2644
2026-08-06T16:00:00+00:00,1.162799999999998,1.1629399999999979,1.162629999999998,1.162749999999998,1708
2026-08-06T16:15:00+00:00,1.162749999999998,1.162749999999998,1.162209999999998,1.162659999999998,2259
2026-08-06T16:30:00+00:00,1.162659999999998,1.162789999999998,1.162409999999998,1.162509999999998,1143
2026-08-06T16:45:00+00:00,1.162509999999998,1.1630099999999979,1.1624999999999979,1.162789999999998,1300
2026-08-06T17:00:00+00:00,1.162789999999998,1.162959999999998,1.162659999999998,1.162709999999998,1213
2026-08-06T17:15:00+00:00,1.162709999999998,1.162829999999998,1.162489999999998,1.1627399999999979,1214
2026-08-06T17:30:00+00:00,1.1627399999999979,1.162809999999998,1.162479999999998,1.162639999999998,1112
2026-08-06T17:45:00+00:00,1.162639999999998,1.163019999999998,1.162609999999998,1.163019999999998,982
2026-08-06T18:00:00+00:00,1.163019999999998,1.163209999999998,1.162969999999998,1.163079999999998,776
2026-08-06T18:15:00+00:00,1.163079999999998,1.163139999999998,1.162929999999998,1.162949999999998,546
2026-08-06T18:30:00+00:00,1.162949999999998,1.163059999999998,1.162899999999998,1.162959999999998,730
2026-08-06T18:45:00+00:00,1.162959999999998,1.163119999999998,1.162909999999998,1.1631099999999979,922
2026-08-06T19:00:00+00:00,1.1631099999999979,1.163299999999998,1.162929999999998,1.162999999999998,1013
2026-08-06T19:15:00+00:00,1.162999999999998,1.163119999999998,1.162459999999998,1.162599999999998,1657
2026-08-06T19:30:00+00:00,1.162599999999998,1.162819999999998,1.162529999999998,1.162599999999998,1155
2026-08-06T19:45:00+00:00,1.162599999999998,1.163309999999998,1.162589999999998,1.163059999999998,1347
2026-08-06T20:00:00+00:00,1.163059999999998,1.163129999999998,1.162829999999998,1.162849999999998,512
2026-08-06T20:15:00+00:00,1.162849999999998,1.162859999999998,1.162609999999998,1.162799999999998,458
2026-08-06T20:30:00+00:00,1.162799999999998,1.162959999999998,1.162759999999998,1.1629399999999979,349
2026-08-06T20:45:00+00:00,1.1629399999999979,1.163169999999998,1.162919999999998,1.163139999999998,1171
2026-08-06T21:00:00+00:00,1.163139999999998,1.163139999999998,1.162809999999998,1.162859999999998,109
2026-08-06T21:15:00+00:00,1.162859999999998,1.162859999999998,1.162679999999998,1.162719999999998,147
2026-08-06T21:30:00+00:00,1.162719999999998,1.162859999999998,1.162609999999998,1.1627399999999979,370
2026-08-06T21:45:00+00:00,1.1627399999999979,1.162819999999998,1.162599999999998,1.162729999999998,335
2026-08-06T22:00:00+00:00,1.162729999999998,1.163049999999998,1.162729999999998,1.162919999999998,661
2026-08-06T22:15:00+00:00,1.162919999999998,1.162989999999998,1.162879999999998,1.162969999999998,245
2026-08-06T22:30:00+00:00,1.162969999999998,1.1630099999999979,1.162899999999998,1.162929999999998,237
2026-08-06T22:45:00+00:00,1.162929999999998,1.162959999999998,1.162869999999998,1.162879999999998,221
2026-08-06T23:00:00+00:00,1.162879999999998,1.163059999999998,1.162879999999998,1.163059999999998,234
2026-08-06T23:15:00+00:00,1.163059999999998,1.163079999999998,1.162989999999998,1.163029999999998,204.00061804697157
2026-08-06T23:30:00+00:00,1.163029999999998,1.1630999999999978,1.162939999999998,1.1630999999999978,188.6119852695012
2026-08-06T23:45:00+00:00,1.1630999999999978,1.163149999999998,1.163079999999998,1.1631299999999978,214
2026-08-07T00:00:00+00:00,1.1631299999999978,1.1631399999999978,1.1628299999999978,1.1628599999999978,1301
2026-08-07T00:15:00+00:00,1.1628599999999978,1.1629599999999978,1.1627499999999977,1.1628999999999978,1022
2026-08-07T00:30:00+00:00,1.1628999999999978,1.162979999999998,1.162779999999998,1.1628299999999978,1166
2026-08-07T00:45:00+00:00,1.1628299999999978,1.1629299999999978,1.162539999999998,1.1626499999999977,1384
2026-08-07T01:00:00+00:00,1.1626499999999977,1.1629899999999977,1.1625899999999978,1.1629399999999979,1214
2026-08-07T01:15:00+00:00,1.1629399999999979,1.1629699999999978,1.1628299999999978,1.1628999999999978,786
2026-08-07T01:30:00+00:00,1.1628999999999978,1.1633099999999978,1.1627499999999977,1.1631999999999978,1166
2026-08-07T01:45:00+00:00,1.1631999999999978,1.1632399999999978,1.1628699999999978,1.1628999999999978,1008
2026-08-07T02:00:00+00:00,1.1628999999999978,1.1630299999999978,1.1628699999999978,1.162909999999998,971
2026-08-07T02:15:00+00:00,1.162909999999998,1.1630299999999978,1.1627999999999978,1.162979999999998,633
2026-08-07T02:30:00+00:00,1.162979999999998,1.1630099999999979,1.1628199999999977,1.1628699999999978,742
2026-08-07T02:45:00+00:00,1.1628699999999978,1.163079999999998,1.1628299999999978,1.1628899999999978,742
2026-08-07T03:00:00+00:00,1.1628899999999978,1.162979999999998,1.1627199999999978,1.1628499999999977,804
2026-08-07T03:15:00+00:00,1.1628499999999977,1.162909999999998,1.1627699999999979,1.1628899999999978,909
2026-08-07T03:30:00+00:00,1.1628899999999978,1.1629699999999978,1.1628399999999979,1.1628999999999978,698
2026-08-07T03:45:00+00:00,1.1628999999999978,1.1630699999999978,1.1628699999999978,1.1630699999999978,606
2026-08-07T04:00:00+00:00,1.1630699999999978,1.163079999999998,1.1628899999999978,1.1629399999999979,784
2026-08-07T04:15:00+00:00,1.1629399999999979,1.1630399999999979,1.1628999999999978,1.1629599999999978,959
2026-08-07T04:30:00+00:00,1.1629599999999978,1.163149999999998,1.1628999999999978,1.1631399999999978,1025
2026-08-07T04:45:00+00:00,1.1631399999999978,1.1631699999999978,1.1630099999999979,1.1630999999999978,766
2026-08-07T05:00:00+00:00,1.1630999999999978,1.1632799999999979,1.163079999999998,1.1631999999999978,501
2026-08-07T05:15:00+00:00,1.1631999999999978,1.1632399999999978,1.1628899999999978,1.1628999999999978,582
2026-08-07T05:30:00+00:00,1.1628999999999978,1.163149999999998,1.162809999999998,1.1630899999999977,860
2026-08-07T05:45:00+00:00,1.1630899999999977,1.163219999999998,1.1629699999999978,1.162979999999998,1003
2026-08-07T06:00:00+00:00,1.162979999999998,1.1631599999999978,1.1628499999999977,1.1630999999999978,1369
2026-08-07T06:15:00+00:00,1.1630999999999978,1.1632399999999978,1.1628899999999978,1.163149999999998,1547
2026-08-07T06:30:00+00:00,1.163149999999998,1.1631599999999978,1.1628899999999978,1.1629599999999978,1651
2026-08-07T06:45:00+00:00,1.1629599999999978,1.1632099999999979,1.1628899999999978,1.1629499999999977,1478
2026-08-07T07:00:00+00:00,1.1629499999999977,1.163079999999998,1.1625199999999978,1.1630099999999979,1741
2026-08-07T07:15:00+00:00,1.1630099999999979,1.1631699999999978,1.162909999999998,1.1629999999999978,1291
2026-08-07T07:30:00+00:00,1.1629999999999978,1.1630699999999978,1.1626999999999978,1.1627599999999978,1508
2026-08-07T07:45:00+00:00,1.1627599999999978,1.1630699999999978,1.1627499999999977,1.1629899999999977,1312
2026-08-07T08:00:00+00:00,1.1629899999999977,1.1630399999999979,1.1625499999999978,1.1625999999999979,1850
2026-08-07T08:15:00+00:00,1.1625999999999979,1.1628599999999978,1.1625999999999979,1.1626699999999979,1784
2026-08-07T08:30:00+00:00,1.1626699999999979,1.1631699999999978,1.162639999999998,1.1631599999999978,1708
2026-08-07T08:45:00+00:00,1.1631599999999978,1.1632699999999978,1.1629899999999977,1.1630899999999977,1676
2026-08-07T09:00:00+00:00,1.1630899999999977,1.1636099999999978,1.1630299999999978,1.163589999999998,2038
2026-08-07T09:15:00+00:00,1.163589999999998,1.1636999999999977,1.1634299999999977,1.1634699999999978,1285
2026-08-07T09:30:00+00:00,1.1634699999999978,1.1635599999999977,1.1632999999999978,1.1634999999999978,1310
2026-08-07T09:45:00+00:00,1.1634999999999978,1.1638699999999977,1.1634999999999978,1.1636399999999978,1714
2026-08-07T10:00:00+00:00,1.1636399999999978,1.1636699999999978,1.1633399999999978,1.1634099999999978,1488
2026-08-07T10:15:00+00:00,1.1634099999999978,1.1635999999999977,1.1633499999999979,1.163489999999998,1395
2026-08-07T10:30:00+00:00,1.163489999999998,1.1635699999999978,1.1632999999999978,1.1633399999999978,1386
2026-08-07T10:45:00+00:00,1.1633399999999978,1.1636399999999978,1.1633299999999978,1.1634399999999978,1421
2026-08-07T11:00:00+00:00,1.1634399999999978,1.1637299999999977,1.1634399999999978,1.1635699999999978,1548
2026-08-07T11:15:00+00:00,1.1635699999999978,1.1636999999999977,1.163389999999998,1.1634099999999978,1733
2026-08-07T11:30:00+00:00,1.1634099999999978,1.1639699999999977,1.163389999999998,1.1639499999999978,1154
2026-08-07T11:45:00+00:00,1.1639499999999978,1.1640799999999978,1.1638799999999978,1.1640399999999977,1458
2026-08-07T12:00:00+00:00,1.1640399999999977,1.1645199999999978,1.1640399999999977,1.1641499999999978,1978
2026-08-07T12:15:00+00:00,1.1641499999999978,1.164199999999998,1.1633799999999979,1.1634699999999978,2690
2026-08-07T12:30:00+00:00,1.1634699999999978,1.168469999999998,1.1633599999999977,1.1680899999999979,15264
2026-08-07T12:45:00+00:00,1.1680899999999979,1.1688299999999978,1.1678099999999978,1.1680099999999978,7575
2026-08-07T13:00:00+00:00,1.1680099999999978,1.1682199999999978,1.1674599999999977,1.168199999999998,4930
2026-08-07T13:15:00+00:00,1.168199999999998,1.1682799999999978,1.167419999999998,1.1677399999999978,3625
2026-08-07T13:30:00+00:00,1.1677399999999978,1.1681899999999978,1.1669399999999979,1.1679399999999978,4453
2026-08-07T13:45:00+00:00,1.1679399999999978,1.1679699999999977,1.1663999999999979,1.1665199999999978,4434
2026-08-07T14:00:00+00:00,1.1665199999999978,1.1665999999999979,1.1659499999999978,1.1665099999999977,4727
2026-08-07T14:15:00+00:00,1.1665099999999977,1.1671599999999978,1.1663599999999978,1.166439999999998,3323
2026-08-07T14:30:00+00:00,1.166439999999998,1.1667699999999979,1.1657899999999979,1.1659499999999978,3299
2026-08-07T14:45:00+00:00,1.1659499999999978,1.1663199999999978,1.1658399999999978,1.1660499999999978,4098
2026-08-07T15:00:00+00:00,1.1660499999999978,1.1668399999999979,1.1657499999999978,1.166809999999998,3728
2026-08-07T15:15:00+00:00,1.166809999999998,1.1671199999999977,1.1664199999999978,1.166439999999998,2944
2026-08-07T15:30:00+00:00,1.166439999999998,1.1669999999999978,1.1661799999999978,1.1668899999999978,2546
2026-08-07T15:45:00+00:00,1.1668899999999978,1.1670699999999978,1.1664099999999977,1.1665999999999979,2270
2026-08-07T16:00:00+00:00,1.1665999999999979,1.1672699999999978,1.1664799999999977,1.1672599999999977,2328
2026-08-07T16:15:00+00:00,1.1672599999999977,1.1673099999999978,1.1667699999999979,1.166979999999998,2332
2026-08-07T16:30:00+00:00,1.166979999999998,1.1671399999999978,1.1668599999999978,1.1670299999999978,1465
2026-08-07T16:45:00+00:00,1.1670299999999978,1.1674699999999978,1.166609999999998,1.166639999999998,1490
2026-08-07T17:00:00+00:00,1.166639999999998,1.166879999999998,1.1664899999999978,1.1668599999999978,1102
2026-08-07T17:15:00+00:00,1.1668599999999978,1.1670599999999978,1.1666799999999977,1.1668399999999979,1095
2026-08-07T17:30:00+00:00,1.1668399999999979,1.1670899999999977,1.166739999999998,1.1669999999999978,1073
2026-08-07T17:45:00+00:00,1.1669999999999978,1.1670699999999978,1.1668399999999979,1.1668499999999977,1039
2026-08-07T18:00:00+00:00,1.1668499999999977,1.1670599999999978,1.166639999999998,1.1668599999999978,1170
2026-08-07T18:15:00+00:00,1.1668599999999978,1.1670299999999978,1.166739999999998,1.1670099999999977,1091
2026-08-07T18:30:00+00:00,1.1670099999999977,1.1672199999999977,1.1669899999999978,1.1671999999999978,843
2026-08-07T18:45:00+00:00,1.1671999999999978,1.1674099999999976,1.1671599999999978,1.1672899999999977,866
2026-08-07T19:00:00+00:00,1.1672899999999977,1.1675899999999977,1.1671799999999977,1.1672299999999978,1726
2026-08-07T19:15:00+00:00,1.1672299999999978,1.1678099999999978,1.1671899999999977,1.1677499999999976,1360
2026-08-07T19:30:00+00:00,1.1677499999999976,1.1677899999999977,1.1673799999999976,1.1673799999999976,1156
2026-08-07T19:45:00+00:00,1.1673799999999976,1.1674899999999977,1.1668899999999978,1.1669699999999976,1443
2026-08-07T20:00:00+00:00,1.1669699999999976,1.1669799999999977,1.1666799999999977,1.1666899999999978,656
2026-08-07T20:15:00+00:00,1.1666899999999978,1.1666999999999976,1.1663899999999976,1.1664599999999976,566
2026-08-07T20:30:00+00:00,1.1664599999999976,1.1667199999999978,1.1663399999999977,1.1665699999999977,478
2026-08-07T20:45:00+00:00,1.1665699999999977,1.1667999999999976,1.1661699999999977,1.1661699999999977,1234
2026-08-09T21:00:00+00:00,1.1661699999999977,1.1663599999999978,1.166029999999998,1.1662499999999978,113.86560949965578
2026-08-09T21:15:00+00:00,1.1662499999999978,1.1662499999999978,1.1659899999999979,1.1662299999999979,131.8854475062628
2026-08-09T21:30:00+00:00,1.1662299999999979,1.1662299999999979,1.1656999999999977,1.1657399999999978,196
2026-08-09T21:45:00+00:00,1.1657399999999978,1.1658199999999979,1.1656499999999979,1.1657699999999978,132.61437940853335
2026-08-09T22:00:00+00:00,1.1657699999999978,1.1660899999999979,1.165489999999998,1.1655299999999977,509
2026-08-09T22:15:00+00:00,1.1655299999999977,1.165589999999998,1.1653599999999977,1.1653799999999979,366
2026-08-09T22:30:00+00:00,1.1653799999999979,1.1655499999999979,1.1653799999999979,1.1654999999999978,262
2026-08-09T22:45:00+00:00,1.1654999999999978,1.1655499999999979,1.1653599999999977,1.1653799999999979,196
2026-08-09T23:00:00+00:00,1.1653799999999979,1.165659999999998,1.1653799999999979,1.1656299999999977,485
2026-08-09T23:15:00+00:00,1.1656299999999977,1.1656799999999978,1.1655499999999979,1.165589999999998,322
2026-08-09T23:30:00+00:00,1.165589999999998,1.1656099999999978,1.1652799999999979,1.1656099999999978,464
2026-08-09T23:45:00+00:00,1.1656099999999978,1.1656799999999978,1.1653899999999977,1.1653899999999977,563
2026-08-10T00:00:00+00:00,1.1653899999999977,1.165759999999998,1.1653899999999977,1.1657199999999979,1800
2026-08-10T00:15:00+00:00,1.1657199999999979,1.1657199999999979,1.1653599999999977,1.1654399999999978,1317
2026-08-10T00:30:00+00:00,1.1654399999999978,1.1654699999999978,1.1652899999999977,1.1652899999999977,994
2026-08-10T00:45:00+00:00,1.1652899999999977,1.1657499999999978,1.1652699999999978,1.165659999999998,1533
2026-08-10T01:00:00+00:00,1.165659999999998,1.165759999999998,1.1651199999999977,1.1653399999999978,2291
2026-08-10T01:15:00+00:00,1.1653399999999978,1.1655099999999978,1.1652299999999978,1.1653099999999978,1358
2026-08-10T01:30:00+00:00,1.1653099999999978,1.1653399999999978,1.165049999999998,1.165249999999998,1018
2026-08-10T01:45:00+00:00,1.165249999999998,1.1653899999999977,1.1651299999999978,1.165249999999998,1218
2026-08-10T02:00:00+00:00,1.165249999999998,1.1653399999999978,1.1651199999999977,1.165219999999998,895
2026-08-10T02:15:00+00:00,1.165219999999998,1.1653599999999977,1.1651299999999978,1.1652599999999977,749
2026-08-10T02:30:00+00:00,1.1652599999999977,1.1653799999999979,1.1650699999999978,1.1650699999999978,716
2026-08-10T02:45:00+00:00,1.1650699999999978,1.1651399999999978,1.1649399999999979,1.1650099999999979,676
2026-08-10T03:00:00+00:00,1.1650099999999979,1.165049999999998,1.1647899999999978,1.1649499999999977,800
2026-08-10T03:15:00+00:00,1.1649499999999977,1.1651399999999978,1.1648399999999979,1.1649899999999977,852
2026-08-10T03:30:00+00:00,1.1649899999999977,1.1649999999999978,1.1647499999999977,1.164809999999998,721
2026-08-10T03:45:00+00:00,1.164809999999998,1.1649299999999978,1.1647499999999977,1.1647499999999977,656
2026-08-10T04:00:00+00:00,1.1647499999999977,1.1648299999999978,1.1646599999999978,1.1647899999999978,688
2026-08-10T04:15:00+00:00,1.1647899999999978,1.164879999999998,1.1647199999999978,1.1648299999999978,634
2026-08-10T04:30:00+00:00,1.1648299999999978,1.1648599999999978,1.1646999999999978,1.1648599999999978,493
2026-08-10T04:45:00+00:00,1.1648599999999978,1.1651199999999977,1.1648499999999977,1.1649999999999978,751
2026-08-10T05:00:00+00:00,1.1649999999999978,1.1651699999999978,1.1648599999999978,1.1649499999999977,822
2026-08-10T05:15:00+00:00,1.1649499999999977,1.165049999999998,1.1648899999999978,1.1649999999999978,687
2026-08-10T05:30:00+00:00,1.1649999999999978,1.1651899999999977,1.1648899999999978,1.1650299999999978,1229
2026-08-10T05:45:00+00:00,1.1650299999999978,1.165489999999998,1.1649999999999978,1.1653499999999979,1219
2026-08-10T06:00:00+00:00,1.1653499999999979,1.1653699999999978,1.1650999999999978,1.1652599999999977,1244
2026-08-10T06:15:00+00:00,1.1652599999999977,1.1656199999999979,1.1652099999999979,1.1654599999999977,1643
2026-08-10T06:30:00+00:00,1.1654599999999977,1.165489999999998,1.165249999999998,1.165319999999998,1500
2026-08-10T06:45:00+00:00,1.165319999999998,1.1653999999999978,1.1650899999999977,1.1653599999999977,1402
2026-08-10T07:00:00+00:00,1.1653599999999977,1.1654599999999977,1.165049999999998,1.1652299999999978,1828
2026-08-10T07:15:00+00:00,1.1652299999999978,1.165659999999998,1.1651899999999977,1.1654699999999978,1683
2026-08-10T07:30:00+00:00,1.1654699999999978,1.1661799999999978,1.1654099999999978,1.1661799999999978,1730
2026-08-10T07:45:00+00:00,1.1661799999999978,1.1664299999999979,1.165689999999998,1.1659599999999979,1975
2026-08-10T08:00:00+00:00,1.1659599999999979,1.1663999999999979,1.1658099999999978,1.166369999999998,1597
2026-08-10T08:15:00+00:00,1.166369999999998,1.1664199999999978,1.166199999999998,1.1663299999999979,1045
2026-08-10T08:30:00+00:00,1.1663299999999979,1.166369999999998,1.166029999999998,1.166129999999998,1460
2026-08-10T08:45:00+00:00,1.166129999999998,1.166129999999998,1.1659199999999978,1.1659599999999979,1369
2026-08-10T09:00:00+00:00,1.1659599999999979,1.1662299999999979,1.1657899999999979,1.166199999999998,973
2026-08-10T09:15:00+00:00,1.166199999999998,1.1662199999999978,1.1659599999999979,1.166099999999998,908
2026-08-10T09:30:00+00:00,1.166099999999998,1.166099999999998,1.1655499999999979,1.1658699999999977,1319
2026-08-10T09:45:00+00:00,1.1658699999999977,1.1659699999999977,1.1655399999999978,1.1655499999999979,1622
2026-08-10T10:00:00+00:00,1.1655499999999979,1.1656099999999978,1.1652999999999978,1.1653899999999977,1507
2026-08-10T10:15:00+00:00,1.1653899999999977,1.165659999999998,1.1653599999999977,1.165519999999998,1172
2026-08-10T10:30:00+00:00,1.165519999999998,1.1656099999999978,1.1653099999999978,1.165519999999998,1399
2026-08-10T10:45:00+00:00,1.165519999999998,1.1655599999999977,1.1653499999999979,1.1653899999999977,1365
2026-08-10T11:00:00+00:00,1.1653899999999977,1.1654999999999978,1.1649399999999979,1.1650999999999978,1334
2026-08-10T11:15:00+00:00,1.1650999999999978,1.165149999999998,1.1648599999999978,1.1649999999999978,1368
2026-08-10T11:30:00+00:00,1.1649999999999978,1.1651699999999978,1.1648899999999978,1.1649299999999978,1202
2026-08-10T11:45:00+00:00,1.1649299999999978,1.1650999999999978,1.1647599999999978,1.1650899999999977,1332
2026-08-10T12:00:00+00:00,1.1650899999999977,1.1653699999999978,1.1649299999999978,1.1650199999999977,2628
2026-08-10T12:15:00+00:00,1.1650199999999977,1.1650299999999978,1.1645499999999978,1.164709999999998,1858
2026-08-10T12:30:00+00:00,1.164709999999998,1.164879999999998,1.1644499999999978,1.1644499999999978,1591
2026-08-10T12:45:00+00:00,1.1644499999999978,1.1647699999999979,1.1643799999999978,1.1645699999999979,1591
2026-08-10T13:00:00+00:00,1.1645699999999979,1.165079999999998,1.1644099999999977,1.1650699999999978,2184
2026-08-10T13:15:00+00:00,1.1650699999999978,1.1652399999999978,1.164809999999998,1.1651099999999979,2046
2026-08-10T13:30:00+00:00,1.1651099999999979,1.1652299999999978,1.1646499999999977,1.1646699999999979,2512
2026-08-10T13:45:00+00:00,1.1646699999999979,1.1649499999999977,1.1642499999999978,1.1643599999999978,3531
2026-08-10T14:00:00+00:00,1.1643599999999978,1.1648899999999978,1.1642899999999978,1.1647799999999977,2093
2026-08-10T14:15:00+00:00,1.1647799999999977,1.165249999999998,1.164609999999998,1.165149999999998,2161
2026-08-10T14:30:00+00:00,1.165149999999998,1.1653299999999978,1.164979999999998,1.1651999999999978,1734
2026-08-10T14:45:00+00:00,1.1651999999999978,1.1654399999999978,1.1648499999999977,1.165049999999998,2856
2026-08-10T15:00:00+00:00,1.165049999999998,1.1650999999999978,1.164609999999998,1.164979999999998,2490
2026-08-10T15:15:00+00:00,1.164979999999998,1.1652099999999979,1.1645099999999977,1.1647299999999978,2007
2026-08-10T15:30:00+00:00,1.1647299999999978,1.1648199999999977,1.1644899999999978,1.1645799999999977,1705
2026-08-10T15:45:00+00:00,1.1645799999999977,1.1650699999999978,1.1645299999999978,1.1650199999999977,1601
2026-08-10T16:00:00+00:00,1.1650199999999977,1.1652899999999977,1.1650199999999977,1.1651299999999978,1227
2026-08-10T16:15:00+00:00,1.1651299999999978,1.1651399999999978,1.1647699999999979,1.1651299999999978,983
2026-08-10T16:30:00+00:00,1.1651299999999978,1.1651799999999979,1.1645099999999977,1.1645499999999978,2015
2026-08-10T16:45:00+00:00,1.1645499999999978,1.1647299999999978,1.164369999999998,1.1645699999999979,1343
2026-08-10T17:00:00+00:00,1.1645699999999979,1.1646299999999978,1.1642299999999979,1.1643299999999979,1144
2026-08-10T17:15:00+00:00,1.1643299999999979,1.1643499999999978,1.1639599999999979,1.1642399999999977,1390
2026-08-10T17:30:00+00:00,1.1642399999999977,1.1645299999999978,1.1642299999999979,1.1643199999999978,718
2026-08-10T17:45:00+00:00,1.1643199999999978,1.1643299999999979,1.1640599999999979,1.1641499999999978,753
2026-08-10T18:00:00+00:00,1.1641499999999978,1.1643399999999977,1.1641199999999978,1.1642299999999979,824
2026-08-10T18:15:00+00:00,1.1642299999999979,1.1642399999999977,1.1639799999999978,1.1640799999999978,926
2026-08-10T18:30:00+00:00,1.1640799999999978,1.1643399999999977,1.1639799999999978,1.1643299999999979,1217
2026-08-10T18:45:00+00:00,1.1643299999999979,1.1643299999999979,1.163859999999998,1.1640799999999978,1545
2026-08-10T19:00:00+00:00,1.1640799999999978,1.1641199999999978,1.1638799999999978,1.1639999999999977,809
2026-08-10T19:15:00+00:00,1.1639999999999977,1.1641599999999979,1.1639099999999978,1.1640599999999979,707
2026-08-10T19:30:00+00:00,1.1640599999999979,1.1641799999999978,1.1639599999999979,1.1641199999999978,812
2026-08-10T19:45:00+00:00,1.1641199999999978,1.1641699999999977,1.1639699999999977,1.1640099999999978,1056
2026-08-10T20:00:00+00:00,1.1640099999999978,1.1641799999999978,1.1639999999999977,1.1641699999999977,619
2026-08-10T20:15:00+00:00,1.1641699999999977,1.1641799999999978,1.1640199999999978,1.1640199999999978,337
2026-08-10T20:30:00+00:00,1.1640199999999978,1.1641299999999979,1.1640099999999978,1.164099999999998,216
2026-08-10T20:45:00+00:00,1.164099999999998,1.1641599999999979,1.1638199999999979,1.1639699999999977,640
2026-08-10T21:00:00+00:00,1.1639699999999977,1.1640499999999978,1.1637899999999979,1.1638799999999978,115.38110195000655
2026-08-10T21:15:00+00:00,1.1638799999999978,1.1639799999999978,1.163829999999998,1.1639699999999977,108
2026-08-10T21:30:00+00:00,1.1639699999999977,1.164029999999998,1.1637499999999978,1.1640099999999978,161
2026-08-10T21:45:00+00:00,1.1640099999999978,1.1640499999999978,1.1638899999999979,1.163929999999998,137
2026-08-10T22:00:00+00:00,1.163929999999998,1.1642799999999978,1.163929999999998,1.164199999999998,767
2026-08-10T22:15:00+00:00,1.164199999999998,1.164199999999998,1.1640799999999978,1.1641699999999977,338
2026-08-10T22:30:00+00:00,1.1641699999999977,1.1642499999999978,1.1640899999999978,1.1641799999999978,254
2026-08-10T22:45:00+00:00,1.1641799999999978,1.1642399999999977,1.1641699999999977,1.1642299999999979,191
2026-08-10T23:00:00+00:00,1.1642299999999979,1.164269999999998,1.1641399999999977,1.1641699999999977,428
2026-08-10T23:15:00+00:00,1.1641699999999977,1.1642099999999977,1.1641099999999978,1.1641499999999978,297
2026-08-10T23:30:00+00:00,1.1641499999999978,1.1641899999999978,1.1640799999999978,1.1641599999999979,307
2026-08-10T23:45:00+00:00,1.1641599999999979,1.1645199999999978,1.1641599999999979,1.1644599999999978,493
2026-08-11T00:00:00+00:00,1.1644599999999978,1.1645799999999977,1.1643799999999978,1.1645499999999978,1211
2026-08-11T00:15:00+00:00,1.1645499999999978,1.164709999999998,1.1644899999999978,1.1646599999999978,886
2026-08-11T00:30:00+00:00,1.1646599999999978,1.1648399999999979,1.164539999999998,1.1647399999999979,1065
2026-08-11T00:45:00+00:00,1.1647399999999979,1.1647599999999978,1.1644599999999978,1.164469999999998,1062
2026-08-11T01:00:00+00:00,1.164469999999998,1.1645999999999979,1.1641599999999979,1.1645999999999979,1367
2026-08-11T01:15:00+00:00,1.1645999999999979,1.1647899999999978,1.1645599999999978,1.164709999999998,948
2026-08-11T01:30:00+00:00,1.164709999999998,1.1648299999999978,1.1644899999999978,1.1644999999999979,899
2026-08-11T01:45:00+00:00,1.1644999999999979,1.1647399999999979,1.164469999999998,1.164469999999998,822
2026-08-11T02:00:00+00:00,1.164469999999998,1.1644899999999978,1.1641899999999978,1.1643499999999978,946
2026-08-11T02:15:00+00:00,1.1643499999999978,1.1643499999999978,1.1638999999999977,1.1639699999999977,1501
2026-08-11T02:30:00+00:00,1.1639699999999977,1.1640899999999978,1.1639199999999978,1.1640199999999978,957
2026-08-11T02:45:00+00:00,1.1640199999999978,1.1640399999999977,1.1637299999999977,1.1638399999999978,1187
2026-08-11T03:00:00+00:00,1.1638399999999978,1.1640899999999978,1.1638099999999978,1.1640699999999977,836
2026-08-11T03:15:00+00:00,1.1640699999999977,1.164299999999998,1.164029999999998,1.1642899999999978,722
2026-08-11T03:30:00+00:00,1.1642899999999978,1.1643499999999978,1.164199999999998,1.164199999999998,582
2026-08-11T03:45:00+00:00,1.164199999999998,1.164199999999998,1.1640599999999979,1.1641499999999978,521
2026-08-11T04:00:00+00:00,1.1641499999999978,1.164269999999998,1.1641199999999978,1.1642399999999977,886
2026-08-11T04:15:00+00:00,1.1642399999999977,1.1643499999999978,1.1642399999999977,1.1643099999999977,708
2026-08-11T04:30:00+00:00,1.1643099999999977,1.1643799999999978,1.1638999999999977,1.1639599999999979,1404
2026-08-11T04:45:00+00:00,1.1639599999999979,1.1641699999999977,1.1637899999999979,1.1641399999999977,974
2026-08-11T05:00:00+00:00,1.1641399999999977,1.1641499999999978,1.1638999999999977,1.1639499999999978,644
2026-08-11T05:15:00+00:00,1.1639499999999978,1.1640099999999978,1.1638499999999978,1.1639899999999979,832
2026-08-11T05:30:00+00:00,1.1639899999999979,1.1641499999999978,1.1638499999999978,1.1641199999999978,1194
2026-08-11T05:45:00+00:00,1.1641199999999978,1.1641299999999979,1.1637399999999978,1.1639699999999977,1159
2026-08-11T06:00:00+00:00,1.1639699999999977,1.1642099999999977,1.163859999999998,1.1638899999999979,1500
2026-08-11T06:15:00+00:00,1.1638899999999979,1.1639599999999979,1.1633099999999978,1.1635299999999977,1939
2026-08-11T06:30:00+00:00,1.1635299999999977,1.1636499999999979,1.163149999999998,1.1635099999999978,1720
2026-08-11T06:45:00+00:00,1.1635099999999978,1.1635599999999977,1.1632599999999977,1.1635599999999977,1308
2026-08-11T07:00:00+00:00,1.1635599999999977,1.1638699999999977,1.1635499999999979,1.1637099999999978,2010
2026-08-11T07:15:00+00:00,1.1637099999999978,1.1637399999999978,1.1633999999999978,1.1636299999999977,1490
2026-08-11T07:30:00+00:00,1.1636299999999977,1.1637199999999979,1.1631299999999978,1.1631399999999978,1499
2026-08-11T07:45:00+00:00,1.1631399999999978,1.1633699999999978,1.1630399999999979,1.163049999999998,1911
2026-08-11T08:00:00+00:00,1.163049999999998,1.1632899999999977,1.1629999999999978,1.1631399999999978,1981
2026-08-11T08:15:00+00:00,1.1631399999999978,1.1632899999999977,1.1630999999999978,1.1632899999999977,1729
2026-08-11T08:30:00+00:00,1.1632899999999977,1.1637299999999977,1.163249999999998,1.1636799999999978,1340
2026-08-11T08:45:00+00:00,1.1636799999999978,1.1636799999999978,1.1633899999999977,1.1634799999999978,1222
2026-08-11T09:00:00+00:00,1.1634799999999978,1.1634999999999978,1.1632299999999978,1.1632799999999979,1204
2026-08-11T09:15:00+00:00,1.1632799999999979,1.1633899999999977,1.1631399999999978,1.1632399999999978,1024
2026-08-11T09:30:00+00:00,1.1632399999999978,1.163319999999998,1.1631399999999978,1.1632699999999978,1046
2026-08-11T09:45:00+00:00,1.1632699999999978,1.1635999999999977,1.163249999999998,1.1635799999999978,1184
2026-08-11T10:00:00+00:00,1.1635799999999978,1.1636999999999977,1.1632999999999978,1.1634599999999977,1221
2026-08-11T10:15:00+00:00,1.1634599999999977,1.1636699999999978,1.1631999999999978,1.163519999999998,2092
2026-08-11T10:30:00+00:00,1.163519999999998,1.1637099999999978,1.1633799999999979,1.1634699999999978,1300
2026-08-11T10:45:00+00:00,1.1634699999999978,1.163519999999998,1.1632999999999978,1.1635099999999978,1133
2026-08-11T11:00:00+00:00,1.1635099999999978,1.1642199999999978,1.1633099999999978,1.164029999999998,4394
2026-08-11T11:15:00+00:00,1.164029999999998,1.1640599999999979,1.163689999999998,1.1637699999999978,1707
2026-08-11T11:30:00+00:00,1.1637699999999978,1.1638199999999979,1.1634699999999978,1.1634999999999978,1714
2026-08-11T11:45:00+00:00,1.1634999999999978,1.1636299999999977,1.1633499999999979,1.163519999999998,1590
2026-08-11T12:00:00+00:00,1.163519999999998,1.1638999999999977,1.1634099999999978,1.1636399999999978,1942
2026-08-11T12:15:00+00:00,1.1636399999999978,1.1638099999999978,1.1632299999999978,1.1635499999999979,2222
2026-08-11T12:30:00+00:00,1.1635499999999979,1.1640399999999977,1.163519999999998,1.1639199999999978,1900
2026-08-11T12:45:00+00:00,1.1639199999999978,1.1642799999999978,1.1638699999999977,1.1639999999999977,1594
2026-08-11T13:00:00+00:00,1.1639999999999977,1.164369999999998,1.1639999999999977,1.1640499999999978,1558
2026-08-11T13:15:00+00:00,1.1640499999999978,1.164369999999998,1.1639499999999978,1.1640199999999978,1891
2026-08-11T13:30:00+00:00,1.1640199999999978,1.1643299999999979,1.1637699999999978,1.1643199999999978,1909
2026-08-11T13:45:00+00:00,1.1643199999999978,1.164709999999998,1.1642399999999977,1.1642799999999978,2331
2026-08-11T14:00:00+00:00,1.1642799999999978,1.1642899999999978,1.1637699999999978,1.1640199999999978,1906
2026-08-11T14:15:00+00:00,1.1640199999999978,1.1641299999999979,1.1636399999999978,1.1637899999999979,2056
2026-08-11T14:30:00+00:00,1.1637899999999979,1.1641299999999979,1.1636999999999977,1.1641099999999978,1564
2026-08-11T14:45:00+00:00,1.1641099999999978,1.1641699999999977,1.163859999999998,1.1641299999999979,1967
2026-08-11T15:00:00+00:00,1.1641299999999979,1.1643299999999979,1.1636099999999978,1.1636099999999978,1631
2026-08-11T15:15:00+00:00,1.1636099999999978,1.1639699999999977,1.1635099999999978,1.1638899999999979,1811
2026-08-11T15:30:00+00:00,1.1638899999999979,1.1639799999999978,1.1635099999999978,1.1636699999999978,2287
2026-08-11T15:45:00+00:00,1.1636699999999978,1.1642199999999978,1.163659999999998,1.1641599999999979,1278
2026-08-11T16:00:00+00:00,1.1641599999999979,1.1642399999999977,1.1638399999999978,1.1639599999999979,1144
2026-08-11T16:15:00+00:00,1.1639599999999979,1.1640199999999978,1.1637699999999978,1.1640099999999978,928
2026-08-11T16:30:00+00:00,1.1640099999999978,1.1641399999999977,1.163929999999998,1.1640099999999978,1012
2026-08-11T16:45:00+00:00,1.1640099999999978,1.1640199999999978,1.1637699999999978,1.1638099999999978,1279
2026-08-11T17:00:00+00:00,1.1638099999999978,1.1638799999999978,1.1633999999999978,1.1634099999999978,1332
2026-08-11T17:15:00+00:00,1.1634099999999978,1.1636499999999979,1.1632899999999977,1.1633899999999977,622
2026-08-11T17:30:00+00:00,1.1633899999999977,1.163659999999998,1.1633399999999978,1.1636099999999978,586
2026-08-11T17:45:00+00:00,1.1636099999999978,1.1637499999999978,1.1635799999999978,1.163659999999998,562
2026-08-11T18:00:00+00:00,1.163659999999998,1.163689999999998,1.1634699999999978,1.1635099999999978,865
2026-08-11T18:15:00+00:00,1.1635099999999978,1.1635799999999978,1.1633999999999978,1.1635499999999979,1169
2026-08-11T18:30:00+00:00,1.1635499999999979,1.1640099999999978,1.1635099999999978,1.1639499999999978,1254
2026-08-11T18:45:00+00:00,1.1639499999999978,1.1640799999999978,1.1638099999999978,1.1639099999999978,954
2026-08-11T19:00:00+00:00,1.1639099999999978,1.1641099999999978,1.1638699999999977,1.1640599999999979,767
2026-08-11T19:15:00+00:00,1.1640599999999979,1.1641199999999978,1.163859999999998,1.1641099999999978,665
2026-08-11T19:30:00+00:00,1.1641099999999978,1.1641499999999978,1.1640199999999978,1.1640699999999977,700
2026-08-11T19:45:00+00:00,1.1640699999999977,1.1641599999999979,1.1640199999999978,1.1641499999999978,808
2026-08-11T20:00:00+00:00,1.1641499999999978,1.1642399999999977,1.1640699999999977,1.1640899999999978,482
2026-08-11T20:15:00+00:00,1.1640899999999978,1.164099999999998,1.1639499999999978,1.1639999999999977,293
2026-08-11T20:30:00+00:00,1.1639999999999977,1.164029999999998,1.1637999999999977,1.1638099999999978,381.4714156079855
2026-08-11T20:45:00+00:00,1.1638099999999978,1.1641599999999979,1.1637999999999977,1.1639799999999978,722
2026-08-11T21:00:00+00:00,1.1639799999999978,1.1639799999999978,1.1637799999999978,1.1638199999999979,125.54777992277992
2026-08-11T21:15:00+00:00,1.1638199999999979,1.1638799999999978,1.1637199999999979,1.1638499999999978,223
2026-08-11T21:30:00+00:00,1.1638499999999978,1.1639199999999978,1.1637799999999978,1.163859999999998,98.98300884955752
2026-08-11T21:45:00+00:00,1.163859999999998,1.1639099999999978,1.1638399999999978,1.1638999999999977,98
2026-08-11T22:00:00+00:00,1.1638999999999977,1.1642199999999978,1.1638899999999979,1.1641099999999978,272
2026-08-11T22:15:00+00:00,1.1641099999999978,1.1641599999999979,1.1640499999999978,1.1641599999999979,121
2026-08-11T22:30:00+00:00,1.1641599999999979,1.1641599999999979,1.1639999999999977,1.1640499999999978,406
2026-08-11T22:45:00+00:00,1.1640499999999978,1.164199999999998,1.1640399999999977,1.1641799999999978,196
2026-08-11T23:00:00+00:00,1.1641799999999978,1.1642099999999977,1.1640899999999978,1.1640899999999978,255
2026-08-11T23:15:00+00:00,1.1640899999999978,1.1641699999999977,1.1640199999999978,1.164029999999998,219
2026-08-11T23:30:00+00:00,1.164029999999998,1.1641899999999978,1.1639599999999979,1.1641699999999977,316
2026-08-11T23:45:00+00:00,1.1641699999999977,1.1642399999999977,1.1640699999999977,1.164199999999998,319
2026-08-12T00:00:00+00:00,1.164199999999998,1.1643299999999979,1.1640799999999978,1.1642299999999979,1143
2026-08-12T00:15:00+00:00,1.1642299999999979,1.1643299999999979,1.1641799999999978,1.164269999999998,984
2026-08-12T00:30:00+00:00,1.164269999999998,1.164299999999998,1.1641099999999978,1.1641199999999978,752
2026-08-12T00:45:00+00:00,1.1641199999999978,1.1641499999999978,1.1638099999999978,1.1639399999999978,1042
2026-08-12T01:00:00+00:00,1.1639399999999978,1.1639499999999978,1.163519999999998,1.1636499999999979,1078
2026-08-12T01:15:00+00:00,1.1636499999999979,1.1637299999999977,1.1635299999999977,1.1636999999999977,883
2026-08-12T01:30:00+00:00,1.1636999999999977,1.1638399999999978,1.1635999999999977,1.1638399999999978,640
2026-08-12T01:45:00+00:00,1.1638399999999978,1.1638999999999977,1.1636399999999978,1.1636799999999978,703
2026-08-12T02:00:00+00:00,1.1636799999999978,1.1636999999999977,1.1635299999999977,1.1635399999999978,845
2026-08-12T02:15:00+00:00,1.1635399999999978,1.1635699999999978,1.1633799999999979,1.1635499999999979,892
2026-08-12T02:30:00+00:00,1.1635499999999979,1.1638699999999977,1.1635499999999979,1.1637499999999978,865
2026-08-12T02:45:00+00:00,1.1637499999999978,1.1637899999999979,1.1635799999999978,1.1636999999999977,704
2026-08-12T03:00:00+00:00,1.1636999999999977,1.1637199999999979,1.1635499999999979,1.1636099999999978,631
2026-08-12T03:15:00+00:00,1.1636099999999978,1.163659999999998,1.163489999999998,1.163519999999998,599
2026-08-12T03:30:00+00:00,1.163519999999998,1.1636299999999977,1.1634599999999977,1.1634699999999978,497
2026-08-12T03:45:00+00:00,1.1634699999999978,1.1634799999999978,1.1633599999999977,1.1633999999999978,438
2026-08-12T04:00:00+00:00,1.1633999999999978,1.1634999999999978,1.1632899999999977,1.163319999999998,476
2026-08-12T04:15:00+00:00,1.163319999999998,1.1633399999999978,1.1631399999999978,1.163249999999998,496
2026-08-12T04:30:00+00:00,1.163249999999998,1.163489999999998,1.163249999999998,1.1634499999999979,394
2026-08-12T04:45:00+00:00,1.1634499999999979,1.1635099999999978,1.1633499999999979,1.1634399999999978,461
2026-08-12T05:00:00+00:00,1.1634399999999978,1.1634499999999979,1.1631799999999979,1.1631899999999977,684
2026-08-12T05:15:00+00:00,1.1631899999999977,1.1632099999999979,1.163079999999998,1.1632099999999979,503
2026-08-12T05:30:00+00:00,1.1632099999999979,1.1633799999999979,1.1632099999999979,1.1632799999999979,756
2026-08-12T05:45:00+00:00,1.1632799999999979,1.1633299999999978,1.1631399999999978,1.1632399999999978,799
2026-08-12T06:00:00+00:00,1.1632399999999978,1.1634299999999977,1.1631999999999978,1.1633699999999978,1003
2026-08-12T06:15:00+00:00,1.1633699999999978,1.1634599999999977,1.1633099999999978,1.1633899999999977,1309
2026-08-12T06:30:00+00:00,1.1633899999999977,1.1634799999999978,1.163249999999998,1.1633499999999979,1427
2026-08-12T06:45:00+00:00,1.1633499999999979,1.163589999999998,1.1632799999999979,1.1635799999999978,1639
2026-08-12T07:00:00+00:00,1.1635799999999978,1.1637899999999979,1.1634599999999977,1.163689999999998,1290
2026-08-12T07:15:00+00:00,1.163689999999998,1.1638099999999978,1.163589999999998,1.1635999999999977,861
2026-08-12T07:30:00+00:00,1.1635999999999977,1.1637699999999978,1.1635699999999978,1.163589999999998,961
2026-08-12T07:45:00+00:00,1.163589999999998,1.1636999999999977,1.1634499999999979,1.1636099999999978,909
2026-08-12T08:00:00+00:00,1.1636099999999978,1.1636199999999979,1.163319999999998,1.1635499999999979,1347
2026-08-12T08:15:00+00:00,1.1635499999999979,1.163829999999998,1.1634499999999979,1.1636499999999979,1292
2026-08-12T08:30:00+00:00,1.1636499999999979,1.1638799999999978,1.1635299999999977,1.1638699999999977,1079
2026-08-12T08:45:00+00:00,1.1638699999999977,1.1638699999999977,1.163519999999998,1.1635799999999978,1282
2026-08-12T09:00:00+00:00,1.1635799999999978,1.1639799999999978,1.1635499999999979,1.1639799999999978,1061
2026-08-12T09:15:00+00:00,1.1639799999999978,1.1648599999999978,1.1638899999999979,1.1641399999999977,3748
2026-08-12T09:30:00+00:00,1.1641399999999977,1.1643199999999978,1.1636999999999977,1.1637099999999978,2135
2026-08-12T09:45:00+00:00,1.1637099999999978,1.1638799999999978,1.163319999999998,1.1634699999999978,2701
2026-08-12T10:00:00+00:00,1.1634699999999978,1.163759999999998,1.1633799999999979,1.1634799999999978,1524
2026-08-12T10:15:00+00:00,1.1634799999999978,1.1637699999999978,1.1634299999999977,1.1636499999999979,1234
2026-08-12T10:30:00+00:00,1.1636499999999979,1.163659999999998,1.1634499999999979,1.1635599999999977,1134
2026-08-12T10:45:00+00:00,1.1635599999999977,1.1636799999999978,1.1630999999999978,1.1633499999999979,2059
2026-08-12T11:00:00+00:00,1.1633499999999979,1.1635699999999978,1.1632599999999977,1.1633099999999978,1078
2026-08-12T11:15:00+00:00,1.1633099999999978,1.1637799999999978,1.1633099999999978,1.1637499999999978,1359
2026-08-12T11:30:00+00:00,1.1637499999999978,1.1639399999999978,1.163659999999998,1.1639199999999978,1404
2026-08-12T11:45:00+00:00,1.1639199999999978,1.1644199999999978,1.1639199999999978,1.1642099999999977,1618
2026-08-12T12:00:00+00:00,1.1642099999999977,1.164439999999998,1.1640899999999978,1.1643599999999978,1807
2026-08-12T12:15:00+00:00,1.1643599999999978,1.1646899999999978,1.1639899999999979,1.1644299999999979,2105
2026-08-12T12:30:00+00:00,1.1644299999999979,1.1661599999999979,1.163149999999998,1.1656499999999979,13602
2026-08-12T12:45:00+00:00,1.1656499999999979,1.1658399999999978,1.1650299999999978,1.1657999999999977,5997
2026-08-12T13:00:00+00:00,1.1657999999999977,1.1661399999999977,1.1648699999999979,1.1648999999999978,5699
2026-08-12T13:15:00+00:00,1.1648999999999978,1.1654399999999978,1.1647899999999978,1.1652999999999978,4167
2026-08-12T13:30:00+00:00,1.1652999999999978,1.165519999999998,1.1644799999999977,1.164539999999998,4116
2026-08-12T13:45:00+00:00,1.164539999999998,1.1652099999999979,1.1644599999999978,1.165079999999998,3706
2026-08-12T14:00:00+00:00,1.165079999999998,1.1652599999999977,1.1647999999999978,1.164879999999998,3110
2026-08-12T14:15:00+00:00,1.164879999999998,1.1653099999999978,1.1646599999999978,1.1647499999999977,2644
2026-08-12T14:30:00+00:00,1.1647499999999977,1.1649899999999977,1.1641299999999979,1.1643399999999977,3383
2026-08-12T14:45:00+00:00,1.1643399999999977,1.1645999999999979,1.163759999999998,1.1641699999999977,3373
2026-08-12T15:00:00+00:00,1.1641699999999977,1.1642499999999978,1.163689999999998,1.164099999999998,2902
2026-08-12T15:15:00+00:00,1.164099999999998,1.1641199999999978,1.1637699999999978,1.1638199999999979,1869
2026-08-12T15:30:00+00:00,1.1638199999999979,1.1639199999999978,1.1634399999999978,1.1635499999999979,1727
2026-08-12T15:45:00+00:00,1.1635499999999979,1.1638899999999979,1.1633799999999979,1.1638099999999978,1613
2026-08-12T16:00:00+00:00,1.1638099999999978,1.1638799999999978,1.1631999999999978,1.1634499999999979,1641
2026-08-12T16:15:00+00:00,1.1634499999999979,1.1634799999999978,1.1630199999999977,1.1630299999999978,1293
2026-08-12T16:30:00+00:00,1.1630299999999978,1.1630899999999977,1.1626899999999978,1.1628699999999978,1319
2026-08-12T16:45:00+00:00,1.1628699999999978,1.1629299999999978,1.1623199999999978,1.1626699999999979,1661
2026-08-12T17:00:00+00:00,1.1626699999999979,1.1629299999999978,1.1626599999999978,1.1626599999999978,1422
2026-08-12T17:15:00+00:00,1.1626599999999978,1.1626999999999978,1.1624799999999977,1.1626499999999977,949
2026-08-12T17:30:00+00:00,1.1626499999999977,1.1627399999999979,1.162099999999998,1.1621199999999978,1225
2026-08-12T17:45:00+00:00,1.1621199999999978,1.1623899999999978,1.161999999999998,1.1620099999999978,1420
2026-08-12T18:00:00+00:00,1.1620099999999978,1.1624199999999978,1.1618399999999978,1.1623199999999978,1222
2026-08-12T18:15:00+00:00,1.1623199999999978,1.1625699999999979,1.1622499999999978,1.1623599999999978,745
2026-08-12T18:30:00+00:00,1.1623599999999978,1.1623799999999977,1.1621799999999978,1.1622299999999979,568.3418893672326
2026-08-12T18:45:00+00:00,1.1622299999999979,1.1622799999999978,1.1618499999999978,1.1619699999999977,743
2026-08-12T19:00:00+00:00,1.1619699999999977,1.1621799999999978,1.1619099999999978,1.1621199999999978,849
2026-08-12T19:15:00+00:00,1.1621199999999978,1.1623399999999977,1.1620599999999979,1.1620699999999977,779
2026-08-12T19:30:00+00:00,1.1620699999999977,1.1621599999999979,1.1619699999999977,1.1621199999999978,820
2026-08-12T19:45:00+00:00,1.1621199999999978,1.1621499999999978,1.1618499999999978,1.162099999999998,1007
2026-08-12T20:00:00+00:00,1.162099999999998,1.1622899999999978,1.1620499999999978,1.1620799999999978,671
2026-08-12T20:15:00+00:00,1.1620799999999978,1.1621499999999978,1.1620099999999978,1.1621199999999978,313
2026-08-12T20:30:00+00:00,1.1621199999999978,1.1623199999999978,1.162099999999998,1.1623099999999977,256
2026-08-12T20:45:00+00:00,1.1623099999999977,1.1624799999999977,1.1620199999999978,1.1620199999999978,782
2026-08-12T21:00:00+00:00,1.1620199999999978,1.1621899999999978,1.161969999999998,1.161969999999998,133.01681923499928
2026-08-12T21:15:00+00:00,1.161969999999998,1.162129999999998,1.1619199999999978,1.162099999999998,124.03822445669525
2026-08-12T21:30:00+00:00,1.162099999999998,1.162149999999998,1.162049999999998,1.162129999999998,216
2026-08-12T21:45:00+00:00,1.162129999999998,1.162159999999998,1.162079999999998,1.162129999999998,199.4450321118247
2026-08-12T22:00:00+00:00,1.162129999999998,1.162429999999998,1.162109999999998,1.162399999999998,354
2026-08-12T22:15:00+00:00,1.162399999999998,1.162439999999998,1.1623399999999982,1.162399999999998,187.4239680106224
2026-08-12T22:30:00+00:00,1.162399999999998,1.1624599999999983,1.1623399999999982,1.1624499999999982,159
2026-08-12T22:45:00+00:00,1.1624499999999982,1.1625499999999982,1.1624199999999982,1.1625399999999981,152.5726188193558
2026-08-12T23:00:00+00:00,1.1625399999999981,1.162599999999998,1.162499999999998,1.1625399999999981,265
2026-08-12T23:15:00+00:00,1.1625399999999981,1.1626199999999982,1.1625399999999981,1.1625599999999983,163
2026-08-12T23:30:00+00:00,1.1625599999999983,1.162599999999998,1.162499999999998,1.1625599999999983,275
2026-08-12T23:45:00+00:00,1.1625599999999983,1.1626799999999982,1.1625099999999982,1.1626499999999982,350
2026-08-13T00:00:00+00:00,1.1626499999999982,1.1628999999999983,1.1626499999999982,1.1627099999999981,1327
2026-08-13T00:15:00+00:00,1.1627099999999981,1.162869999999998,1.162699999999998,1.1628299999999983,935
2026-08-13T00:30:00+00:00,1.1628299999999983,1.163009999999998,1.1628299999999983,1.1629299999999982,1177
2026-08-13T00:45:00+00:00,1.1629299999999982,1.1629299999999982,1.1625399999999981,1.162769999999998,1245
2026-08-13T01:00:00+00:00,1.162769999999998,1.1628599999999982,1.162599999999998,1.1627599999999982,1366
2026-08-13T01:15:00+00:00,1.1627599999999982,1.1629199999999982,1.1627599999999982,1.162839999999998,1068
2026-08-13T01:30:00+00:00,1.162839999999998,1.162969999999998,1.162669999999998,1.162669999999998,929
2026-08-13T01:45:00+00:00,1.162669999999998,1.1626799999999982,1.162229999999998,1.1623699999999981,1222
2026-08-13T02:00:00+00:00,1.1623699999999981,1.162429999999998,1.1622499999999982,1.1622699999999981,659
2026-08-13T02:15:00+00:00,1.1622699999999981,1.1622799999999982,1.1620499999999983,1.162059999999998,655
2026-08-13T02:30:00+00:00,1.162059999999998,1.1621499999999982,1.1618499999999983,1.162059999999998,838
2026-08-13T02:45:00+00:00,1.162059999999998,1.162129999999998,1.1619699999999982,1.162059999999998,790
2026-08-13T03:00:00+00:00,1.162059999999998,1.1622999999999981,1.1619499999999983,1.1620999999999981,1463
2026-08-13T03:15:00+00:00,1.1620999999999981,1.1620999999999981,1.1618799999999982,1.162059999999998,1131
2026-08-13T03:30:00+00:00,1.162059999999998,1.1622099999999982,1.1620299999999981,1.1621699999999981,688
2026-08-13T03:45:00+00:00,1.1621699999999981,1.162189999999998,1.1620399999999982,1.1621399999999982,960
2026-08-13T04:00:00+00:00,1.1621399999999982,1.1621399999999982,1.1619499999999983,1.161989999999998,735
2026-08-13T04:15:00+00:00,1.161989999999998,1.1620499999999983,1.1618699999999982,1.1620499999999983,538
2026-08-13T04:30:00+00:00,1.1620499999999983,1.1620699999999982,1.161989999999998,1.1620299999999981,528
2026-08-13T04:45:00+00:00,1.1620299999999981,1.1625799999999982,1.1620299999999981,1.1624699999999981,1842
2026-08-13T05:00:00+00:00,1.1624699999999981,1.1625199999999982,1.162359999999998,1.1624699999999981,943
2026-08-13T05:15:00+00:00,1.1624699999999981,1.162599999999998,1.162429999999998,1.162529999999998,693
2026-08-13T05:30:00+00:00,1.162529999999998,1.1625499999999982,1.1622699999999981,1.1622999999999981,897
2026-08-13T05:45:00+00:00,1.1622999999999981,1.1624599999999983,1.1621999999999981,1.1623799999999982,1082
2026-08-13T06:00:00+00:00,1.1623799999999982,1.162499999999998,1.1619099999999982,1.1619399999999982,1416
2026-08-13T06:15:00+00:00,1.1619399999999982,1.1621199999999983,1.161619999999998,1.1616899999999981,1957
2026-08-13T06:30:00+00:00,1.1616899999999981,1.1616899999999981,1.1610599999999982,1.1615299999999982,2105
2026-08-13T06:45:00+00:00,1.1615299999999982,1.161719999999998,1.1614599999999982,1.1616899999999981,1575
2026-08-13T07:00:00+00:00,1.1616899999999981,1.1618699999999982,1.161579999999998,1.1616799999999983,1292
2026-08-13T07:15:00+00:00,1.1616799999999983,1.162059999999998,1.1616599999999981,1.1620499999999983,1370
2026-08-13T07:30:00+00:00,1.1620499999999983,1.1623899999999983,1.1619099999999982,1.1623899999999983,1462
2026-08-13T07:45:00+00:00,1.1623899999999983,1.1626599999999983,1.1623099999999982,1.1624499999999982,1726
2026-08-13T08:00:00+00:00,1.1624499999999982,1.1625399999999981,1.1621499999999982,1.162429999999998,1877
2026-08-13T08:15:00+00:00,1.162429999999998,1.1624399999999981,1.1622499999999982,1.162359999999998,1254
2026-08-13T08:30:00+00:00,1.162359999999998,1.1626299999999983,1.162329999999998,1.162569999999998,1252
2026-08-13T08:45:00+00:00,1.162569999999998,1.162739999999998,1.1622699999999981,1.1622899999999983,1249
2026-08-13T09:00:00+00:00,1.1622899999999983,1.1626799999999982,1.1621999999999981,1.162669999999998,1322
2026-08-13T09:15:00+00:00,1.162669999999998,1.1630899999999982,1.1626399999999981,1.163009999999998,1575
2026-08-13T09:30:00+00:00,1.163009999999998,1.1631499999999981,1.162869999999998,1.1630299999999982,966
2026-08-13T09:45:00+00:00,1.1630299999999982,1.1633599999999982,1.162939999999998,1.1633299999999982,1141
2026-08-13T10:00:00+00:00,1.1633299999999982,1.1635299999999982,1.1632899999999982,1.1633599999999982,1543
2026-08-13T10:15:00+00:00,1.1633599999999982,1.163619999999998,1.1632599999999982,1.163619999999998,969
2026-08-13T10:30:00+00:00,1.163619999999998,1.1637399999999982,1.1635699999999982,1.163579999999998,960
2026-08-13T10:45:00+00:00,1.163579999999998,1.1636099999999983,1.163349999999998,1.1634699999999982,1022
2026-08-13T11:00:00+00:00,1.1634699999999982,1.1637399999999982,1.163349999999998,1.1637299999999982,1125
2026-08-13T11:15:00+00:00,1.1637299999999982,1.1637399999999982,1.1634699999999982,1.1636399999999982,1450
2026-08-13T11:30:00+00:00,1.1636399999999982,1.163649999999998,1.1633999999999982,1.1634699999999982,907
2026-08-13T11:45:00+00:00,1.1634699999999982,1.1635599999999982,1.163139999999998,1.1632899999999982,1417
2026-08-13T12:00:00+00:00,1.1632899999999982,1.1633699999999982,1.1631199999999982,1.1631499999999981,1532
2026-08-13T12:15:00+00:00,1.1631499999999981,1.1631599999999982,1.1629099999999981,1.1629899999999982,1264
2026-08-13T12:30:00+00:00,1.1629899999999982,1.1634299999999982,1.1624399999999981,1.1630199999999982,4286
2026-08-13T12:45:00+00:00,1.1630199999999982,1.1643199999999982,1.163009999999998,1.1642799999999982,3800
2026-08-13T13:00:00+00:00,1.1642799999999982,1.164399999999998,1.1636599999999981,1.1638499999999983,3365
2026-08-13T13:15:00+00:00,1.1638499999999983,1.1640699999999982,1.1633299999999982,1.1633899999999981,2431
2026-08-13T13:30:00+00:00,1.1633899999999981,1.1634999999999982,1.162939999999998,1.1632999999999982,3057
2026-08-13T13:45:00+00:00,1.1632999999999982,1.1635099999999983,1.162939999999998,1.1633199999999981,3910
2026-08-13T14:00:00+00:00,1.1633199999999981,1.164059999999998,1.1630199999999982,1.1640299999999981,4461
2026-08-13T14:15:00+00:00,1.1640299999999981,1.1644199999999982,1.1637399999999982,1.1637599999999981,3384
2026-08-13T14:30:00+00:00,1.1637599999999981,1.1640799999999982,1.163579999999998,1.1639099999999982,2800
2026-08-13T14:45:00+00:00,1.1639099999999982,1.164399999999998,1.1637699999999982,1.1642699999999981,2831
2026-08-13T15:00:00+00:00,1.1642699999999981,1.1644399999999981,1.1636599999999981,1.1636799999999983,2782
2026-08-13T15:15:00+00:00,1.1636799999999983,1.1637299999999982,1.1631599999999982,1.1632499999999981,2814
2026-08-13T15:30:00+00:00,1.1632499999999981,1.1635299999999982,1.1631299999999982,1.1631699999999983,2348
2026-08-13T15:45:00+00:00,1.1631699999999983,1.1633599999999982,1.1628999999999983,1.1629599999999982,1580
2026-08-13T16:00:00+00:00,1.1629599999999982,1.1631699999999983,1.1626599999999983,1.1627599999999982,1564
2026-08-13T16:15:00+00:00,1.1627599999999982,1.162799999999998,1.1623099999999982,1.1625099999999982,1647
2026-08-13T16:30:00+00:00,1.1625099999999982,1.1628299999999983,1.1624099999999982,1.1627599999999982,1173
2026-08-13T16:45:00+00:00,1.1627599999999982,1.1629299999999982,1.1627599999999982,1.162839999999998,1119
2026-08-13T17:00:00+00:00,1.162839999999998,1.163039999999998,1.1626399999999981,1.1626499999999982,1374
2026-08-13T17:15:00+00:00,1.1626499999999982,1.162799999999998,1.1624599999999983,1.162529999999998,887
2026-08-13T17:30:00+00:00,1.162529999999998,1.162839999999998,1.162499999999998,1.1628199999999982,1028
2026-08-13T17:45:00+00:00,1.1628199999999982,1.1628199999999982,1.1626499999999982,1.1626599999999983,839
2026-08-13T18:00:00+00:00,1.1626599999999983,1.163109999999998,1.1625199999999982,1.1630299999999982,1288
2026-08-13T18:15:00+00:00,1.1630299999999982,1.1630299999999982,1.1627099999999981,1.162799999999998,867
2026-08-13T18:30:00+00:00,1.162799999999998,1.162969999999998,1.1627099999999981,1.162869999999998,875
2026-08-13T18:45:00+00:00,1.162869999999998,1.162939999999998,1.162769999999998,1.1627899999999982,811
2026-08-13T19:00:00+00:00,1.1627899999999982,1.162939999999998,1.162769999999998,1.1628799999999981,1133
2026-08-13T19:15:00+00:00,1.1628799999999981,1.163039999999998,1.1628599999999982,1.163009999999998,586
2026-08-13T19:30:00+00:00,1.163009999999998,1.1630299999999982,1.1626599999999983,1.1627099999999981,1258
2026-08-13T19:45:00+00:00,1.1627099999999981,1.1628199999999982,1.1626399999999981,1.1627599999999982,1156
2026-08-13T20:00:00+00:00,1.1627599999999982,1.1628199999999982,1.1625099999999982,1.1625899999999982,630
2026-08-13T20:15:00+00:00,1.1625899999999982,1.1627099999999981,1.1625399999999981,1.162699999999998,433
2026-08-13T20:30:00+00:00,1.162699999999998,1.1627199999999982,1.162599999999998,1.162669999999998,452
2026-08-13T20:45:00+00:00,1.162669999999998,1.1628799999999981,1.162669999999998,1.1627299999999983,704
2026-08-13T21:00:00+00:00,1.1627299999999983,1.162939999999998,1.162429999999998,1.1628099999999981,102.44130215605541
2026-08-13T21:15:00+00:00,1.1628099999999981,1.1630899999999982,1.1627799999999981,1.1630799999999981,106.62918752226713
2026-08-13T21:30:00+00:00,1.1630799999999981,1.1632999999999982,1.1630599999999982,1.1630999999999982,122
2026-08-13T21:45:00+00:00,1.1630999999999982,1.1630999999999982,1.1629599999999982,1.1630599999999982,80.26416469302241
2026-08-13T22:00:00+00:00,1.1630599999999982,1.1633699999999982,1.1630599999999982,1.1631899999999982,298
2026-08-13T22:15:00+00:00,1.1631899999999982,1.1634099999999983,1.163179999999998,1.1633399999999983,245
2026-08-13T22:30:00+00:00,1.1633399999999983,1.1634099999999983,1.1632999999999982,1.1634099999999983,357
2026-08-13T22:45:00+00:00,1.1634099999999983,1.1634299999999982,1.1633299999999982,1.1633999999999982,242
2026-08-13T23:00:00+00:00,1.1633999999999982,1.1636099999999983,1.1633999999999982,1.1635399999999982,310
2026-08-13T23:15:00+00:00,1.1635399999999982,1.1635399999999982,1.1634899999999981,1.1634999999999982,240
2026-08-13T23:30:00+00:00,1.1634999999999982,1.1636299999999982,1.1634899999999981,1.1635999999999982,250
2026-08-13T23:45:00+00:00,1.1635999999999982,1.1636999999999982,1.1635899999999981,1.1636399999999982,371.23380068207655
2026-08-14T00:00:00+00:00,1.1636399999999982,1.1638499999999983,1.1636199999999983,1.1637399999999982,1249
2026-08-14T00:15:00+00:00,1.1637399999999982,1.1639699999999982,1.1637199999999983,1.1639399999999982,913
2026-08-14T00:30:00+00:00,1.1639399999999982,1.1640399999999982,1.1638899999999983,1.1639199999999983,875
2026-08-14T00:45:00+00:00,1.1639199999999983,1.1641899999999983,1.1638599999999981,1.1640999999999981,1186
2026-08-14T01:00:00+00:00,1.1640999999999981,1.1640999999999981,1.1635899999999981,1.1636099999999983,1262
2026-08-14T01:15:00+00:00,1.1636099999999983,1.1638099999999982,1.1634699999999982,1.1636399999999982,1085
2026-08-14T01:30:00+00:00,1.1636399999999982,1.1640499999999983,1.1635999999999982,1.1638899999999983,788
2026-08-14T01:45:00+00:00,1.1638899999999983,1.1640099999999982,1.1636499999999983,1.1636699999999982,837
2026-08-14T02:00:00+00:00,1.1636699999999982,1.1638799999999982,1.1636599999999981,1.1638499999999983,721
2026-08-14T02:15:00+00:00,1.1638499999999983,1.1639699999999982,1.1637499999999983,1.1638499999999983,590
2026-08-14T02:30:00+00:00,1.1638499999999983,1.1639999999999981,1.1638399999999982,1.1639799999999982,695
2026-08-14T02:45:00+00:00,1.1639799999999982,1.1639899999999983,1.1636199999999983,1.1636899999999981,943
2026-08-14T03:00:00+00:00,1.1636899999999981,1.1638299999999981,1.1636499999999983,1.1637999999999982,765
2026-08-14T03:15:00+00:00,1.1637999999999982,1.1641999999999981,1.1637799999999983,1.1640899999999983,914
2026-08-14T03:30:00+00:00,1.1640899999999983,1.1641199999999983,1.1639499999999983,1.1639899999999983,631
2026-08-14T03:45:00+00:00,1.1639899999999983,1.1640299999999981,1.1638699999999982,1.1639799999999982,558
2026-08-14T04:00:00+00:00,1.1639799999999982,1.1642999999999981,1.1639499999999983,1.1641999999999981,670
2026-08-14T04:15:00+00:00,1.1641999999999981,1.1642399999999982,1.1639299999999981,1.163959999999998,579
2026-08-14T04:30:00+00:00,1.163959999999998,1.1642199999999983,1.1639399999999982,1.1640799999999982,626
2026-08-14T04:45:00+00:00,1.1640799999999982,1.1642499999999982,1.1640499999999983,1.1641399999999982,498
2026-08-14T05:00:00+00:00,1.1641399999999982,1.1642499999999982,1.1640799999999982,1.1642399999999982,591
2026-08-14T05:15:00+00:00,1.1642399999999982,1.164399999999998,1.1641999999999981,1.1643599999999983,536
2026-08-14T05:30:00+00:00,1.1643599999999983,1.1645499999999982,1.1642799999999982,1.1643399999999982,1429
2026-08-14T05:45:00+00:00,1.1643399999999982,1.1644499999999982,1.1642899999999983,1.1644499999999982,826
2026-08-14T06:00:00+00:00,1.1644499999999982,1.1646799999999982,1.1643399999999982,1.1643899999999983,1394
2026-08-14T06:15:00+00:00,1.1643899999999983,1.1644199999999982,1.1641399999999982,1.1642399999999982,1209
2026-08-14T06:30:00+00:00,1.1642399999999982,1.1645499999999982,1.1642399999999982,1.1645199999999982,839
2026-08-14T06:45:00+00:00,1.1645199999999982,1.1647099999999981,1.1643699999999981,1.1646999999999983,1288
2026-08-14T07:00:00+00:00,1.1646999999999983,1.1649799999999981,1.1645799999999982,1.1647799999999982,1593
2026-08-14T07:15:00+00:00,1.1647799999999982,1.1649999999999983,1.1646799999999982,1.1648599999999982,1417
2026-08-14T07:30:00+00:00,1.1648599999999982,1.1651699999999983,1.1647499999999982,1.1650799999999981,1418
2026-08-14T07:45:00+00:00,1.1650799999999981,1.1653999999999982,1.1650799999999981,1.1653399999999983,1562
2026-08-14T08:00:00+00:00,1.1653399999999983,1.1657999999999982,1.1653199999999981,1.1656599999999981,1528
2026-08-14T08:15:00+00:00,1.1656599999999981,1.1656899999999981,1.1652999999999982,1.1655499999999983,1535
2026-08-14T08:30:00+00:00,1.1655499999999983,1.1660299999999981,1.1653199999999981,1.1656999999999982,1544
2026-08-14T08:45:00+00:00,1.1656999999999982,1.1658499999999983,1.1654799999999983,1.1658299999999981,1659
2026-08-14T09:00:00+00:00,1.1658299999999981,1.1659499999999983,1.1656899999999981,1.1657399999999982,1358
2026-08-14T09:15:00+00:00,1.1657399999999982,1.1658299999999981,1.1656099999999983,1.1656499999999983,1086
2026-08-14T09:30:00+00:00,1.1656499999999983,1.1657699999999982,1.1653599999999982,1.1654799999999983,1108
2026-08-14T09:45:00+00:00,1.1654799999999983,1.1657499999999983,1.1653899999999981,1.1657299999999982,1416
2026-08-14T10:00:00+00:00,1.1657299999999982,1.1657999999999982,1.1654699999999982,1.1656999999999982,873
2026-08-14T10:15:00+00:00,1.1656999999999982,1.165789999999998,1.1655699999999982,1.1655899999999981,748
2026-08-14T10:30:00+00:00,1.1655899999999981,1.1657699999999982,1.1655499999999983,1.1657699999999982,986
2026-08-14T10:45:00+00:00,1.1657699999999982,1.1658699999999982,1.1656699999999982,1.1658199999999983,1115
2026-08-14T11:00:00+00:00,1.1658199999999983,1.1661499999999982,1.1658199999999983,1.1661399999999982,1414
2026-08-14T11:15:00+00:00,1.1661399999999982,1.1666599999999983,1.1661299999999981,1.1665299999999983,2016
2026-08-14T11:30:00+00:00,1.1665299999999983,1.1674499999999983,1.1664799999999982,1.167179999999998,1909
2026-08-14T11:45:00+00:00,1.167179999999998,1.1672899999999982,1.1667699999999983,1.1667999999999983,1953
2026-08-14T12:00:00+00:00,1.1667999999999983,1.1673799999999983,1.1665199999999982,1.1666799999999982,2696
2026-08-14T12:15:00+00:00,1.1666799999999982,1.1674299999999982,1.1666599999999983,1.1672899999999982,2283
2026-08-14T12:30:00+00:00,1.1672899999999982,1.1680999999999981,1.1668599999999982,1.1668699999999983,4494
2026-08-14T12:45:00+00:00,1.1668699999999983,1.1672499999999981,1.1666199999999982,1.1668599999999982,2633
2026-08-14T13:00:00+00:00,1.1668599999999982,1.1669499999999982,1.1664599999999983,1.166569999999998,2361
2026-08-14T13:15:00+00:00,1.166569999999998,1.1672099999999983,1.1664799999999982,1.1670299999999982,2425
2026-08-14T13:30:00+00:00,1.1670299999999982,1.1685099999999982,1.1669199999999982,1.1684199999999982,4218
2026-08-14T13:45:00+00:00,1.1684199999999982,1.1687399999999981,1.1678399999999982,1.1682699999999981,3682
2026-08-14T14:00:00+00:00,1.1682699999999981,1.1686999999999983,1.1680399999999982,1.1681899999999983,3488
2026-08-14T14:15:00+00:00,1.1681899999999983,1.1688099999999981,1.167959999999998,1.1685999999999983,2877
2026-08-14T14:30:00+00:00,1.1685999999999983,1.1686799999999982,1.1680699999999982,1.1684999999999983,2932
2026-08-14T14:45:00+00:00,1.1684999999999983,1.1684999999999983,1.1680599999999983,1.1683399999999982,2865
2026-08-14T15:00:00+00:00,1.1683399999999982,1.1687299999999983,1.1682799999999982,1.1683499999999982,2468
2026-08-14T15:15:00+00:00,1.1683499999999982,1.1685499999999982,1.167959999999998,1.1683599999999983,2287
2026-08-14T15:30:00+00:00,1.1683599999999983,1.1687799999999982,1.1682799999999982,1.1684199999999982,2429
2026-08-14T15:45:00+00:00,1.1684199999999982,1.1687599999999982,1.1682199999999983,1.1682799999999982,1798
2026-08-14T16:00:00+00:00,1.1682799999999982,1.1684599999999983,1.1678799999999983,1.1679299999999981,1811
2026-08-14T16:15:00+00:00,1.1679299999999981,1.1682799999999982,1.1678199999999983,1.1678299999999981,1511
2026-08-14T16:30:00+00:00,1.1678299999999981,1.1680999999999981,1.167619999999998,1.1676799999999983,1156
2026-08-14T16:45:00+00:00,1.1676799999999983,1.1677599999999981,1.1672699999999983,1.1673699999999982,1048
2026-08-14T17:00:00+00:00,1.1673699999999982,1.1674099999999983,1.1668699999999983,1.1669799999999981,1562
2026-08-14T17:15:00+00:00,1.1669799999999981,1.1670699999999983,1.1666499999999982,1.1667699999999983,1373
2026-08-14T17:30:00+00:00,1.1667699999999983,1.1668799999999981,1.1666199999999982,1.1666199999999982,1116
2026-08-14T17:45:00+00:00,1.1666199999999982,1.1667399999999981,1.1665499999999982,1.1667399999999981,908
2026-08-14T18:00:00+00:00,1.1667399999999981,1.1668599999999982,1.1665999999999983,1.1665999999999983,1276
2026-08-14T18:15:00+00:00,1.1665999999999983,1.1669299999999982,1.166569999999998,1.1668999999999983,924
2026-08-14T18:30:00+00:00,1.1668999999999983,1.1669099999999981,1.1666999999999983,1.1667999999999983,660
2026-08-14T18:45:00+00:00,1.1667999999999983,1.1669599999999982,1.1667199999999982,1.1668099999999981,728
2026-08-14T19:00:00+00:00,1.1668099999999981,1.1670699999999983,1.1667099999999981,1.1669699999999983,783
2026-08-14T19:15:00+00:00,1.1669699999999983,1.167179999999998,1.1668999999999983,1.1670699999999983,704
2026-08-14T19:30:00+00:00,1.1670699999999983,1.1671699999999983,1.1667899999999982,1.1668999999999983,994
2026-08-14T19:45:00+00:00,1.1668999999999983,1.1671399999999983,1.1668499999999982,1.1670999999999982,908
2026-08-14T20:00:00+00:00,1.1670999999999982,1.1671999999999982,1.1669999999999983,1.1670599999999982,574
2026-08-14T20:15:00+00:00,1.1670599999999982,1.1671899999999982,1.1669999999999983,1.1671699999999983,433
2026-08-14T20:30:00+00:00,1.1671699999999983,1.1672499999999981,1.1669799999999981,1.167009999999998,279
2026-08-14T20:45:00+00:00,1.167009999999998,1.1672899999999982,1.1669199999999982,1.1669699999999983,902
2026-08-16T21:00:00+00:00,1.1669699999999983,1.166989999999998,1.1667899999999982,1.166989999999998,64.59745381521142
2026-08-16T21:15:00+00:00,1.166989999999998,1.167099999999998,1.166929999999998,1.167069999999998,1100.9436083940536
2026-08-16T21:30:00+00:00,1.167069999999998,1.1671199999999982,1.1669899999999982,1.1670599999999982,917.5832268771601
2026-08-16T21:45:00+00:00,1.1670599999999982,1.167179999999998,1.166939999999998,1.1670499999999981,380
2026-08-16T22:00:00+00:00,1.1670499999999981,1.1676599999999981,1.1670499999999981,1.167509999999998,380
2026-08-16T22:15:00+00:00,1.167509999999998,1.1677999999999982,1.167469999999998,1.167739999999998,287
2026-08-16T22:30:00+00:00,1.167739999999998,1.168019999999998,1.1677299999999982,1.1679699999999982,411
2026-08-16T22:45:00+00:00,1.1679699999999982,1.168349999999998,1.1679299999999981,1.168289999999998,521
2026-08-16T23:00:00+00:00,1.168289999999998,1.1683399999999982,1.168229999999998,1.168289999999998,296
2026-08-16T23:15:00+00:00,1.168289999999998,1.1682999999999981,1.168229999999998,1.1682399999999982,207.2632166790767
2026-08-16T23:30:00+00:00,1.1682399999999982,1.1683399999999982,1.168189999999998,1.1682999999999981,317
2026-08-16T23:45:00+00:00,1.1682999999999981,1.168399999999998,1.168059999999998,1.168189999999998,354
2026-08-17T00:00:00+00:00,1.168189999999998,1.168799999999998,1.168189999999998,1.168769999999998,1349
2026-08-17T00:15:00+00:00,1.168769999999998,1.1688799999999981,1.1686399999999981,1.1687899999999982,1238
2026-08-17T00:30:00+00:00,1.1687899999999982,1.1689099999999981,1.1686499999999982,1.168729999999998,1035
2026-08-17T00:45:00+00:00,1.168729999999998,1.168869999999998,1.1686399999999981,1.168829999999998,1271
2026-08-17T01:00:00+00:00,1.168829999999998,1.1689099999999981,1.1686399999999981,1.1687799999999982,1503
2026-08-17T01:15:00+00:00,1.1687799999999982,1.169109999999998,1.168689999999998,1.1690199999999982,1301
2026-08-17T01:30:00+00:00,1.1690199999999982,1.1690499999999981,1.1686399999999981,1.1690499999999981,1086
2026-08-17T01:45:00+00:00,1.1690499999999981,1.169179999999998,1.1689899999999982,1.1691599999999982,795
2026-08-17T02:00:00+00:00,1.1691599999999982,1.1692299999999982,1.1689899999999982,1.169139999999998,904
2026-08-17T02:15:00+00:00,1.169139999999998,1.1692499999999981,1.169029999999998,1.169239999999998,579
2026-08-17T02:30:00+00:00,1.169239999999998,1.1692599999999982,1.1688499999999982,1.168939999999998,822
2026-08-17T02:45:00+00:00,1.168939999999998,1.1689899999999982,1.1687199999999982,1.1687899999999982,912
2026-08-17T03:00:00+00:00,1.1687899999999982,1.168859999999998,1.1686799999999982,1.1687399999999981,788
2026-08-17T03:15:00+00:00,1.1687399999999981,1.1688799999999981,1.168729999999998,1.168799999999998,801
2026-08-17T03:30:00+00:00,1.168799999999998,1.168869999999998,1.168669999999998,1.1688099999999981,696
2026-08-17T03:45:00+00:00,1.1688099999999981,1.169179999999998,1.1687899999999982,1.169169999999998,831
2026-08-17T04:00:00+00:00,1.169169999999998,1.169619999999998,1.1690799999999981,1.169539999999998,1062
2026-08-17T04:15:00+00:00,1.169539999999998,1.1695599999999982,1.1693599999999982,1.1694899999999981,743
2026-08-17T04:30:00+00:00,1.1694899999999981,1.1695199999999981,1.169339999999998,1.169469999999998,686
2026-08-17T04:45:00+00:00,1.169469999999998,1.1695199999999981,1.1692599999999982,1.1692999999999982,651
2026-08-17T05:00:00+00:00,1.1692999999999982,1.1694199999999981,1.169099999999998,1.1691499999999981,950
2026-08-17T05:15:00+00:00,1.1691499999999981,1.169549999999998,1.169139999999998,1.1695299999999982,1132
2026-08-17T05:30:00+00:00,1.1695299999999982,1.169609999999998,1.1693199999999981,1.1695299999999982,1276
2026-08-17T05:45:00+00:00,1.1695299999999982,1.169749999999998,1.1694599999999982,1.169549999999998,1600
2026-08-17T06:00:00+00:00,1.169549999999998,1.1697599999999981,1.1691899999999982,1.169309999999998,1477
2026-08-17T06:15:00+00:00,1.169309999999998,1.1700399999999982,1.1692999999999982,1.1700299999999981,1729
2026-08-17T06:30:00+00:00,1.1700299999999981,1.170049999999998,1.169639999999998,1.1698999999999982,1273
2026-08-17T06:45:00+00:00,1.1698999999999982,1.170499999999998,1.1698999999999982,1.170389999999998,2046
2026-08-17T07:00:00+00:00,1.170389999999998,1.170599999999998,1.1701099999999982,1.1705399999999981,2051
2026-08-17T07:15:00+00:00,1.1705399999999981,1.1714599999999982,1.170499999999998,1.171449999999998,2553
2026-08-17T07:30:00+00:00,1.171449999999998,1.1720099999999982,1.1714199999999981,1.171719999999998,3186
2026-08-17T07:45:00+00:00,1.171719999999998,1.171779999999998,1.1713899999999982,1.171479999999998,2050
2026-08-17T08:00:00+00:00,1.171479999999998,1.1715699999999982,1.171209999999998,1.171439999999998,2227
2026-08-17T08:15:00+00:00,1.171439999999998,1.172229999999998,1.171439999999998,1.172229999999998,1717
2026-08-17T08:30:00+00:00,1.172229999999998,1.172229999999998,1.1713499999999981,1.171379999999998,2072
2026-08-17T08:45:00+00:00,1.171379999999998,1.1714999999999982,1.170359999999998,1.170699999999998,2949
2026-08-17T09:00:00+00:00,1.170699999999998,1.1709099999999981,1.170529999999998,1.170699999999998,2352
2026-08-17T09:15:00+00:00,1.170699999999998,1.1710599999999982,1.1706499999999982,1.1709899999999982,1680
2026-08-17T09:30:00+00:00,1.1709899999999982,1.1710599999999982,1.170699999999998,1.170829999999998,1193
2026-08-17T09:45:00+00:00,1.170829999999998,1.1709199999999982,1.170419999999998,1.170499999999998,1457
2026-08-17T10:00:00+00:00,1.170499999999998,1.1705099999999982,1.170079999999998,1.1702999999999981,1744
2026-08-17T10:15:00+00:00,1.1702999999999981,1.1706199999999982,1.170189999999998,1.1705699999999981,1950
2026-08-17T10:30:00+00:00,1.1705699999999981,1.170659999999998,1.169949999999998,1.170089999999998,2118
2026-08-17T10:45:00+00:00,1.170089999999998,1.1701799999999982,1.169779999999998,1.1698599999999981,1127
2026-08-17T11:00:00+00:00,1.1698599999999981,1.170359999999998,1.1698299999999981,1.169889999999998,1166
2026-08-17T11:15:00+00:00,1.169889999999998,1.1699399999999982,1.1695899999999981,1.1698399999999982,1257
2026-08-17T11:30:00+00:00,1.1698399999999982,1.1699999999999982,1.169679999999998,1.1696999999999982,1155
2026-08-17T11:45:00+00:00,1.1696999999999982,1.1701099999999982,1.169609999999998,1.170049999999998,1448
2026-08-17T12:00:00+00:00,1.170049999999998,1.1704499999999982,1.169979999999998,1.1700699999999982,2127
2026-08-17T12:15:00+00:00,1.1700699999999982,1.170419999999998,1.1695199999999981,1.169879999999998,2497
2026-08-17T12:30:00+00:00,1.169879999999998,1.170259999999998,1.169719999999998,1.1702399999999982,2073
2026-08-17T12:45:00+00:00,1.1702399999999982,1.170599999999998,1.1699099999999982,1.1705799999999982,2091
2026-08-17T13:00:00+00:00,1.1705799999999982,1.170799999999998,1.170389999999998,1.170399999999998,2421
2026-08-17T13:15:00+00:00,1.170399999999998,1.1707499999999982,1.170289999999998,1.170399999999998,1887
2026-08-17T13:30:00+00:00,1.170399999999998,1.1707399999999981,1.169879999999998,1.169879999999998,2414
2026-08-17T13:45:00+00:00,1.169879999999998,1.1703499999999982,1.1695899999999981,1.170289999999998,2501
2026-08-17T14:00:00+00:00,1.170289999999998,1.170499999999998,1.170079999999998,1.1704499999999982,2551
2026-08-17T14:15:00+00:00,1.1704499999999982,1.1707499999999982,1.169949999999998,1.1701399999999982,2720
2026-08-17T14:30:00+00:00,1.1701399999999982,1.1701999999999981,1.1695199999999981,1.1696899999999981,1977
2026-08-17T14:45:00+00:00,1.1696899999999981,1.169889999999998,1.1694299999999982,1.1694999999999982,2681
2026-08-17T15:00:00+00:00,1.1694999999999982,1.1695199999999981,1.169139999999998,1.1692899999999982,2663
2026-08-17T15:15:00+00:00,1.1692899999999982,1.1693899999999982,1.169009999999998,1.1692999999999982,1685
2026-08-17T15:30:00+00:00,1.1692999999999982,1.169449999999998,1.168999999999998,1.1690199999999982,1574
2026-08-17T15:45:00+00:00,1.1690199999999982,1.1698299999999981,1.1689899999999982,1.1698299999999981,1690
2026-08-17T16:00:00+00:00,1.1698299999999981,1.1698299999999981,1.1693299999999982,1.1695299999999982,1191
2026-08-17T16:15:00+00:00,1.1695299999999982,1.169879999999998,1.169509999999998,1.1696899999999981,1031
2026-08-17T16:30:00+00:00,1.1696899999999981,1.1700099999999982,1.169649999999998,1.1699299999999981,896
2026-08-17T16:45:00+00:00,1.1699299999999981,1.169949999999998,1.1696299999999982,1.169649999999998,835
2026-08-17T17:00:00+00:00,1.169649999999998,1.1697999999999982,1.1694599999999982,1.1694599999999982,1039
2026-08-17T17:15:00+00:00,1.1694599999999982,1.169479999999998,1.1690899999999982,1.169279999999998,1327
2026-08-17T17:30:00+00:00,1.169279999999998,1.1693499999999981,1.1684399999999981,1.1687799999999982,1846
2026-08-17T17:45:00+00:00,1.1687799999999982,1.1689199999999982,1.1685099999999982,1.168529999999998,1124
2026-08-17T18:00:00+00:00,1.168529999999998,1.168659999999998,1.1683499999999982,1.168589999999998,1148
2026-08-17T18:15:00+00:00,1.168589999999998,1.168669999999998,1.1681399999999982,1.1682699999999981,1009
2026-08-17T18:30:00+00:00,1.1682699999999981,1.1682699999999981,1.167919999999998,1.1680399999999982,1583
2026-08-17T18:45:00+00:00,1.1680399999999982,1.1682099999999982,1.1679399999999982,1.1680699999999982,1340
2026-08-17T19:00:00+00:00,1.1680699999999982,1.1685199999999982,1.1680399999999982,1.1685099999999982,1074
2026-08-17T19:15:00+00:00,1.1685099999999982,1.1687499999999982,1.168499999999998,1.1687199999999982,852
2026-08-17T19:30:00+00:00,1.1687199999999982,1.168869999999998,1.1685499999999982,1.1688499999999982,697
2026-08-17T19:45:00+00:00,1.1688499999999982,1.168859999999998,1.1685399999999981,1.168699999999998,926
2026-08-17T20:00:00+00:00,1.168699999999998,1.168799999999998,1.1685799999999982,1.168589999999998,397
2026-08-17T20:15:00+00:00,1.168589999999998,1.1687099999999981,1.168569999999998,1.168589999999998,231
2026-08-17T20:30:00+00:00,1.168589999999998,1.1687099999999981,1.1685499999999982,1.168659999999998,362
2026-08-17T20:45:00+00:00,1.168659999999998,1.168869999999998,1.1686099999999982,1.1686399999999981,743
2026-08-17T21:00:00+00:00,1.1686399999999981,1.168659999999998,1.168499999999998,1.1685799999999982,152.6788615056239
2026-08-17T21:15:00+00:00,1.1685799999999982,1.1687399999999981,1.1684799999999982,1.168629999999998,248
2026-08-17T21:30:00+00:00,1.168629999999998,1.1686799999999982,1.1685799999999982,1.168659999999998,174
2026-08-17T21:45:00+00:00,1.168659999999998,1.1686799999999982,1.1685499999999982,1.168569999999998,149.45946855028592
2026-08-17T22:00:00+00:00,1.168569999999998,1.1688099999999981,1.168569999999998,1.1687099999999981,242
2026-08-17T22:15:00+00:00,1.1687099999999981,1.168859999999998,1.168599999999998,1.1688199999999982,306
2026-08-17T22:30:00+00:00,1.1688199999999982,1.1688199999999982,1.1686499999999982,1.168699999999998,267
2026-08-17T22:45:00+00:00,1.168699999999998,1.1687399999999981,1.1686399999999981,1.1686799999999982,179
2026-08-17T23:00:00+00:00,1.1686799999999982,1.1688499999999982,1.168629999999998,1.168839999999998,205
2026-08-17T23:15:00+00:00,1.168839999999998,1.168939999999998,1.168799999999998,1.168939999999998,190.3251710478934
2026-08-17T23:30:00+00:00,1.168939999999998,1.169139999999998,1.1689099999999981,1.169099999999998,225
2026-08-17T23:45:00+00:00,1.169099999999998,1.169179999999998,1.169029999999998,1.1690899999999982,366
2026-08-18T00:00:00+00:00,1.1690899999999982,1.1693199999999981,1.168999999999998,1.1690899999999982,1205
2026-08-18T00:15:00+00:00,1.1690899999999982,1.1691599999999982,1.168769999999998,1.1687899999999982,966
2026-08-18T00:30:00+00:00,1.1687899999999982,1.169009999999998,1.168589999999998,1.168939999999998,1009
2026-08-18T00:45:00+00:00,1.168939999999998,1.1690899999999982,1.168769999999998,1.169069999999998,1100
2026-08-18T01:00:00+00:00,1.169069999999998,1.1693999999999982,1.1689599999999982,1.1693499999999981,1458
2026-08-18T01:15:00+00:00,1.1693499999999981,1.1693499999999981,1.1687799999999982,1.168999999999998,1217
2026-08-18T01:30:00+00:00,1.168999999999998,1.169239999999998,1.1689099999999981,1.168939999999998,759
2026-08-18T01:45:00+00:00,1.168939999999998,1.1689599999999982,1.168699999999998,1.1687899999999982,1244
2026-08-18T02:00:00+00:00,1.1687899999999982,1.1687899999999982,1.1684799999999982,1.168499999999998,1208
2026-08-18T02:15:00+00:00,1.168499999999998,1.1685799999999982,1.1684099999999982,1.1685399999999981,1313
2026-08-18T02:30:00+00:00,1.1685399999999981,1.1685499999999982,1.1683399999999982,1.1684799999999982,858
2026-08-18T02:45:00+00:00,1.1684799999999982,1.168859999999998,1.1684799999999982,1.168839999999998,656
2026-08-18T03:00:00+00:00,1.168839999999998,1.168839999999998,1.168569999999998,1.168569999999998,795
2026-08-18T03:15:00+00:00,1.168569999999998,1.168569999999998,1.1682799999999982,1.168399999999998,806
2026-08-18T03:30:00+00:00,1.168399999999998,1.168399999999998,1.168019999999998,1.1680999999999981,1072
2026-08-18T03:45:00+00:00,1.1680999999999981,1.168229999999998,1.1679699999999982,1.1681399999999982,802
2026-08-18T04:00:00+00:00,1.1681399999999982,1.168229999999998,1.1678399999999982,1.167889999999998,979
2026-08-18T04:15:00+00:00,1.167889999999998,1.1681299999999981,1.1677999999999982,1.168049999999998,838
2026-08-18T04:30:00+00:00,1.168049999999998,1.1681399999999982,1.167889999999998,1.1680999999999981,605
2026-08-18T04:45:00+00:00,1.1680999999999981,1.168289999999998,1.167959999999998,1.167959999999998,848
2026-08-18T05:00:00+00:00,1.167959999999998,1.1679999999999982,1.167749999999998,1.167809999999998,1088
2026-08-18T05:15:00+00:00,1.167809999999998,1.1681099999999982,1.1677699999999982,1.168079999999998,890
2026-08-18T05:30:00+00:00,1.168079999999998,1.1681099999999982,1.167849999999998,1.1680399999999982,950
2026-08-18T05:45:00+00:00,1.1680399999999982,1.168249999999998,1.168019999999998,1.168119999999998,932
2026-08-18T06:00:00+00:00,1.168119999999998,1.1682999999999981,1.1675199999999981,1.167779999999998,2392
2026-08-18T06:15:00+00:00,1.167779999999998,1.168089999999998,1.1676899999999981,1.1680699999999982,1517
2026-08-18T06:30:00+00:00,1.1680699999999982,1.1680699999999982,1.1674899999999981,1.167889999999998,1766
2026-08-18T06:45:00+00:00,1.167889999999998,1.1680299999999981,1.1676299999999982,1.1680299999999981,1685
2026-08-18T07:00:00+00:00,1.1680299999999981,1.168259999999998,1.167879999999998,1.1679099999999982,2175
2026-08-18T07:15:00+00:00,1.1679099999999982,1.168429999999998,1.167779999999998,1.168289999999998,1774
2026-08-18T07:30:00+00:00,1.168289999999998,1.168529999999998,1.1681699999999982,1.1683799999999982,1610
2026-08-18T07:45:00+00:00,1.1683799999999982,1.168569999999998,1.1681699999999982,1.1682099999999982,1400
2026-08-18T08:00:00+00:00,1.1682099999999982,1.1682399999999982,1.1678299999999981,1.1680099999999982,1814
2026-08-18T08:15:00+00:00,1.1680099999999982,1.168019999999998,1.1677399999999982,1.1679699999999982,1663
2026-08-18T08:30:00+00:00,1.1679699999999982,1.1683099999999982,1.167959999999998,1.1682999999999981,1173
2026-08-18T08:45:00+00:00,1.1682999999999981,1.1685799999999982,1.1682699999999981,1.1684399999999981,1121
2026-08-18T09:00:00+00:00,1.1684399999999981,1.1684399999999981,1.168189999999998,1.1682399999999982,1025
2026-08-18T09:15:00+00:00,1.1682399999999982,1.168589999999998,1.168089999999998,1.1685499999999982,1316
2026-08-18T09:30:00+00:00,1.1685499999999982,1.1687499999999982,1.168229999999998,1.1684399999999981,1382
2026-08-18T09:45:00+00:00,1.1684399999999981,1.1688199999999982,1.1683699999999981,1.1687399999999981,1423
2026-08-18T10:00:00+00:00,1.1687399999999981,1.1687399999999981,1.168289999999998,1.1682999999999981,1376
2026-08-18T10:15:00+00:00,1.1682999999999981,1.168489999999998,1.168219999999998,1.168489999999998,1156
2026-08-18T10:30:00+00:00,1.168489999999998,1.168499999999998,1.1682799999999982,1.1683399999999982,905
2026-08-18T10:45:00+00:00,1.1683399999999982,1.1685099999999982,1.1682799999999982,1.1684399999999981,1347
2026-08-18T11:00:00+00:00,1.1684399999999981,1.1684799999999982,1.1682399999999982,1.1682399999999982,1313
2026-08-18T11:15:00+00:00,1.1682399999999982,1.168329999999998,1.168079999999998,1.168119999999998,876
2026-08-18T11:30:00+00:00,1.168119999999998,1.168389999999998,1.168079999999998,1.1682399999999982,976
2026-08-18T11:45:00+00:00,1.1682399999999982,1.1685099999999982,1.168119999999998,1.168489999999998,1076
2026-08-18T12:00:00+00:00,1.168489999999998,1.1687499999999982,1.168319999999998,1.168589999999998,1839
2026-08-18T12:15:00+00:00,1.168589999999998,1.1687499999999982,1.168189999999998,1.168219999999998,1843
2026-08-18T12:30:00+00:00,1.168219999999998,1.168389999999998,1.167989999999998,1.1683099999999982,1617
2026-08-18T12:45:00+00:00,1.1683099999999982,1.1686199999999982,1.1681699999999982,1.1682699999999981,1632
2026-08-18T13:00:00+00:00,1.1682699999999981,1.168769999999998,1.1682399999999982,1.168699999999998,2145
2026-08-18T13:15:00+00:00,1.168699999999998,1.168729999999998,1.168219999999998,1.168329999999998,1563
2026-08-18T13:30:00+00:00,1.168329999999998,1.169309999999998,1.1678599999999981,1.168859999999998,3919
2026-08-18T13:45:00+00:00,1.168859999999998,1.1691299999999982,1.1686199999999982,1.1688799999999981,2874
2026-08-18T14:00:00+00:00,1.1688799999999981,1.1695199999999981,1.168869999999998,1.1691299999999982,3078
2026-08-18T14:15:00+00:00,1.1691299999999982,1.169649999999998,1.169029999999998,1.1693299999999982,2785
2026-08-18T14:30:00+00:00,1.1693299999999982,1.169339999999998,1.1688799999999981,1.169279999999998,2222
2026-08-18T14:45:00+00:00,1.169279999999998,1.169639999999998,1.1688899999999982,1.1689199999999982,4324
2026-08-18T15:00:00+00:00,1.1689199999999982,1.169439999999998,1.1685499999999982,1.168559999999998,3750
2026-08-18T15:15:00+00:00,1.168559999999998,1.1689599999999982,1.168489999999998,1.1686199999999982,2275
2026-08-18T15:30:00+00:00,1.1686199999999982,1.168859999999998,1.168489999999998,1.1687099999999981,1821
2026-08-18T15:45:00+00:00,1.1687099999999981,1.1689899999999982,1.168699999999998,1.1687399999999981,1303
2026-08-18T16:00:00+00:00,1.1687399999999981,1.1692499999999981,1.1686799999999982,1.1691499999999981,1301
2026-08-18T16:15:00+00:00,1.1691499999999981,1.1693899999999982,1.1689199999999982,1.168939999999998,1362
2026-08-18T16:30:00+00:00,1.168939999999998,1.1690199999999982,1.1686799999999982,1.169009999999998,990
2026-08-18T16:45:00+00:00,1.169009999999998,1.169099999999998,1.1687799999999982,1.1687899999999982,1085
2026-08-18T17:00:00+00:00,1.1687899999999982,1.168859999999998,1.168389999999998,1.1684499999999982,1144
2026-08-18T17:15:00+00:00,1.1684499999999982,1.1686399999999981,1.1683699999999981,1.1685199999999982,1366
2026-08-18T17:30:00+00:00,1.1685199999999982,1.1685499999999982,1.168249999999998,1.1684399999999981,1141
2026-08-18T17:45:00+00:00,1.1684399999999981,1.168499999999998,1.168359999999998,1.168489999999998,656
2026-08-18T18:00:00+00:00,1.168489999999998,1.1685799999999982,1.168289999999998,1.1685799999999982,909
2026-08-18T18:15:00+00:00,1.1685799999999982,1.168699999999998,1.168529999999998,1.1685399999999981,792
2026-08-18T18:30:00+00:00,1.1685399999999981,1.168569999999998,1.168259999999998,1.168259999999998,531
2026-08-18T18:45:00+00:00,1.168259999999998,1.1684499999999982,1.168229999999998,1.168389999999998,659
2026-08-18T19:00:00+00:00,1.168389999999998,1.1686099999999982,1.168289999999998,1.168499999999998,1136
2026-08-18T19:15:00+00:00,1.168499999999998,1.168559999999998,1.168399999999998,1.1684799999999982,654
2026-08-18T19:30:00+00:00,1.1684799999999982,1.168899999999998,1.1684499999999982,1.168699999999998,1091
2026-08-18T19:45:00+00:00,1.168699999999998,1.1687499999999982,1.168219999999998,1.1682999999999981,1373
2026-08-18T20:00:00+00:00,1.1682999999999981,1.1682999999999981,1.167989999999998,1.1681099999999982,638
2026-08-18T20:15:00+00:00,1.1681099999999982,1.168159999999998,1.1680399999999982,1.168149999999998,476
2026-08-18T20:30:00+00:00,1.168149999999998,1.1683099999999982,1.168119999999998,1.1682099999999982,354
2026-08-18T20:45:00+00:00,1.1682099999999982,1.1684699999999981,1.1681399999999982,1.1682799999999982,1133.4807854137448
2026-08-18T21:00:00+00:00,1.1682799999999982,1.1683699999999981,1.1680399999999982,1.1683499999999982,154.18547772995663
2026-08-18T21:15:00+00:00,1.1683499999999982,1.1685899999999982,1.1683499999999982,1.1684599999999983,122.23619763694951
2026-08-18T21:30:00+00:00,1.1684599999999983,1.1684899999999985,1.1681199999999983,1.1681499999999985,330
2026-08-18T21:45:00+00:00,1.1681499999999985,1.1682699999999984,1.1681299999999983,1.1682199999999983,686
2026-08-18T22:00:00+00:00,1.1682199999999983,1.1684499999999984,1.1682199999999983,1.1682699999999984,330
2026-08-18T22:15:00+00:00,1.1682699999999984,1.1684199999999985,1.1682499999999985,1.1682999999999983,267
2026-08-18T22:30:00+00:00,1.1682999999999983,1.1683899999999983,1.1682299999999983,1.1682599999999983,295
2026-08-18T22:45:00+00:00,1.1682599999999983,1.1684599999999983,1.1682599999999983,1.1683899999999983,199
2026-08-18T23:00:00+00:00,1.1683899999999983,1.1686199999999984,1.1683899999999983,1.1684599999999983,367
2026-08-18T23:15:00+00:00,1.1684599999999983,1.1684999999999983,1.1682399999999984,1.1682899999999983,315
2026-08-18T23:30:00+00:00,1.1682899999999983,1.1683499999999984,1.1681299999999983,1.1681999999999984,475
2026-08-18T23:45:00+00:00,1.1681999999999984,1.1683999999999983,1.1681399999999984,1.1683899999999983,499
2026-08-19T00:00:00+00:00,1.1683899999999983,1.1689499999999984,1.1683099999999984,1.1688299999999983,1914
2026-08-19T00:15:00+00:00,1.1688299999999983,1.1689499999999984,1.1686999999999983,1.1687199999999984,1098
2026-08-19T00:30:00+00:00,1.1687199999999984,1.1687599999999985,1.1683099999999984,1.1683399999999984,1359
2026-08-19T00:45:00+00:00,1.1683399999999984,1.1686199999999984,1.1681199999999983,1.1682099999999984,1818
2026-08-19T01:00:00+00:00,1.1682099999999984,1.1682499999999985,1.1679299999999984,1.1680199999999983,1657
2026-08-19T01:15:00+00:00,1.1680199999999983,1.1681799999999984,1.1677999999999984,1.1681699999999984,1687
2026-08-19T01:30:00+00:00,1.1681699999999984,1.1685499999999984,1.1681699999999984,1.1684699999999983,1238
2026-08-19T01:45:00+00:00,1.1684699999999983,1.1685799999999984,1.1683099999999984,1.1684999999999983,1037
2026-08-19T02:00:00+00:00,1.1684999999999983,1.1688299999999983,1.1684499999999984,1.1687099999999984,905
2026-08-19T02:15:00+00:00,1.1687099999999984,1.1693099999999983,1.1685399999999984,1.1690099999999983,2526
2026-08-19T02:30:00+00:00,1.1690099999999983,1.1692899999999984,1.1688699999999983,1.1692699999999985,1254
2026-08-19T02:45:00+00:00,1.1692699999999985,1.1695099999999983,1.1688299999999983,1.1690199999999984,1682
2026-08-19T03:00:00+00:00,1.1690199999999984,1.1692499999999983,1.1689599999999984,1.1692199999999984,1091
2026-08-19T03:15:00+00:00,1.1692199999999984,1.1692699999999985,1.1690899999999984,1.1691599999999984,607
2026-08-19T03:30:00+00:00,1.1691599999999984,1.1692099999999983,1.1689599999999984,1.1690499999999984,810
2026-08-19T03:45:00+00:00,1.1690499999999984,1.1691299999999984,1.1688899999999984,1.1689199999999984,831
2026-08-19T04:00:00+00:00,1.1689199999999984,1.1691599999999984,1.1688399999999983,1.1691499999999984,796
2026-08-19T04:15:00+00:00,1.1691499999999984,1.1691899999999984,1.1690899999999984,1.1691299999999984,740
2026-08-19T04:30:00+00:00,1.1691299999999984,1.1693699999999985,1.1689899999999984,1.1691199999999984,1140
2026-08-19T04:45:00+00:00,1.1691199999999984,1.1694599999999984,1.1690699999999983,1.1693599999999984,1124
2026-08-19T05:00:00+00:00,1.1693599999999984,1.1694999999999984,1.1692499999999983,1.1694199999999983,1116
2026-08-19T05:15:00+00:00,1.1694199999999983,1.1695499999999983,1.1693499999999983,1.1694299999999984,1008
2026-08-19T05:30:00+00:00,1.1694299999999984,1.1695699999999984,1.1693399999999983,1.1695399999999985,1174
2026-08-19T05:45:00+00:00,1.1695399999999985,1.1697399999999984,1.1694299999999984,1.1696399999999985,1194
2026-08-19T06:00:00+00:00,1.1696399999999985,1.1699199999999983,1.1695599999999984,1.1697699999999984,1443
2026-08-19T06:15:00+00:00,1.1697699999999984,1.1706599999999983,1.1697499999999983,1.1705799999999984,2010
2026-08-19T06:30:00+00:00,1.1705799999999984,1.1706199999999984,1.1702499999999985,1.1703799999999984,1812
2026-08-19T06:45:00+00:00,1.1703799999999984,1.1705199999999985,1.1701999999999984,1.1702599999999983,1903
2026-08-19T07:00:00+00:00,1.1702599999999983,1.1704399999999984,1.1699899999999983,1.1701299999999983,2055
2026-08-19T07:15:00+00:00,1.1701299999999983,1.1702899999999983,1.1699499999999983,1.1702599999999983,1122
2026-08-19T07:30:00+00:00,1.1702599999999983,1.1705299999999983,1.1700999999999984,1.1701899999999983,1155
2026-08-19T07:45:00+00:00,1.1701899999999983,1.1705599999999983,1.1701699999999984,1.1704399999999984,1223
2026-08-19T08:00:00+00:00,1.1704399999999984,1.1712399999999983,1.1703399999999984,1.1711499999999984,2213
2026-08-19T08:15:00+00:00,1.1711499999999984,1.1713099999999983,1.1704999999999983,1.1706299999999983,1840
2026-08-19T08:30:00+00:00,1.1706299999999983,1.1710999999999985,1.1704599999999983,1.1710099999999983,1552
2026-08-19T08:45:00+00:00,1.1710099999999983,1.1711099999999983,1.1704799999999984,1.1705999999999983,1737
2026-08-19T09:00:00+00:00,1.1705999999999983,1.1708499999999984,1.1704399999999984,1.1707399999999983,1307
2026-08-19T09:15:00+00:00,1.1707399999999983,1.1712699999999983,1.1706399999999983,1.1711999999999985,1521
2026-08-19T09:30:00+00:00,1.1711999999999985,1.1714499999999983,1.1711499999999984,1.1712999999999985,1097
2026-08-19T09:45:00+00:00,1.1712999999999985,1.1716099999999983,1.1712399999999983,1.1714399999999983,1340
2026-08-19T10:00:00+00:00,1.1714399999999983,1.1718399999999984,1.1713199999999984,1.1717499999999983,1522
2026-08-19T10:15:00+00:00,1.1717499999999983,1.1719499999999983,1.1716299999999984,1.1718399999999984,1242
2026-08-19T10:30:00+00:00,1.1718399999999984,1.1719399999999984,1.1717399999999984,1.1718899999999983,864
2026-08-19T10:45:00+00:00,1.1718899999999983,1.1719799999999985,1.1713499999999983,1.1714499999999983,1193
2026-08-19T11:00:00+00:00,1.1714499999999983,1.1716599999999984,1.1710799999999983,1.1713599999999984,1400
2026-08-19T11:15:00+00:00,1.1713599999999984,1.1714599999999984,1.1712399999999983,1.1712599999999984,1058
2026-08-19T11:30:00+00:00,1.1712599999999984,1.1714199999999984,1.1707299999999983,1.1708599999999985,1399
2026-08-19T11:45:00+00:00,1.1708599999999985,1.1713399999999983,1.1708499999999984,1.1710699999999983,1718
2026-08-19T12:00:00+00:00,1.1710699999999983,1.1713799999999983,1.1710399999999983,1.1713499999999983,1662
2026-08-19T12:15:00+00:00,1.1713499999999983,1.1718099999999985,1.1713399999999983,1.1714499999999983,1715
2026-08-19T12:30:00+00:00,1.1714499999999983,1.1737599999999984,1.1713799999999983,1.1736799999999983,9200
2026-08-19T12:45:00+00:00,1.1736799999999983,1.1751399999999983,1.1733499999999983,1.1743499999999985,6759
2026-08-19T13:00:00+00:00,1.1743499999999985,1.1758099999999985,1.1743499999999985,1.1756499999999983,6247
2026-08-19T13:15:00+00:00,1.1756499999999983,1.1760699999999984,1.1751999999999985,1.1760499999999983,4995
2026-08-19T13:30:00+00:00,1.1760499999999983,1.1766899999999985,1.1755999999999984,1.1763399999999984,6933
2026-08-19T13:45:00+00:00,1.1763399999999984,1.1767499999999984,1.1757799999999983,1.1764299999999983,6192
2026-08-19T14:00:00+00:00,1.1764299999999983,1.1775899999999984,1.1761699999999984,1.1771899999999984,5708
2026-08-19T14:15:00+00:00,1.1771899999999984,1.1779999999999984,1.1770799999999983,1.1779899999999983,5306
2026-08-19T14:30:00+00:00,1.1779899999999983,1.1785099999999984,1.1778499999999983,1.1784399999999984,4863
2026-08-19T14:45:00+00:00,1.1784399999999984,1.1784399999999984,1.1768699999999983,1.1771299999999985,6227
2026-08-19T15:00:00+00:00,1.1771299999999985,1.1773499999999983,1.1766999999999983,1.1772299999999984,4829
2026-08-19T15:15:00+00:00,1.1772299999999984,1.1773999999999984,1.1764699999999984,1.1768199999999984,4147
2026-08-19T15:30:00+00:00,1.1768199999999984,1.1775999999999984,1.1767399999999983,1.1775299999999984,2765
2026-08-19T15:45:00+00:00,1.1775299999999984,1.1775899999999984,1.1768899999999984,1.1771799999999983,2409
2026-08-19T16:00:00+00:00,1.1771799999999983,1.1779499999999983,1.1771699999999983,1.1778299999999984,2555
2026-08-19T16:15:00+00:00,1.1778299999999984,1.1779499999999983,1.1774099999999983,1.1775399999999985,1839
2026-08-19T16:30:00+00:00,1.1775399999999985,1.1779299999999984,1.1774999999999984,1.1776799999999983,1566
2026-08-19T16:45:00+00:00,1.1776799999999983,1.1779999999999984,1.1776199999999983,1.1776399999999985,1889
2026-08-19T17:00:00+00:00,1.1776399999999985,1.1780099999999984,1.1771799999999983,1.1773299999999984,3157
2026-08-19T17:15:00+00:00,1.1773299999999984,1.1773299999999984,1.1770299999999985,1.1771799999999983,1861
2026-08-19T17:30:00+00:00,1.1771799999999983,1.1772399999999983,1.1768899999999984,1.1769699999999983,1552
2026-08-19T17:45:00+00:00,1.1769699999999983,1.1769999999999983,1.1766299999999983,1.1766899999999985,1677
2026-08-19T18:00:00+00:00,1.1766899999999985,1.1779199999999983,1.1766399999999984,1.1777299999999984,4232
2026-08-19T18:15:00+00:00,1.1777299999999984,1.1777599999999984,1.1767899999999984,1.1768899999999984,2162
2026-08-19T18:30:00+00:00,1.1768899999999984,1.1782099999999984,1.1768799999999984,1.1779999999999984,2651
2026-08-19T18:45:00+00:00,1.1779999999999984,1.1782999999999983,1.1779299999999984,1.1781399999999984,2123
2026-08-19T19:00:00+00:00,1.1781399999999984,1.1784699999999984,1.1777799999999983,1.1781499999999985,2125
2026-08-19T19:15:00+00:00,1.1781499999999985,1.1786499999999984,1.1781399999999984,1.1785999999999983,1533
2026-08-19T19:30:00+00:00,1.1785999999999983,1.1787099999999984,1.1780799999999985,1.1781399999999984,2067
2026-08-19T19:45:00+00:00,1.1781399999999984,1.1785799999999984,1.1779799999999985,1.1785199999999985,2007
2026-08-19T20:00:00+00:00,1.1785199999999985,1.1786299999999983,1.1783499999999985,1.1783699999999984,918
2026-08-19T20:15:00+00:00,1.1783699999999984,1.1785599999999983,1.1782899999999983,1.1783199999999983,568
2026-08-19T20:30:00+00:00,1.1783199999999983,1.1786599999999983,1.1783099999999984,1.1786099999999984,595
2026-08-19T20:45:00+00:00,1.1786099999999984,1.1786999999999983,1.1784399999999984,1.1784499999999984,604
2026-08-19T21:00:00+00:00,1.1784499999999984,1.1784499999999984,1.1782799999999984,1.1783599999999983,57.183011216024084
2026-08-19T21:15:00+00:00,1.1783599999999983,1.1783599999999983,1.1782299999999983,1.1782299999999983,154
2026-08-19T21:30:00+00:00,1.1782299999999983,1.1783499999999985,1.1782199999999983,1.1782799999999984,111
2026-08-19T21:45:00+00:00,1.1782799999999984,1.1785899999999985,1.1782699999999984,1.1783499999999985,199
2026-08-19T22:00:00+00:00,1.1783499999999985,1.1788499999999984,1.1783499999999985,1.1787099999999984,573
2026-08-19T22:15:00+00:00,1.1787099999999984,1.1787299999999983,1.1785499999999984,1.1785899999999985,299
2026-08-19T22:30:00+00:00,1.1785899999999985,1.1786199999999984,1.1783799999999984,1.1784599999999983,533
2026-08-19T22:45:00+00:00,1.1784599999999983,1.1784899999999983,1.1782899999999983,1.1783099999999984,616
2026-08-19T23:00:00+00:00,1.1783099999999984,1.1785399999999984,1.1781999999999984,1.1783399999999984,748
2026-08-19T23:15:00+00:00,1.1783399999999984,1.1783899999999983,1.1781799999999985,1.1782499999999985,627
2026-08-19T23:30:00+00:00,1.1782499999999985,1.1783199999999983,1.1780899999999983,1.1780899999999983,491
2026-08-19T23:45:00+00:00,1.1780899999999983,1.1782199999999983,1.1780499999999983,1.1782199999999983,578
2026-08-20T00:00:00+00:00,1.1782199999999983,1.1787699999999983,1.1782199999999983,1.1784899999999983,2067
2026-08-20T00:15:00+00:00,1.1784899999999983,1.1787399999999983,1.1781799999999985,1.1782899999999983,1677
2026-08-20T00:30:00+00:00,1.1782899999999983,1.1785399999999984,1.1782599999999983,1.1782799999999984,1181
2026-08-20T00:45:00+00:00,1.1782799999999984,1.1783599999999983,1.1780299999999984,1.1782099999999984,1649
2026-08-20T01:00:00+00:00,1.1782099999999984,1.1782699999999984,1.1777899999999983,1.1780399999999984,2182
2026-08-20T01:15:00+00:00,1.1780399999999984,1.1787899999999985,1.1780399999999984,1.1787199999999984,2350
2026-08-20T01:30:00+00:00,1.1787199999999984,1.1790599999999984,1.1782699999999984,1.1786199999999984,2990
2026-08-20T01:45:00+00:00,1.1786199999999984,1.1787299999999983,1.1781599999999983,1.1784399999999984,1901
2026-08-20T02:00:00+00:00,1.1784399999999984,1.1791499999999984,1.1783399999999984,1.1785199999999985,2464
2026-08-20T02:15:00+00:00,1.1785199999999985,1.1785199999999985,1.1780699999999984,1.1783299999999983,1407
2026-08-20T02:30:00+00:00,1.1783299999999983,1.1786099999999984,1.1782199999999983,1.1783899999999983,1093
2026-08-20T02:45:00+00:00,1.1783899999999983,1.1784799999999984,1.1781799999999985,1.1782799999999984,962
2026-08-20T03:00:00+00:00,1.1782799999999984,1.1786799999999984,1.1782099999999984,1.1785899999999985,1143
2026-08-20T03:15:00+00:00,1.1785899999999985,1.1787899999999985,1.1783599999999983,1.1784899999999983,1217
2026-08-20T03:30:00+00:00,1.1784899999999983,1.1786299999999983,1.1783199999999983,1.1785799999999984,1063
2026-08-20T03:45:00+00:00,1.1785799999999984,1.1787599999999985,1.1785599999999983,1.1787299999999983,754
2026-08-20T04:00:00+00:00,1.1787299999999983,1.1788299999999983,1.1786099999999984,1.1787399999999983,800
2026-08-20T04:15:00+00:00,1.1787399999999983,1.1787699999999983,1.1784499999999984,1.1784999999999983,1100
2026-08-20T04:30:00+00:00,1.1784999999999983,1.1785699999999983,1.1783899999999983,1.1783899999999983,888
2026-08-20T04:45:00+00:00,1.1783899999999983,1.1785099999999984,1.1779899999999983,1.1780899999999983,1130
2026-08-20T05:00:00+00:00,1.1780899999999983,1.1783399999999984,1.1780799999999985,1.1781799999999985,1407
2026-08-20T05:15:00+00:00,1.1781799999999985,1.1782899999999983,1.1779299999999984,1.1779399999999984,1067
2026-08-20T05:30:00+00:00,1.1779399999999984,1.1781499999999985,1.1778199999999983,1.1778599999999984,1432
2026-08-20T05:45:00+00:00,1.1778599999999984,1.1785299999999983,1.1778099999999985,1.1783899999999983,1667
2026-08-20T06:00:00+00:00,1.1783899999999983,1.1788199999999984,1.1781299999999983,1.1787499999999984,1960
2026-08-20T06:15:00+00:00,1.1787499999999984,1.1787899999999985,1.1784499999999984,1.1784999999999983,1926
2026-08-20T06:30:00+00:00,1.1784999999999983,1.1788199999999984,1.1784199999999985,1.1787999999999983,1457
2026-08-20T06:45:00+00:00,1.1787999999999983,1.1796199999999983,1.1787999999999983,1.1795899999999984,2783
2026-08-20T07:00:00+00:00,1.1795899999999984,1.1796099999999983,1.1788899999999984,1.1789699999999983,2941
2026-08-20T07:15:00+00:00,1.1789699999999983,1.1791299999999985,1.1786199999999984,1.1787699999999983,1982
2026-08-20T07:30:00+00:00,1.1787699999999983,1.1801399999999984,1.1787699999999983,1.1798399999999984,2916
2026-08-20T07:45:00+00:00,1.1798399999999984,1.1801399999999984,1.1793699999999985,1.1800599999999983,2272
2026-08-20T08:00:00+00:00,1.1800599999999983,1.1802999999999984,1.1798699999999984,1.1802399999999984,2141
2026-08-20T08:15:00+00:00,1.1802399999999984,1.1802699999999984,1.1797999999999984,1.1799199999999983,2294
2026-08-20T08:30:00+00:00,1.1799199999999983,1.1807599999999985,1.1796699999999984,1.1805499999999984,2652
2026-08-20T08:45:00+00:00,1.1805499999999984,1.1807699999999983,1.1802799999999984,1.1806499999999984,1996
2026-08-20T09:00:00+00:00,1.1806499999999984,1.1812699999999983,1.1803499999999985,1.1811999999999985,2349
2026-08-20T09:15:00+00:00,1.1811999999999985,1.1817599999999984,1.1811699999999983,1.1814199999999984,2725
2026-08-20T09:30:00+00:00,1.1814199999999984,1.1815399999999983,1.1809099999999983,1.1812499999999984,2285
2026-08-20T09:45:00+00:00,1.1812499999999984,1.1815799999999983,1.1808699999999983,1.1814899999999984,2221
2026-08-20T10:00:00+00:00,1.1814899999999984,1.1818399999999984,1.1811899999999984,1.1816099999999983,1944
2026-08-20T10:15:00+00:00,1.1816099999999983,1.1817999999999984,1.1812899999999984,1.1816799999999983,1939
2026-08-20T10:30:00+00:00,1.1816799999999983,1.1816799999999983,1.1810199999999984,1.1810399999999983,1952
2026-08-20T10:45:00+00:00,1.1810399999999983,1.1810799999999984,1.1802199999999983,1.1804999999999983,2152
2026-08-20T11:00:00+00:00,1.1804999999999983,1.1805999999999983,1.1798199999999983,1.1798399999999984,2094
2026-08-20T11:15:00+00:00,1.1798399999999984,1.1804699999999984,1.1796599999999984,1.1799199999999983,2164
2026-08-20T11:30:00+00:00,1.1799199999999983,1.1803699999999984,1.1795599999999984,1.1795699999999985,2425
2026-08-20T11:45:00+00:00,1.1795699999999985,1.1796199999999983,1.1790599999999984,1.1792499999999984,3211
2026-08-20T12:00:00+00:00,1.1792499999999984,1.1793799999999983,1.1785699999999983,1.1791899999999984,4502
2026-08-20T12:15:00+00:00,1.1791899999999984,1.1797999999999984,1.1791399999999983,1.1794099999999983,3183
2026-08-20T12:30:00+00:00,1.1794099999999983,1.1796699999999984,1.1786799999999984,1.1796199999999983,3891
2026-08-20T12:45:00+00:00,1.1796199999999983,1.1798199999999983,1.1792599999999984,1.1796499999999983,3486
2026-08-20T13:00:00+00:00,1.1796499999999983,1.1802499999999985,1.1794599999999984,1.1795599999999984,3773
2026-08-20T13:15:00+00:00,1.1795599999999984,1.1798799999999983,1.1792199999999984,1.1794899999999984,3468
2026-08-20T13:30:00+00:00,1.1794899999999984,1.1796499999999983,1.1789499999999984,1.1790799999999984,4540
2026-08-20T13:45:00+00:00,1.1790799999999984,1.1791599999999984,1.1782699999999984,1.1783299999999983,4060
2026-08-20T14:00:00+00:00,1.1783299999999983,1.1787399999999983,1.1779899999999983,1.1780099999999984,3425
2026-08-20T14:15:00+00:00,1.1780099999999984,1.1788699999999983,1.1778699999999984,1.1786799999999984,3788
2026-08-20T14:30:00+00:00,1.1786799999999984,1.1790499999999984,1.1786799999999984,1.1789399999999983,2534
2026-08-20T14:45:00+00:00,1.1789399999999983,1.1792999999999985,1.1788199999999984,1.1790699999999983,3570
2026-08-20T15:00:00+00:00,1.1790699999999983,1.1801599999999983,1.1785399999999984,1.1791499999999984,9371
2026-08-20T15:15:00+00:00,1.1791499999999984,1.1792799999999983,1.1784199999999985,1.1792799999999983,4289
2026-08-20T15:30:00+00:00,1.1792799999999983,1.1793299999999984,1.1780299999999984,1.1781299999999983,3725
2026-08-20T15:45:00+00:00,1.1781299999999983,1.1787899999999985,1.1780099999999984,1.1786799999999984,3417
2026-08-20T16:00:00+00:00,1.1786799999999984,1.1787899999999985,1.1781899999999983,1.1782599999999983,2402
2026-08-20T16:15:00+00:00,1.1782599999999983,1.1784499999999984,1.1780299999999984,1.1780499999999983,2174
2026-08-20T16:30:00+00:00,1.1780499999999983,1.1781199999999983,1.1777199999999983,1.1778299999999984,2400
2026-08-20T16:45:00+00:00,1.1778299999999984,1.1782299999999983,1.1777999999999984,1.1781099999999984,1723
2026-08-20T17:00:00+00:00,1.1781099999999984,1.1782999999999983,1.1778399999999984,1.1779299999999984,1487
2026-08-20T17:15:00+00:00,1.1779299999999984,1.1781499999999985,1.1778099999999985,1.1781499999999985,1258
2026-08-20T17:30:00+00:00,1.1781499999999985,1.1782099999999984,1.1778599999999984,1.1780399999999984,1336
2026-08-20T17:45:00+00:00,1.1780399999999984,1.1782499999999985,1.1779899999999983,1.1782499999999985,1106
2026-08-20T18:00:00+00:00,1.1782499999999985,1.1783899999999983,1.1779599999999983,1.1780499999999983,1708
2026-08-20T18:15:00+00:00,1.1780499999999983,1.1780999999999984,1.1778799999999983,1.1779999999999984,1141
2026-08-20T18:30:00+00:00,1.1779999999999984,1.1782799999999984,1.1779999999999984,1.1781599999999983,1018
2026-08-20T18:45:00+00:00,1.1781599999999983,1.1784399999999984,1.1781499999999985,1.1783999999999983,953
2026-08-20T19:00:00+00:00,1.1783999999999983,1.1784499999999984,1.1781199999999983,1.1784399999999984,1090
2026-08-20T19:15:00+00:00,1.1784399999999984,1.1785399999999984,1.1783699999999984,1.1784099999999984,885
2026-08-20T19:30:00+00:00,1.1784099999999984,1.1785599999999983,1.1783199999999983,1.1783399999999984,931
2026-08-20T19:45:00+00:00,1.1783399999999984,1.1786399999999984,1.1782699999999984,1.1785799999999984,1099
2026-08-20T20:00:00+00:00,1.1785799999999984,1.1786999999999983,1.1784499999999984,1.1785199999999985,594
2026-08-20T20:15:00+00:00,1.1785199999999985,1.1785899999999985,1.1783899999999983,1.1784899999999983,422
2026-08-20T20:30:00+00:00,1.1784899999999983,1.1786999999999983,1.1784799999999984,1.1786699999999983,320
2026-08-20T20:45:00+00:00,1.1786699999999983,1.1787699999999983,1.1785799999999984,1.1786099999999984,1230
2026-08-20T21:00:00+00:00,1.1786099999999984,1.1786099999999984,1.1784299999999983,1.1784399999999984,115.44084392120294
2026-08-20T21:15:00+00:00,1.1784399999999984,1.1785399999999984,1.1784399999999984,1.1785299999999983,213
2026-08-20T21:30:00+00:00,1.1785299999999983,1.1785999999999983,1.1784799999999984,1.1785599999999983,286
2026-08-20T21:45:00+00:00,1.1785599999999983,1.1786099999999984,1.1784299999999983,1.1784799999999984,239
2026-08-20T22:00:00+00:00,1.1784799999999984,1.1790299999999985,1.1784799999999984,1.1789799999999984,338
2026-08-20T22:15:00+00:00,1.1789799999999984,1.1791999999999985,1.1788799999999984,1.1791399999999983,427
2026-08-20T22:30:00+00:00,1.1791399999999983,1.1791399999999983,1.1789599999999985,1.1789699999999983,310
2026-08-20T22:45:00+00:00,1.1789699999999983,1.1791999999999985,1.1789699999999983,1.1791099999999983,280
2026-08-20T23:00:00+00:00,1.1791099999999983,1.1793699999999985,1.1790999999999983,1.1793299999999984,620
2026-08-20T23:15:00+00:00,1.1793299999999984,1.1794999999999984,1.1792999999999985,1.1793699999999985,305
2026-08-20T23:30:00+00:00,1.1793699999999985,1.1794899999999984,1.1792299999999984,1.1794499999999983,596
2026-08-20T23:45:00+00:00,1.1794499999999983,1.1795899999999984,1.1793799999999983,1.1795499999999983,676
2026-08-21T00:00:00+00:00,1.1795499999999983,1.1796899999999984,1.1792299999999984,1.1796599999999984,1826
2026-08-21T00:15:00+00:00,1.1796599999999984,1.1797599999999984,1.1794699999999985,1.1795699999999985,1440
2026-08-21T00:30:00+00:00,1.1795699999999985,1.1796099999999983,1.1791899999999984,1.1792899999999984,1245
2026-08-21T00:45:00+00:00,1.1792899999999984,1.1794199999999984,1.1790899999999984,1.1791099999999983,1533
2026-08-21T01:00:00+00:00,1.1791099999999983,1.1795299999999984,1.1790899999999984,1.1794499999999983,2033
2026-08-21T01:15:00+00:00,1.1794499999999983,1.1798999999999984,1.1793799999999983,1.1798799999999983,1679
2026-08-21T01:30:00+00:00,1.1798799999999983,1.1800899999999983,1.1796499999999983,1.1796999999999984,1611
2026-08-21T01:45:00+00:00,1.1796999999999984,1.1798699999999984,1.1795799999999983,1.1798299999999984,1196
2026-08-21T02:00:00+00:00,1.1798299999999984,1.1800299999999984,1.1795999999999984,1.1800299999999984,1212
2026-08-21T02:15:00+00:00,1.1800299999999984,1.1804799999999984,1.1798899999999983,1.1802699999999984,1592
2026-08-21T02:30:00+00:00,1.1802699999999984,1.1804499999999984,1.1802099999999984,1.1804499999999984,1070
2026-08-21T02:45:00+00:00,1.1804499999999984,1.1808699999999983,1.1803799999999984,1.1803799999999984,1334
2026-08-21T03:00:00+00:00,1.1803799999999984,1.1806399999999984,1.1803099999999984,1.1805799999999984,1088
2026-08-21T03:15:00+00:00,1.1805799999999984,1.1805999999999983,1.1802599999999983,1.1802699999999984,905
2026-08-21T03:30:00+00:00,1.1802699999999984,1.1803099999999984,1.1799699999999984,1.1800799999999985,1074
2026-08-21T03:45:00+00:00,1.1800799999999985,1.1802499999999985,1.1799499999999983,1.1802099999999984,904
2026-08-21T04:00:00+00:00,1.1802099999999984,1.1803199999999983,1.1800799999999985,1.1801699999999984,951
2026-08-21T04:15:00+00:00,1.1801699999999984,1.1802899999999983,1.1800199999999983,1.1800999999999984,793
2026-08-21T04:30:00+00:00,1.1800999999999984,1.1801599999999983,1.1798899999999983,1.1799899999999983,741
2026-08-21T04:45:00+00:00,1.1799899999999983,1.1801499999999983,1.1799099999999985,1.1800999999999984,746
2026-08-21T05:00:00+00:00,1.1800999999999984,1.1800999999999984,1.1798999999999984,1.1800499999999983,868
2026-08-21T05:15:00+00:00,1.1800499999999983,1.1801299999999983,1.1798799999999983,1.1799099999999985,758
2026-08-21T05:30:00+00:00,1.1799099999999985,1.1804599999999983,1.1798099999999985,1.1804599999999983,1165
2026-08-21T05:45:00+00:00,1.1804599999999983,1.1807099999999984,1.1803199999999983,1.1805899999999985,1568
2026-08-21T06:00:00+00:00,1.1805899999999985,1.1806199999999984,1.1799699999999984,1.1800099999999984,1837
2026-08-21T06:15:00+00:00,1.1800099999999984,1.1802799999999984,1.1798199999999983,1.1799899999999983,1474
2026-08-21T06:30:00+00:00,1.1799899999999983,1.1804199999999985,1.1799799999999985,1.1801799999999985,1393
2026-08-21T06:45:00+00:00,1.1801799999999985,1.1805899999999985,1.1799699999999984,1.1805899999999985,1721
2026-08-21T07:00:00+00:00,1.1805899999999985,1.1808199999999984,1.1802299999999983,1.1804599999999983,2078
2026-08-21T07:15:00+00:00,1.1804599999999983,1.1807299999999983,1.1799899999999983,1.1801699999999984,1987
2026-08-21T07:30:00+00:00,1.1801699999999984,1.1804499999999984,1.1797199999999983,1.1797699999999984,2314
2026-08-21T07:45:00+00:00,1.1797699999999984,1.1798899999999983,1.1794699999999985,1.1798599999999984,2454
2026-08-21T08:00:00+00:00,1.1798599999999984,1.1803299999999983,1.1797199999999983,1.1802399999999984,1655
2026-08-21T08:15:00+00:00,1.1802399999999984,1.1804299999999983,1.1799399999999984,1.1803699999999984,2285
2026-08-21T08:30:00+00:00,1.1803699999999984,1.1812599999999984,1.1802899999999983,1.1811799999999983,2638
2026-08-21T08:45:00+00:00,1.1811799999999983,1.1814299999999984,1.1809699999999983,1.1813099999999983,2735
2026-08-21T09:00:00+00:00,1.1813099999999983,1.1819399999999984,1.1810499999999984,1.1817399999999985,3202
2026-08-21T09:15:00+00:00,1.1817399999999985,1.1819199999999983,1.1810899999999984,1.1812699999999983,2372
2026-08-21T09:30:00+00:00,1.1812699999999983,1.1815699999999985,1.1811599999999984,1.1812599999999984,1679
2026-08-21T09:45:00+00:00,1.1812599999999984,1.1812799999999983,1.1807899999999985,1.1807999999999983,1704
2026-08-21T10:00:00+00:00,1.1807999999999983,1.1811899999999984,1.1806999999999983,1.1810599999999984,1878
2026-08-21T10:15:00+00:00,1.1810599999999984,1.1816499999999983,1.1809799999999984,1.1816299999999984,1832
2026-08-21T10:30:00+00:00,1.1816299999999984,1.1818599999999984,1.1814599999999984,1.1815199999999983,1384
2026-08-21T10:45:00+00:00,1.1815199999999983,1.1815799999999983,1.1808299999999983,1.1809899999999984,1994
2026-08-21T11:00:00+00:00,1.1809899999999984,1.1812499999999984,1.1808099999999984,1.1811899999999984,1565
2026-08-21T11:15:00+00:00,1.1811899999999984,1.1817699999999984,1.1811199999999984,1.1816799999999983,3555
2026-08-21T11:30:00+00:00,1.1816799999999983,1.1817199999999983,1.1804499999999984,1.1806999999999983,3369
2026-08-21T11:45:00+00:00,1.1806999999999983,1.1808699999999983,1.1804099999999984,1.1808699999999983,1714
2026-08-21T12:00:00+00:00,1.1808699999999983,1.1810999999999983,1.1805099999999984,1.1805099999999984,2419
2026-08-21T12:15:00+00:00,1.1805099999999984,1.1807299999999983,1.1802499999999985,1.1802599999999983,2525
2026-08-21T12:30:00+00:00,1.1802599999999983,1.1802699999999984,1.1792999999999985,1.1797799999999983,3150
2026-08-21T12:45:00+00:00,1.1797799999999983,1.1798899999999983,1.1795399999999983,1.1798399999999984,2088
2026-08-21T13:00:00+00:00,1.1798399999999984,1.1799199999999983,1.1792099999999983,1.1795099999999983,2428
2026-08-21T13:15:00+00:00,1.1795099999999983,1.1796099999999983,1.1788799999999984,1.1791799999999983,2814
2026-08-21T13:30:00+00:00,1.1791799999999983,1.1792099999999983,1.1786699999999983,1.1790399999999983,3025
2026-08-21T13:45:00+00:00,1.1790399999999983,1.1793399999999983,1.1787499999999984,1.1791299999999985,2634
2026-08-21T14:00:00+00:00,1.1791299999999985,1.1791299999999985,1.1784499999999984,1.1786699999999983,2748
2026-08-21T14:15:00+00:00,1.1786699999999983,1.1788899999999984,1.1780699999999984,1.1780699999999984,2290
2026-08-21T14:30:00+00:00,1.1780699999999984,1.1782299999999983,1.1776799999999983,1.1779899999999983,3614
2026-08-21T14:45:00+00:00,1.1779899999999983,1.1785399999999984,1.1777699999999984,1.1780999999999984,3620
2026-08-21T15:00:00+00:00,1.1780999999999984,1.1784199999999985,1.1778699999999984,1.1782199999999983,3582
2026-08-21T15:15:00+00:00,1.1782199999999983,1.1785399999999984,1.1780499999999983,1.1784299999999983,2405
2026-08-21T15:30:00+00:00,1.1784299999999983,1.1788499999999984,1.1783199999999983,1.1788399999999983,2203
2026-08-21T15:45:00+00:00,1.1788399999999983,1.1791799999999983,1.1787099999999984,1.1791099999999983,1554
2026-08-21T16:00:00+00:00,1.1791099999999983,1.1792299999999984,1.1787599999999985,1.1790599999999984,1894
2026-08-21T16:15:00+00:00,1.1790599999999984,1.1795099999999983,1.1788599999999985,1.1791199999999984,2283
2026-08-21T16:30:00+00:00,1.1791199999999984,1.1792399999999983,1.1788899999999984,1.1789899999999984,1455
2026-08-21T16:45:00+00:00,1.1789899999999984,1.1791499999999984,1.1789199999999984,1.1789599999999985,1345
2026-08-21T17:00:00+00:00,1.1789599999999985,1.1789699999999983,1.1785099999999984,1.1786199999999984,1511
2026-08-21T17:15:00+00:00,1.1786199999999984,1.1789899999999984,1.1785699999999983,1.1789199999999984,1254
2026-08-21T17:30:00+00:00,1.1789199999999984,1.1790899999999984,1.1788099999999984,1.1788299999999983,1177
2026-08-21T17:45:00+00:00,1.1788299999999983,1.1788899999999984,1.1786799999999984,1.1788299999999983,792
2026-08-21T18:00:00+00:00,1.1788299999999983,1.1791899999999984,1.1788299999999983,1.1789099999999983,816
2026-08-21T18:15:00+00:00,1.1789099999999983,1.1790899999999984,1.1788299999999983,1.1790299999999985,923
2026-08-21T18:30:00+00:00,1.1790299999999985,1.1791199999999984,1.1788899999999984,1.1790799999999984,809
2026-08-21T18:45:00+00:00,1.1790799999999984,1.1791199999999984,1.1788099999999984,1.1790799999999984,863
2026-08-21T19:00:00+00:00,1.1790799999999984,1.1791099999999983,1.1787299999999983,1.1788099999999984,1252
2026-08-21T19:15:00+00:00,1.1788099999999984,1.1788299999999983,1.1786199999999984,1.1786799999999984,761
2026-08-21T19:30:00+00:00,1.1786799999999984,1.1787999999999983,1.1785799999999984,1.1787199999999984,762
2026-08-21T19:45:00+00:00,1.1787199999999984,1.1789399999999983,1.1785699999999983,1.1786899999999985,883
2026-08-21T20:00:00+00:00,1.1786899999999985,1.1787299999999983,1.1785299999999983,1.1786699999999983,608
2026-08-21T20:15:00+00:00,1.1786699999999983,1.1786899999999985,1.1783899999999983,1.1783899999999983,335
2026-08-21T20:30:00+00:00,1.1783899999999983,1.1783899999999983,1.1781899999999983,1.1783299999999983,541
2026-08-21T20:45:00+00:00,1.1783299999999983,1.1785699999999983,1.1782999999999983,1.1784099999999984,1237.9345088161208
2026-08-23T21:00:00+00:00,1.16721,1.1676,1.16721,1.16755,21
2026-08-23T21:15:00+00:00,1.16755,1.16768,1.16749,1.16767,154
2026-08-23T21:30:00+00:00,1.16767,1.16773,1.1676,1.16763,82
2026-08-23T21:45:00+00:00,1.16763,1.16763,1.16751,1.16756,145
2026-08-23T22:00:00+00:00,1.16756,1.16795,1.16724,1.16789,633
2026-08-23T22:15:00+00:00,1.16789,1.16792,1.16775,1.16787,430
2026-08-23T22:30:00+00:00,1.16787,1.1679599999999999,1.16754,1.1676,551
2026-08-23T22:45:00+00:00,1.1676,1.1676,1.16751,1.16755,208
2026-08-23T23:00:00+00:00,1.16755,1.16766,1.1675,1.16754,360
2026-08-23T23:15:00+00:00,1.16754,1.16762,1.16745,1.16757,232
2026-08-23T23:30:00+00:00,1.16757,1.16763,1.16749,1.16759,323
2026-08-23T23:45:00+00:00,1.16759,1.16823,1.16757,1.16823,648
2026-08-24T00:00:00+00:00,1.16823,1.16862,1.1682,1.16851,1943
2026-08-24T00:15:00+00:00,1.16851,1.16871,1.16836,1.1684,1740
2026-08-24T00:30:00+00:00,1.1684,1.16846,1.16822,1.16836,1598
2026-08-24T00:45:00+00:00,1.16836,1.16856,1.16823,1.16851,1457
2026-08-24T01:00:00+00:00,1.16851,1.16863,1.16807,1.1681,1969
2026-08-24T01:15:00+00:00,1.1681,1.16811,1.16769,1.16772,1920
2026-08-24T01:30:00+00:00,1.16772,1.16786,1.16766,1.16784,1466
2026-08-24T01:45:00+00:00,1.16784,1.16822,1.16781,1.16817,1202
2026-08-24T02:00:00+00:00,1.16817,1.16842,1.16806,1.16838,1349
2026-08-24T02:15:00+00:00,1.16838,1.16847,1.1682,1.1682,1002
2026-08-24T02:30:00+00:00,1.1682,1.16822,1.16802,1.16812,964
2026-08-24T02:45:00+00:00,1.16812,1.16829,1.16794,1.16819,1047
2026-08-24T03:00:00+00:00,1.16819,1.16821,1.16791,1.1681,1090
2026-08-24T03:15:00+00:00,1.1681,1.16819,1.16798,1.16809,1046
2026-08-24T03:30:00+00:00,1.16809,1.16816,1.16794,1.16795,831
2026-08-24T03:45:00+00:00,1.16795,1.16802,1.1678,1.16798,1082
2026-08-24T04:00:00+00:00,1.16798,1.168,1.16753,1.16775,1358
2026-08-24T04:15:00+00:00,1.16775,1.16815,1.16765,1.16807,1155
2026-08-24T04:30:00+00:00,1.16807,1.16809,1.16798,1.16804,987
2026-08-24T04:45:00+00:00,1.16804,1.16827,1.16797,1.16826,1023
2026-08-24T05:00:00+00:00,1.16826,1.16829,1.16796,1.16802,1028
2026-08-24T05:15:00+00:00,1.16802,1.16817,1.16782,1.1679,975
2026-08-24T05:30:00+00:00,1.1679,1.16797,1.1676,1.16761,1164
2026-08-24T05:45:00+00:00,1.16761,1.16811,1.1676,1.16804,1278
2026-08-24T06:00:00+00:00,1.16804,1.16806,1.16766,1.16784,1823
2026-08-24T06:15:00+00:00,1.16784,1.16788,1.1674,1.16748,2253
2026-08-24T06:30:00+00:00,1.16748,1.16785,1.16745,1.1677,1911
2026-08-24T06:45:00+00:00,1.1677,1.16801,1.16755,1.16775,2187
2026-08-24T07:00:00+00:00,1.16775,1.16804,1.16727,1.16731,2544
2026-08-24T07:15:00+00:00,1.16731,1.16757,1.16707,1.16756,1947
2026-08-24T07:30:00+00:00,1.16756,1.16766,1.16659,1.1666,2534
2026-08-24T07:45:00+00:00,1.1666,1.16697,1.16646,1.16672,2647
2026-08-24T08:00:00+00:00,1.16672,1.16684,1.16634,1.16636,3111
2026-08-24T08:15:00+00:00,1.16636,1.16651,1.16605,1.16608,2120
2026-08-24T08:30:00+00:00,1.16608,1.16668,1.16605,1.16656,2012
2026-08-24T08:45:00+00:00,1.16656,1.16675,1.16622,1.16631,1767
2026-08-24T09:00:00+00:00,1.16631,1.16669,1.16611,1.16629,1850
2026-08-24T09:15:00+00:00,1.16629,1.16636,1.16611,1.1663,1369
2026-08-24T09:30:00+00:00,1.1663,1.16644,1.16603,1.16626,1207
2026-08-24T09:45:00+00:00,1.16626,1.16656,1.16625,1.16642,1487
2026-08-24T10:00:00+00:00,1.16642,1.16664,1.16637,1.16655,1271
2026-08-24T10:15:00+00:00,1.16655,1.16668,1.16644,1.16656,1300
2026-08-24T10:30:00+00:00,1.16656,1.16662,1.16622,1.16631,1664
2026-08-24T10:45:00+00:00,1.16631,1.16669,1.16619,1.16641,1704
2026-08-24T11:00:00+00:00,1.16641,1.16655,1.16629,1.16642,1511
2026-08-24T11:15:00+00:00,1.16642,1.16679,1.1663,1.16671,1593
2026-08-24T11:30:00+00:00,1.16671,1.16735,1.16648,1.16658,4426
2026-08-24T11:45:00+00:00,1.16658,1.16681,1.16641,1.16668,2451
2026-08-24T12:00:00+00:00,1.16668,1.16674,1.16619,1.16649,2907
2026-08-24T12:15:00+00:00,1.16649,1.16735,1.16641,1.16732,2745
2026-08-24T12:30:00+00:00,1.16732,1.16737,1.16645,1.16683,3586
2026-08-24T12:45:00+00:00,1.16683,1.16713,1.16666,1.16693,2413
2026-08-24T13:00:00+00:00,1.16693,1.16735,1.16681,1.1673,2510
2026-08-24T13:15:00+00:00,1.1673,1.16747,1.16698,1.167,2654
2026-08-24T13:30:00+00:00,1.167,1.16724,1.16665,1.16668,3531
2026-08-24T13:45:00+00:00,1.16668,1.16699,1.16636,1.16651,3292
2026-08-24T14:00:00+00:00,1.16651,1.16687,1.1663,1.16677,3075
2026-08-24T14:15:00+00:00,1.16677,1.16716,1.16642,1.16711,2858
2026-08-24T14:30:00+00:00,1.16711,1.16718,1.16651,1.16676,2250
2026-08-24T14:45:00+00:00,1.16676,1.16702,1.16641,1.16655,2855
2026-08-24T15:00:00+00:00,1.16655,1.16692,1.16649,1.16677,2527
2026-08-24T15:15:00+00:00,1.16677,1.16723,1.16665,1.1671,2547
2026-08-24T15:30:00+00:00,1.1671,1.16715,1.16675,1.16681,2295
2026-08-24T15:45:00+00:00,1.16681,1.16691,1.16636,1.16644,1768
2026-08-24T16:00:00+00:00,1.16644,1.16695,1.16627,1.16672,3565
2026-08-24T16:15:00+00:00,1.16672,1.16684,1.16656,1.16661,1312
2026-08-24T16:30:00+00:00,1.16661,1.16682,1.16651,1.1666,1412
2026-08-24T16:45:00+00:00,1.1666,1.16664,1.16628,1.16647,1472
2026-08-24T17:00:00+00:00,1.16647,1.16665,1.16616,1.16625,2680
2026-08-24T17:15:00+00:00,1.16625,1.16636,1.16565,1.16585,2556
2026-08-24T17:30:00+00:00,1.16585,1.16603,1.16575,1.16577,1325
2026-08-24T17:45:00+00:00,1.16577,1.16595,1.16552,1.16593,1332
2026-08-24T18:00:00+00:00,1.16593,1.16603,1.16572,1.16596,1258
2026-08-24T18:15:00+00:00,1.16596,1.1665,1.16593,1.16648,1492
2026-08-24T18:30:00+00:00,1.16648,1.16653,1.16611,1.16625,951
2026-08-24T18:45:00+00:00,1.16625,1.16644,1.16614,1.16639,1326
2026-08-24T19:00:00+00:00,1.16639,1.16639,1.1661,1.16617,835
2026-08-24T19:15:00+00:00,1.16617,1.16619,1.16594,1.16596,591
2026-08-24T19:30:00+00:00,1.16596,1.16616,1.16592,1.16616,746
2026-08-24T19:45:00+00:00,1.16616,1.16633,1.16605,1.16613,1089
2026-08-24T20:00:00+00:00,1.16613,1.16632,1.16604,1.16628,836
2026-08-24T20:15:00+00:00,1.16628,1.16638,1.16627,1.16634,370
2026-08-24T20:30:00+00:00,1.16634,1.16636,1.16623,1.16626,389
2026-08-24T20:45:00+00:00,1.16626,1.16643,1.16626,1.16637,594
2026-08-24T21:00:00+00:00,1.16637,1.16637,1.16586,1.16613,200
2026-08-24T21:15:00+00:00,1.16613,1.16638,1.16611,1.16638,376
2026-08-24T21:30:00+00:00,1.16638,1.16643,1.16627,1.16643,97
2026-08-24T21:45:00+00:00,1.16643,1.1665,1.16632,1.16635,138
2026-08-24T22:00:00+00:00,1.16635,1.16652,1.16635,1.16648,421
2026-08-24T22:15:00+00:00,1.16648,1.16651,1.16639,1.16643,225
2026-08-24T22:30:00+00:00,1.16643,1.16648,1.16637,1.16645,205
2026-08-24T22:45:00+00:00,1.16645,1.16649,1.16641,1.16644,135
2026-08-24T23:00:00+00:00,1.16644,1.16653,1.16644,1.16648,286
2026-08-24T23:15:00+00:00,1.16648,1.16656,1.16644,1.16644,144
2026-08-24T23:30:00+00:00,1.16644,1.1665,1.1664,1.16649,199
2026-08-24T23:45:00+00:00,1.16649,1.16684,1.16649,1.16678,303
2026-08-25T00:00:00+00:00,1.16678,1.16707,1.16675,1.16705,1248
2026-08-25T00:15:00+00:00,1.16705,1.16705,1.16677,1.16691,1086
2026-08-25T00:30:00+00:00,1.16691,1.167,1.16681,1.16693,1707
2026-08-25T00:45:00+00:00,1.16693,1.16697,1.16671,1.16686,1708
2026-08-25T01:00:00+00:00,1.16686,1.16687,1.16658,1.16671,1372
2026-08-25T01:15:00+00:00,1.16671,1.16672,1.16636,1.16665,1014
2026-08-25T01:30:00+00:00,1.16665,1.16668,1.1664,1.16652,1038
2026-08-25T01:45:00+00:00,1.16652,1.16652,1.16618,1.16629,1140
2026-08-25T02:00:00+00:00,1.16629,1.1664,1.16614,1.16627,1320
2026-08-25T02:15:00+00:00,1.16627,1.16647,1.16626,1.16646,922
2026-08-25T02:30:00+00:00,1.16646,1.16646,1.1662,1.16627,966
2026-08-25T02:45:00+00:00,1.16627,1.16636,1.16587,1.16604,1314
2026-08-25T03:00:00+00:00,1.16604,1.16622,1.16601,1.16607,1143
2026-08-25T03:15:00+00:00,1.16607,1.16616,1.16587,1.16591,781
2026-08-25T03:30:00+00:00,1.16591,1.16608,1.16586,1.16601,412
2026-08-25T03:45:00+00:00,1.16601,1.16607,1.1659,1.16602,592
2026-08-25T04:00:00+00:00,1.16602,1.16604,1.16556,1.16576,863
2026-08-25T04:15:00+00:00,1.16576,1.16576,1.16556,1.16558,616
2026-08-25T04:30:00+00:00,1.16558,1.16567,1.16552,1.1656,1001
2026-08-25T04:45:00+00:00,1.1656,1.16562,1.16547,1.16556,714
2026-08-25T05:00:00+00:00,1.16556,1.16565,1.16545,1.16556,1089
2026-08-25T05:15:00+00:00,1.16556,1.16566,1.16547,1.16564,830
2026-08-25T05:30:00+00:00,1.16564,1.16567,1.16546,1.16546,1155
2026-08-25T05:45:00+00:00,1.16546,1.16561,1.1653,1.16536,1131
2026-08-25T06:00:00+00:00,1.16536,1.16574,1.1653,1.16572,1518
2026-08-25T06:15:00+00:00,1.16572,1.16578,1.16559,1.16577,1194
2026-08-25T06:30:00+00:00,1.16577,1.1659,1.16533,1.16536,1371
2026-08-25T06:45:00+00:00,1.16536,1.16541,1.1651,1.16527,1396
2026-08-25T07:00:00+00:00,1.16527,1.16592,1.16526,1.16588,2120
2026-08-25T07:15:00+00:00,1.16588,1.16629,1.16585,1.16586,1406
2026-08-25T07:30:00+00:00,1.16586,1.16591,1.16569,1.16575,1613
2026-08-25T07:45:00+00:00,1.16575,1.16603,1.1656,1.16585,1601
2026-08-25T08:00:00+00:00,1.16585,1.16617,1.16575,1.16587,2242
2026-08-25T08:15:00+00:00,1.16587,1.16648,1.16581,1.16623,3380
2026-08-25T08:30:00+00:00,1.16623,1.1666,1.16612,1.16655,2078
2026-08-25T08:45:00+00:00,1.16655,1.16677,1.16639,1.16673,2053
2026-08-25T09:00:00+00:00,1.16673,1.16737,1.16658,1.16728,2542
2026-08-25T09:15:00+00:00,1.16728,1.16728,1.16664,1.16668,1550
2026-08-25T09:30:00+00:00,1.16668,1.16728,1.16664,1.16679,2464
2026-08-25T09:45:00+00:00,1.16679,1.16712,1.16677,1.1668,1786
2026-08-25T10:00:00+00:00,1.1668,1.16683,1.1664,1.16643,1791
2026-08-25T10:15:00+00:00,1.16643,1.16657,1.166,1.16603,1787
2026-08-25T10:30:00+00:00,1.16603,1.16646,1.16592,1.16626,1439
2026-08-25T10:45:00+00:00,1.16626,1.16633,1.16599,1.16622,1461
2026-08-25T11:00:00+00:00,1.16622,1.16633,1.16597,1.16605,1781
2026-08-25T11:15:00+00:00,1.16605,1.16625,1.16583,1.16619,1419
2026-08-25T11:30:00+00:00,1.16619,1.16631,1.16599,1.16599,1479
2026-08-25T11:45:00+00:00,1.16599,1.16645,1.16589,1.1659400000000002,1936
2026-08-25T12:00:00+00:00,1.1659400000000002,1.16642,1.1659400000000002,1.16632,2247
2026-08-25T12:15:00+00:00,1.16632,1.16643,1.1661700000000002,1.16642,1604
2026-08-25T12:30:00+00:00,1.16642,1.16649,1.16613,1.16643,1680
2026-08-25T12:45:00+00:00,1.16643,1.16665,1.1663000000000001,1.1666400000000001,1813
2026-08-25T13:00:00+00:00,1.1666400000000001,1.16754,1.16643,1.16718,3132
2026-08-25T13:15:00+00:00,1.16718,1.16734,1.16687,1.1671900000000002,2151
2026-08-25T13:30:00+00:00,1.1671900000000002,1.1674900000000001,1.1668100000000001,1.16703,2751
2026-08-25T13:45:00+00:00,1.16703,1.16744,1.1668500000000002,1.1674,2576
2026-08-25T14:00:00+00:00,1.1674,1.16747,1.16683,1.16731,2567
2026-08-25T14:15:00+00:00,1.16731,1.1674200000000001,1.16686,1.1670800000000001,2281
2026-08-25T14:30:00+00:00,1.1670800000000001,1.1672,1.16657,1.1670200000000002,3180
2026-08-25T14:45:00+00:00,1.1670200000000002,1.16745,1.16665,1.16696,2982
2026-08-25T15:00:00+00:00,1.16696,1.1671500000000001,1.16672,1.16707,2364
2026-08-25T15:15:00+00:00,1.16707,1.16726,1.1669,1.16693,1810
2026-08-25T15:30:00+00:00,1.16693,1.16758,1.16692,1.1672200000000001,2985
2026-08-25T15:45:00+00:00,1.1672200000000001,1.1674900000000001,1.1671,1.16731,2069
2026-08-25T16:00:00+00:00,1.16731,1.16738,1.1669800000000001,1.1670200000000002,1451
2026-08-25T16:15:00+00:00,1.1670200000000002,1.1670200000000002,1.1668,1.16694,1324
2026-08-25T16:30:00+00:00,1.16694,1.1671900000000002,1.16693,1.1670800000000001,1333
2026-08-25T16:45:00+00:00,1.1670800000000001,1.1672,1.16694,1.16714,952
2026-08-25T17:00:00+00:00,1.16714,1.16727,1.16692,1.167,1474
2026-08-25T17:15:00+00:00,1.167,1.16718,1.16694,1.16707,1192
2026-08-25T17:30:00+00:00,1.16707,1.16728,1.16697,1.16713,1138
2026-08-25T17:45:00+00:00,1.16713,1.16747,1.1671200000000002,1.1674200000000001,912
2026-08-25T18:00:00+00:00,1.1674200000000001,1.1675200000000001,1.16717,1.16738,1168
2026-08-25T18:15:00+00:00,1.16738,1.16744,1.16728,1.1674,787
2026-08-25T18:30:00+00:00,1.1674,1.16747,1.16733,1.16738,569
2026-08-25T18:45:00+00:00,1.16738,1.16748,1.16728,1.1674200000000001,882
2026-08-25T19:00:00+00:00,1.1674200000000001,1.16771,1.16737,1.1676900000000001,1117
2026-08-25T19:15:00+00:00,1.1676900000000001,1.16789,1.16735,1.16737,1456
2026-08-25T19:30:00+00:00,1.16737,1.16737,1.16686,1.1670200000000002,1158
2026-08-25T19:45:00+00:00,1.1670200000000002,1.16775,1.1670200000000002,1.16764,2039
2026-08-25T20:00:00+00:00,1.16764,1.16798,1.16753,1.16779,800
2026-08-25T20:15:00+00:00,1.16779,1.16784,1.16753,1.16767,696
2026-08-25T20:30:00+00:00,1.16767,1.16774,1.16741,1.16747,578
2026-08-25T20:45:00+00:00,1.16747,1.1676,1.16735,1.1674200000000001,570
2026-08-25T21:00:00+00:00,1.1674200000000001,1.1674200000000001,1.16683,1.16692,104
2026-08-25T21:15:00+00:00,1.16692,1.16728,1.16687,1.16703,269
2026-08-25T21:30:00+00:00,1.16703,1.1675499999999999,1.16696,1.1674499999999999,225
2026-08-25T21:45:00+00:00,1.1674499999999999,1.1674499999999999,1.16699,1.167,269
2026-08-25T22:00:00+00:00,1.167,1.16754,1.167,1.16742,364
2026-08-25T22:15:00+00:00,1.16742,1.16758,1.1674,1.16749,346
2026-08-25T22:30:00+00:00,1.16749,1.16764,1.16742,1.16764,245
2026-08-25T22:45:00+00:00,1.16764,1.16766,1.16759,1.1676199999999999,155
2026-08-25T23:00:00+00:00,1.16766,1.16768,1.16749,1.16751,295
2026-08-25T23:15:00+00:00,1.16751,1.16758,1.16738,1.16741,264
2026-08-25T23:30:00+00:00,1.16741,1.16743,1.16724,1.16733,247
2026-08-25T23:45:00+00:00,1.16733,1.16745,1.16731,1.16743,526
2026-08-26T00:00:00+00:00,1.16743,1.16752,1.16727,1.16748,1420
2026-08-26T00:15:00+00:00,1.16748,1.16757,1.16731,1.16735,894
2026-08-26T00:30:00+00:00,1.16735,1.16746,1.16711,1.16735,883
2026-08-26T00:45:00+00:00,1.16735,1.16751,1.16722,1.16724,1239
2026-08-26T01:00:00+00:00,1.16724,1.1674,1.16703,1.16706,1359
2026-08-26T01:15:00+00:00,1.16706,1.16722,1.16699,1.16701,948
2026-08-26T01:30:00+00:00,1.16701,1.1672,1.16688,1.16696,1721
2026-08-26T01:45:00+00:00,1.16696,1.16718,1.16691,1.16701,1484
2026-08-26T02:00:00+00:00,1.16701,1.16727,1.167,1.16725,1439
2026-08-26T02:15:00+00:00,1.16725,1.16726,1.16682,1.1669,1269
2026-08-26T02:30:00+00:00,1.1669,1.16705,1.1668,1.16701,974
2026-08-26T02:45:00+00:00,1.16701,1.16703,1.16667,1.16676,706
2026-08-26T03:00:00+00:00,1.16676,1.16685,1.16661,1.16663,795
2026-08-26T03:15:00+00:00,1.16663,1.16681,1.16654,1.16663,844
2026-08-26T03:30:00+00:00,1.16663,1.16663,1.16638,1.1666,887
2026-08-26T03:45:00+00:00,1.1666,1.1666,1.1664,1.16645,493
2026-08-26T04:00:00+00:00,1.16645,1.16649,1.16639,1.16639,460
2026-08-26T04:15:00+00:00,1.16639,1.16646,1.16624,1.1664,688
2026-08-26T04:30:00+00:00,1.1664,1.16648,1.16619,1.16622,581
2026-08-26T04:45:00+00:00,1.16622,1.16625,1.16604,1.16619,840
2026-08-26T05:00:00+00:00,1.16619,1.16627,1.16605,1.16611,814
2026-08-26T05:15:00+00:00,1.16611,1.16648,1.16611,1.16642,691
2026-08-26T05:30:00+00:00,1.16642,1.16668,1.16642,1.16658,874
2026-08-26T05:45:00+00:00,1.16658,1.16664,1.16638,1.16642,760
2026-08-26T06:00:00+00:00,1.16642,1.16648,1.16617,1.16622,1283
2026-08-26T06:15:00+00:00,1.16622,1.16649,1.16616,1.16617,1424
2026-08-26T06:30:00+00:00,1.16617,1.16638,1.16598,1.16637,1301
2026-08-26T06:45:00+00:00,1.16637,1.16675,1.16636,1.16668,1584
2026-08-26T07:00:00+00:00,1.16668,1.16707,1.16668,1.16687,1806
2026-08-26T07:15:00+00:00,1.16687,1.16713,1.16687,1.16695,1086
2026-08-26T07:30:00+00:00,1.16695,1.1673,1.16695,1.16704,1259
2026-08-26T07:45:00+00:00,1.16704,1.16716,1.16677,1.1671,1590
2026-08-26T08:00:00+00:00,1.1671,1.16752,1.16701,1.16748,1886
2026-08-26T08:15:00+00:00,1.16748,1.16768,1.16742,1.16767,1273
2026-08-26T08:30:00+00:00,1.16767,1.16767,1.16716,1.16736,1391
2026-08-26T08:45:00+00:00,1.16736,1.16742,1.16695,1.16711,1577
2026-08-26T09:00:00+00:00,1.16711,1.16712,1.16663,1.16664,1523
2026-08-26T09:15:00+00:00,1.16664,1.16674,1.16635,1.16641,1214
2026-08-26T09:30:00+00:00,1.16641,1.16673,1.1664,1.16663,1053
2026-08-26T09:45:00+00:00,1.16663,1.16693,1.16657,1.16661,1382
2026-08-26T10:00:00+00:00,1.16661,1.16663,1.16644,1.16653,1031
2026-08-26T10:15:00+00:00,1.16653,1.16659,1.16622,1.16634,1275
2026-08-26T10:30:00+00:00,1.16634,1.16656,1.16629,1.16647,994
2026-08-26T10:45:00+00:00,1.16647,1.16648,1.16609,1.16618,1123
2026-08-26T11:00:00+00:00,1.16618,1.16658,1.16618,1.16654,1307
2026-08-26T11:15:00+00:00,1.16654,1.16655,1.16603,1.16622,1457
2026-08-26T11:30:00+00:00,1.16622,1.16657,1.16619,1.16653,1240
2026-08-26T11:45:00+00:00,1.16653,1.16692,1.16648,1.1669,1440
2026-08-26T12:00:00+00:00,1.1669,1.16732,1.16681,1.16727,1718
2026-08-26T12:15:00+00:00,1.16727,1.16746,1.16704,1.16717,1651
2026-08-26T12:30:00+00:00,1.16717,1.16748,1.16624,1.16633,3727
2026-08-26T12:45:00+00:00,1.16633,1.16652,1.16555,1.16558,3517
2026-08-26T13:00:00+00:00,1.16558,1.16574,1.16514,1.16566,3519
2026-08-26T13:15:00+00:00,1.16566,1.16578,1.16536,1.16573,2578
2026-08-26T13:30:00+00:00,1.16573,1.16588,1.1653,1.16553,3303
2026-08-26T13:45:00+00:00,1.16553,1.16573,1.16524,1.16526,2477
2026-08-26T14:00:00+00:00,1.16526,1.16532,1.1648,1.16506,3213
2026-08-26T14:15:00+00:00,1.16506,1.16508,1.16425,1.16427,2806
2026-08-26T14:30:00+00:00,1.16427,1.16502,1.1642,1.16481,2482
2026-08-26T14:45:00+00:00,1.16481,1.16482,1.16443,1.16451,2539
2026-08-26T15:00:00+00:00,1.16451,1.16524,1.16448,1.16497,2393
2026-08-26T15:15:00+00:00,1.16497,1.16519,1.16487,1.16519,1850
2026-08-26T15:30:00+00:00,1.16519,1.16542,1.165,1.16522,1727
2026-08-26T15:45:00+00:00,1.16522,1.16543,1.16476,1.16503,2808
2026-08-26T16:00:00+00:00,1.16503,1.16528,1.16489,1.1652200000000001,1682
2026-08-26T16:15:00+00:00,1.1652200000000001,1.16538,1.16514,1.1651900000000002,1192
2026-08-26T16:30:00+00:00,1.1651900000000002,1.1652900000000002,1.1648500000000002,1.1649900000000002,1358
2026-08-26T16:45:00+00:00,1.1649900000000002,1.1652500000000001,1.1648500000000002,1.1649,1461
2026-08-26T17:00:00+00:00,1.1649,1.16511,1.1648,1.16501,1375
2026-08-26T17:15:00+00:00,1.16501,1.1652600000000002,1.1649200000000002,1.1652500000000001,898
2026-08-26T17:30:00+00:00,1.1652500000000001,1.16538,1.16517,1.16527,752
2026-08-26T17:45:00+00:00,1.16527,1.16527,1.1649900000000002,1.1652200000000001,880
2026-08-26T18:00:00+00:00,1.1652200000000001,1.1653900000000001,1.16503,1.16531,874
2026-08-26T18:15:00+00:00,1.16531,1.1653600000000002,1.1651200000000002,1.1651500000000001,818
2026-08-26T18:30:00+00:00,1.1651500000000001,1.16518,1.16501,1.1651200000000002,535
2026-08-26T18:45:00+00:00,1.1651200000000002,1.1652200000000001,1.1649800000000001,1.1651,718
2026-08-26T19:00:00+00:00,1.1651,1.1652200000000001,1.1649900000000002,1.16521,1008
2026-08-26T19:15:00+00:00,1.16521,1.16528,1.1650900000000002,1.16523,560
2026-08-26T19:30:00+00:00,1.16523,1.1653200000000001,1.16514,1.16518,1073
2026-08-26T19:45:00+00:00,1.16518,1.16535,1.1650500000000001,1.16531,1093
2026-08-26T20:00:00+00:00,1.16531,1.16534,1.16513,1.16514,613
2026-08-26T20:15:00+00:00,1.16514,1.16534,1.16514,1.16523,428
2026-08-26T20:30:00+00:00,1.16523,1.16547,1.16523,1.1654600000000002,539
2026-08-26T20:45:00+00:00,1.1654600000000002,1.1654600000000002,1.16514,1.16514,600
2026-08-26T21:00:00+00:00,1.16514,1.16514,1.16459,1.16483,291
2026-08-26T21:15:00+00:00,1.16483,1.16529,1.16476,1.16519,193
2026-08-26T21:30:00+00:00,1.16519,1.16529,1.16507,1.16529,136
2026-08-26T21:45:00+00:00,1.16529,1.16529,1.16516,1.16523,145
2026-08-26T22:00:00+00:00,1.16523,1.16556,1.16523,1.16543,781
2026-08-26T22:15:00+00:00,1.16543,1.16552,1.16537,1.16552,411
2026-08-26T22:30:00+00:00,1.16552,1.16552,1.16542,1.16544,256
2026-08-26T22:45:00+00:00,1.16544,1.16545,1.16534,1.16539,271
2026-08-26T23:00:00+00:00,1.16539,1.16553,1.16535,1.16553,336
2026-08-26T23:15:00+00:00,1.16553,1.1656,1.16543,1.16545,569
2026-08-26T23:30:00+00:00,1.16545,1.16561,1.16544,1.16558,306
2026-08-26T23:45:00+00:00,1.16558,1.16561,1.16544,1.16553,276
2026-08-27T00:00:00+00:00,1.16553,1.16568,1.16545,1.16552,1598
2026-08-27T00:15:00+00:00,1.16552,1.16578,1.16548,1.16578,692
2026-08-27T00:30:00+00:00,1.16578,1.16582,1.16551,1.16551,898
2026-08-27T00:45:00+00:00,1.16551,1.16577,1.16539,1.16564,1175
2026-08-27T01:00:00+00:00,1.16564,1.16576,1.16553,1.1657099999999998,1448
2026-08-27T01:15:00+00:00,1.1657099999999998,1.1659099999999998,1.16563,1.16573,1157
2026-08-27T01:30:00+00:00,1.16573,1.1659099999999998,1.1655999999999997,1.1656699999999998,1527
2026-08-27T01:45:00+00:00,1.1656699999999998,1.16586,1.1656499999999999,1.1657899999999999,1151
2026-08-27T02:00:00+00:00,1.1657899999999999,1.1659499999999998,1.1657399999999998,1.1657499999999998,837
2026-08-27T02:15:00+00:00,1.1657499999999998,1.1657799999999998,1.1654999999999998,1.1654999999999998,645
2026-08-27T02:30:00+00:00,1.1654999999999998,1.16569,1.16546,1.16556,679
2026-08-27T02:45:00+00:00,1.16556,1.16563,1.16549,1.1655699999999998,741
2026-08-27T03:00:00+00:00,1.1655699999999998,1.16563,1.1655299999999997,1.1655799999999998,832
2026-08-27T03:15:00+00:00,1.1655799999999998,1.1656099999999998,1.1653999999999998,1.16542,593
2026-08-27T03:30:00+00:00,1.16542,1.1654699999999998,1.1653499999999999,1.1653999999999998,706
2026-08-27T03:45:00+00:00,1.1653999999999998,1.16556,1.1653999999999998,1.1654299999999997,588
2026-08-27T04:00:00+00:00,1.1654299999999997,1.1655799999999998,1.16542,1.16556,750
2026-08-27T04:15:00+00:00,1.16556,1.16559,1.1654099999999998,1.16552,583
2026-08-27T04:30:00+00:00,1.16552,1.1655299999999997,1.1654499999999999,1.1654699999999998,405
2026-08-27T04:45:00+00:00,1.1654699999999998,1.16556,1.1654099999999998,1.16556,636
2026-08-27T05:00:00+00:00,1.16556,1.16566,1.1654499999999999,1.1656199999999999,648
2026-08-27T05:15:00+00:00,1.1656199999999999,1.16573,1.1653999999999998,1.1657199999999999,693
2026-08-27T05:30:00+00:00,1.1657199999999999,1.1657699999999998,1.1655299999999997,1.1656199999999999,881
2026-08-27T05:45:00+00:00,1.1656199999999999,1.1656499999999999,1.1651699999999998,1.1654399999999998,1226
2026-08-27T06:00:00+00:00,1.1654399999999998,1.1654699999999998,1.1652099999999999,1.1653799999999999,1095
2026-08-27T06:15:00+00:00,1.1653799999999999,1.1655799999999998,1.16525,1.1654999999999998,1244
2026-08-27T06:30:00+00:00,1.1654999999999998,1.1655299999999997,1.1652999999999998,1.16536,1278
2026-08-27T06:45:00+00:00,1.16536,1.16549,1.16519,1.1653399999999998,1310
2026-08-27T07:00:00+00:00,1.1653399999999998,1.16563,1.1653399999999998,1.16556,2013
2026-08-27T07:15:00+00:00,1.16556,1.1655699999999998,1.16519,1.1652099999999999,1520
2026-08-27T07:30:00+00:00,1.1652099999999999,1.1655099999999998,1.1651699999999998,1.1655099999999998,1350
2026-08-27T07:45:00+00:00,1.1655099999999998,1.16556,1.1651999999999998,1.16549,1881
2026-08-27T08:00:00+00:00,1.16549,1.1658,1.1654399999999998,1.16546,1638
2026-08-27T08:15:00+00:00,1.16546,1.1655799999999998,1.1649999999999998,1.1650599999999998,1886
2026-08-27T08:30:00+00:00,1.1650599999999998,1.1652099999999999,1.1647699999999999,1.1651799999999999,1719
2026-08-27T08:45:00+00:00,1.1651799999999999,1.16522,1.16481,1.1648299999999998,1665
2026-08-27T09:00:00+00:00,1.1648299999999998,1.16485,1.16434,1.1646899999999998,1924
2026-08-27T09:15:00+00:00,1.1646899999999998,1.1647599999999998,1.1644599999999998,1.1646599999999998,1367
2026-08-27T09:30:00+00:00,1.1646599999999998,1.1646699999999999,1.1640499999999998,1.1641799999999998,1950
2026-08-27T09:45:00+00:00,1.1641799999999998,1.1646199999999998,1.1640599999999999,1.1640799999999998,1394
2026-08-27T10:00:00+00:00,1.1640799999999998,1.1644299999999999,1.1639099999999998,1.1644299999999999,1831
2026-08-27T10:15:00+00:00,1.1644299999999999,1.1648199999999997,1.1642799999999998,1.1645699999999999,1614
2026-08-27T10:30:00+00:00,1.1645699999999999,1.1645999999999999,1.1638499999999998,1.1642,1857
2026-08-27T10:45:00+00:00,1.1642,1.1642,1.1639399999999998,1.16397,1379
2026-08-27T11:00:00+00:00,1.16397,1.1640599999999999,1.1638,1.1639199999999998,1247
2026-08-27T11:15:00+00:00,1.1639199999999998,1.1641599999999999,1.1638799999999998,1.16407,1122
2026-08-27T11:30:00+00:00,1.16407,1.1644299999999999,1.16376,1.1639599999999999,1918
2026-08-27T11:45:00+00:00,1.1639599999999999,1.1643499999999998,1.16366,1.1641099999999998,2179
2026-08-27T12:00:00+00:00,1.1641099999999998,1.16458,1.1641099999999998,1.1641799999999998,2440
2026-08-27T12:15:00+00:00,1.1641799999999998,1.1644999999999999,1.1641,1.1643299999999999,1807
2026-08-27T12:30:00+00:00,1.1643299999999999,1.1644199999999998,1.16397,1.1642599999999999,2205
2026-08-27T12:45:00+00:00,1.1642599999999999,1.1643899999999998,1.1639899999999999,1.1641099999999998,1835
2026-08-27T13:00:00+00:00,1.1641099999999998,1.1648999999999998,1.164,1.1648399999999999,2720
2026-08-27T13:15:00+00:00,1.1648399999999999,1.166,1.16468,1.1658499999999998,2682
2026-08-27T13:30:00+00:00,1.1658499999999998,1.1659499999999998,1.1651699999999998,1.1652599999999997,3125
2026-08-27T13:45:00+00:00,1.1652599999999997,1.1655299999999997,1.16505,1.1653999999999998,3103
2026-08-27T14:00:00+00:00,1.1653999999999998,1.1657899999999999,1.16505,1.1651599999999998,3393
2026-08-27T14:15:00+00:00,1.1651599999999998,1.1653299999999998,1.1648199999999997,1.1648999999999998,2335
2026-08-27T14:30:00+00:00,1.1648999999999998,1.16552,1.1648899999999998,1.1651099999999999,2702
2026-08-27T14:45:00+00:00,1.1651099999999999,1.1654099999999998,1.1644599999999998,1.1644799999999997,3394
2026-08-27T15:00:00+00:00,1.1644799999999997,1.1652699999999998,1.1644499999999998,1.1650999999999998,2730
2026-08-27T15:15:00+00:00,1.1650999999999998,1.16526,1.16491,1.1650699999999998,1665
2026-08-27T15:30:00+00:00,1.1650699999999998,1.1652399999999998,1.16502,1.1650399999999999,1510
2026-08-27T15:45:00+00:00,1.1650399999999999,1.1654399999999998,1.1648299999999998,1.1653399999999998,1550
2026-08-27T16:00:00+00:00,1.1653399999999998,1.16537,1.1649699999999998,1.16512,1209
2026-08-27T16:15:00+00:00,1.16512,1.1653299999999998,1.1649399999999999,1.1653099999999998,1189
2026-08-27T16:30:00+00:00,1.1653099999999998,1.1654499999999999,1.1652399999999998,1.1653499999999999,891
2026-08-27T16:45:00+00:00,1.1653499999999999,1.16539,1.16508,1.16522,1388
2026-08-27T17:00:00+00:00,1.16522,1.1653999999999998,1.16508,1.16508,1111
2026-08-27T17:15:00+00:00,1.16508,1.1651699999999998,1.1649999999999998,1.16508,977
2026-08-27T17:30:00+00:00,1.16508,1.16512,1.1648299999999998,1.16488,1003
2026-08-27T17:45:00+00:00,1.16488,1.16498,1.1646899999999998,1.1648999999999998,1575
2026-08-27T18:00:00+00:00,1.1648999999999998,1.1649399999999999,1.1645999999999999,1.16478,1355
2026-08-27T18:15:00+00:00,1.16478,1.16485,1.1646699999999999,1.1646899999999998,948
2026-08-27T18:30:00+00:00,1.1646899999999998,1.1647899999999998,1.1646599999999998,1.16478,617
2026-08-27T18:45:00+00:00,1.16478,1.1650099999999999,1.1647699999999999,1.1648999999999998,807
2026-08-27T19:00:00+00:00,1.1648999999999998,1.16505,1.1648699999999999,1.1649399999999999,976
2026-08-27T19:15:00+00:00,1.1649399999999999,1.16502,1.16485,1.16488,791
2026-08-27T19:30:00+00:00,1.16488,1.16498,1.1647899999999998,1.16495,590
2026-08-27T19:45:00+00:00,1.16495,1.1650399999999999,1.1647399999999999,1.1649399999999999,830
2026-08-27T20:00:00+00:00,1.1649399999999999,1.16525,1.1649199999999997,1.1651399999999998,384
2026-08-27T20:15:00+00:00,1.1651399999999998,1.1651399999999998,1.1649999999999998,1.16502,301
2026-08-27T20:30:00+00:00,1.16502,1.16514,1.1650099999999999,1.16513,249
2026-08-27T20:45:00+00:00,1.16513,1.1652,1.1651,1.16516,408
2026-08-27T21:00:00+00:00,1.16516,1.16516,1.16468,1.16502,90
2026-08-27T21:15:00+00:00,1.16502,1.16541,1.165,1.16536,207
2026-08-27T21:30:00+00:00,1.16536,1.16543,1.1653,1.1653,235
2026-08-27T21:45:00+00:00,1.1653,1.16533,1.16488,1.16488,284
2026-08-27T22:00:00+00:00,1.16488,1.16541,1.16488,1.16537,599
2026-08-27T22:15:00+00:00,1.16537,1.16542,1.1652,1.1652,187
2026-08-27T22:30:00+00:00,1.1652,1.16529,1.16519,1.16522,272
2026-08-27T22:45:00+00:00,1.16522,1.16535,1.1652,1.16531,217
2026-08-27T23:00:00+00:00,1.16531,1.16543,1.1653,1.16542,176
2026-08-27T23:15:00+00:00,1.16542,1.16542,1.16525,1.16526,296
2026-08-27T23:30:00+00:00,1.16526,1.16542,1.16521,1.16532,322
2026-08-27T23:45:00+00:00,1.16532,1.16547,1.1653,1.16534,378
2026-08-28T00:00:00+00:00,1.16534,1.16542,1.16521,1.16527,1023
2026-08-28T00:15:00+00:00,1.16527,1.16529,1.16505,1.16522,982
2026-08-28T00:30:00+00:00,1.16522,1.16532,1.16514,1.16527,862
2026-08-28T00:45:00+00:00,1.16527,1.16538,1.16523,1.16531,834
2026-08-28T01:00:00+00:00,1.16531,1.16544,1.16519,1.16532,1034
2026-08-28T01:15:00+00:00,1.16532,1.16542,1.16527,1.16528,757
2026-08-28T01:30:00+00:00,1.16528,1.16553,1.16523,1.16537,1072
2026-08-28T01:45:00+00:00,1.16537,1.16537,1.16494,1.16496,1123
2026-08-28T02:00:00+00:00,1.16496,1.16504,1.16469,1.16476,1213
2026-08-28T02:15:00+00:00,1.16476,1.16498,1.16462,1.16476,832
2026-08-28T02:30:00+00:00,1.16476,1.16489,1.16472,1.16474,700
2026-08-28T02:45:00+00:00,1.16474,1.16506,1.16471,1.16506,559
2026-08-28T03:00:00+00:00,1.16506,1.16513,1.16497,1.16502,636
2026-08-28T03:15:00+00:00,1.16502,1.16507,1.16492,1.16507,612
2026-08-28T03:30:00+00:00,1.16507,1.16508,1.16477,1.16479,521
2026-08-28T03:45:00+00:00,1.16479,1.16482,1.16456,1.16464,491
2026-08-28T04:00:00+00:00,1.16464,1.16466,1.16451,1.16452,762
2026-08-28T04:15:00+00:00,1.16452,1.16463,1.16451,1.16454,441
2026-08-28T04:30:00+00:00,1.16454,1.16462,1.1645,1.16457,336
2026-08-28T04:45:00+00:00,1.16457,1.16462,1.16448,1.16455,582
2026-08-28T05:00:00+00:00,1.16455,1.16456,1.16433,1.16435,831
2026-08-28T05:15:00+00:00,1.16435,1.16447,1.16435,1.16439,531
2026-08-28T05:30:00+00:00,1.16439,1.16446,1.16426,1.16427,841
2026-08-28T05:45:00+00:00,1.16427,1.16457,1.16427,1.16443,679
2026-08-28T06:00:00+00:00,1.16443,1.16463,1.16441,1.16447,1263
2026-08-28T06:15:00+00:00,1.16447,1.16478,1.1643,1.16473,1434
2026-08-28T06:30:00+00:00,1.16473,1.16483,1.16443,1.16474,2204
2026-08-28T06:45:00+00:00,1.16474,1.16492,1.16458,1.16482,1247
2026-08-28T07:00:00+00:00,1.16482,1.16487,1.16436,1.16446,1589
2026-08-28T07:15:00+00:00,1.16446,1.16455,1.16416,1.16421,1727
2026-08-28T07:30:00+00:00,1.16421,1.1646,1.1642,1.16444,1599
2026-08-28T07:45:00+00:00,1.16444,1.16481,1.16431,1.16463,1273
2026-08-28T08:00:00+00:00,1.16463,1.16488,1.16458,1.16462,1474
2026-08-28T08:15:00+00:00,1.16462,1.1647,1.16441,1.16441,1170
2026-08-28T08:30:00+00:00,1.16441,1.1647,1.16437,1.16437,1367
2026-08-28T08:45:00+00:00,1.16437,1.16447,1.16417,1.16443,1180
2026-08-28T09:00:00+00:00,1.16443,1.1645,1.16417,1.16422,1360
2026-08-28T09:15:00+00:00,1.16422,1.16437,1.16418,1.16424,1292
2026-08-28T09:30:00+00:00,1.16424,1.16439,1.16402,1.16416,1123
2026-08-28T09:45:00+00:00,1.16416,1.16427,1.16395,1.16397,1321
2026-08-28T10:00:00+00:00,1.16397,1.16422,1.16392,1.16405,1315
2026-08-28T10:15:00+00:00,1.16405,1.16439,1.16399,1.16439,1513
2026-08-28T10:30:00+00:00,1.16439,1.16469,1.16436,1.16465,1140
2026-08-28T10:45:00+00:00,1.16465,1.16492,1.16451,1.1649,1126
2026-08-28T11:00:00+00:00,1.1649,1.16494,1.16465,1.16469,1342
2026-08-28T11:15:00+00:00,1.16469,1.16478,1.16453,1.16462,1305
2026-08-28T11:30:00+00:00,1.16462,1.16479,1.16452,1.16477,1446
2026-08-28T11:45:00+00:00,1.16477,1.16481,1.16446,1.16451,1560
2026-08-28T12:00:00+00:00,1.16451,1.1646,1.16425,1.16436,1580
2026-08-28T12:15:00+00:00,1.16436,1.16441,1.16417,1.16422,1287
2026-08-28T12:30:00+00:00,1.16422,1.16422,1.16393,1.16411,1570
2026-08-28T12:45:00+00:00,1.16411,1.16502,1.16411,1.16489,2626
2026-08-28T13:00:00+00:00,1.16489,1.16498,1.16441,1.16442,2010
2026-08-28T13:15:00+00:00,1.16442,1.16453,1.16417,1.16431,1772
2026-08-28T13:30:00+00:00,1.16431,1.16441,1.16405,1.16412,2042
2026-08-28T13:45:00+00:00,1.16412,1.16471,1.1637,1.16381,2574
2026-08-28T14:00:00+00:00,1.16381,1.16581,1.16101,1.16114,14666
2026-08-28T14:15:00+00:00,1.16114,1.16163,1.15945,1.16016,9657
2026-08-28T14:30:00+00:00,1.16016,1.16115,1.16011,1.16075,6892
2026-08-28T14:45:00+00:00,1.16075,1.16225,1.16019,1.16174,6642
2026-08-28T15:00:00+00:00,1.16174,1.16205,1.16058,1.16078,4566
2026-08-28T15:15:00+00:00,1.16078,1.16104,1.16032,1.16041,4290
2026-08-28T15:30:00+00:00,1.16041,1.16054,1.15962,1.16001,3708
2026-08-28T15:45:00+00:00,1.16001,1.16026,1.15971,1.15976,3587
2026-08-28T16:00:00+00:00,1.15976,1.15981,1.15898,1.15901,3101
2026-08-28T16:15:00+00:00,1.15901,1.15906,1.15848,1.15857,3404
2026-08-28T16:30:00+00:00,1.15857,1.15898,1.15849,1.15855,2939
2026-08-28T16:45:00+00:00,1.15855,1.15895,1.15847,1.15869,2519
2026-08-28T17:00:00+00:00,1.15869,1.1589,1.15828,1.15873,2398
2026-08-28T17:15:00+00:00,1.15873,1.15876,1.15843,1.15854,1649
2026-08-28T17:30:00+00:00,1.15854,1.15855,1.15781,1.15804,1530
2026-08-28T17:45:00+00:00,1.15804,1.15812,1.15777,1.15807,1582
2026-08-28T18:00:00+00:00,1.15807,1.15823,1.15784,1.158,1825
2026-08-28T18:15:00+00:00,1.158,1.15846,1.1579,1.15825,1724
2026-08-28T18:30:00+00:00,1.15825,1.1583,1.15782,1.15798,1102
2026-08-28T18:45:00+00:00,1.15798,1.1581,1.15777,1.15803,1471
2026-08-28T19:00:00+00:00,1.15803,1.1583,1.15796,1.15818,1489
2026-08-28T19:15:00+00:00,1.15818,1.15864,1.15809,1.15859,1010
2026-08-28T19:30:00+00:00,1.15859,1.15871,1.15849,1.15864,1336
2026-08-28T19:45:00+00:00,1.15864,1.15876,1.15853,1.15857,1249
2026-08-28T20:00:00+00:00,1.15857,1.15865,1.15834,1.15855,700
2026-08-28T20:15:00+00:00,1.15855,1.15859,1.15833,1.15846,444
2026-08-28T20:30:00+00:00,1.15846,1.1585,1.15794,1.15812,484
2026-08-28T20:45:00+00:00,1.15812,1.1583,1.15779,1.15781,942
2026-08-30T21:00:00+00:00,1.15778,1.15778,1.15758,1.15764,82
2026-08-30T21:15:00+00:00,1.15764,1.1577,1.15744,1.1576899999999999,163
2026-08-30T21:30:00+00:00,1.1576899999999999,1.158,1.15754,1.158,98
2026-08-30T21:45:00+00:00,1.158,1.15801,1.15745,1.15762,160
2026-08-30T22:00:00+00:00,1.15762,1.15824,1.15762,1.15818,643
2026-08-30T22:15:00+00:00,1.15818,1.15823,1.1581,1.15818,344
2026-08-30T22:30:00+00:00,1.15818,1.1585,1.15815,1.15832,417
2026-08-30T22:45:00+00:00,1.15832,1.15846,1.15832,1.15841,272
2026-08-30T23:00:00+00:00,1.15841,1.15861,1.15834,1.15848,488
2026-08-30T23:15:00+00:00,1.15848,1.15866,1.15844,1.15854,532
2026-08-30T23:30:00+00:00,1.15854,1.15884,1.15853,1.15876,508
2026-08-30T23:45:00+00:00,1.15876,1.15893,1.15866,1.15886,770
2026-08-31T00:00:00+00:00,1.15886,1.15934,1.15886,1.15919,1827
2026-08-31T00:15:00+00:00,1.15919,1.15929,1.15856,1.15867,1738
2026-08-31T00:30:00+00:00,1.15867,1.15917,1.15865,1.15908,1305
2026-08-31T00:45:00+00:00,1.15908,1.15937,1.15907,1.15923,1624
2026-08-31T01:00:00+00:00,1.15923,1.15927,1.15871,1.15881,2495
2026-08-31T01:15:00+00:00,1.15881,1.15904,1.15871,1.15901,1847
2026-08-31T01:30:00+00:00,1.15901,1.15944,1.15901,1.15932,1614
2026-08-31T01:45:00+00:00,1.15932,1.15941,1.15905,1.15905,1456
2026-08-31T02:00:00+00:00,1.15905,1.15927,1.15899,1.15917,1391
2026-08-31T02:15:00+00:00,1.15917,1.15927,1.1589,1.15924,1408
2026-08-31T02:30:00+00:00,1.15924,1.15926,1.15881,1.15892,1372
2026-08-31T02:45:00+00:00,1.15892,1.15924,1.15891,1.15924,1029
2026-08-31T03:00:00+00:00,1.15924,1.15928,1.15915,1.15917,886
2026-08-31T03:15:00+00:00,1.15917,1.15936,1.15917,1.15918,734
2026-08-31T03:30:00+00:00,1.15918,1.15919,1.15893,1.15907,763
2026-08-31T03:45:00+00:00,1.15907,1.15916,1.15897,1.15913,613
2026-08-31T04:00:00+00:00,1.15913,1.15926,1.15913,1.15924,914
2026-08-31T04:15:00+00:00,1.15924,1.15924,1.15886,1.15888,882
2026-08-31T04:30:00+00:00,1.15888,1.15907,1.15886,1.15906,949
2026-08-31T04:45:00+00:00,1.15906,1.15912,1.15898,1.15909,730
2026-08-31T05:00:00+00:00,1.15909,1.1591,1.15886,1.15904,952
2026-08-31T05:15:00+00:00,1.15904,1.15913,1.15886,1.15912,871
2026-08-31T05:30:00+00:00,1.15912,1.15912,1.15873,1.15891,1112
2026-08-31T05:45:00+00:00,1.15891,1.15904,1.15873,1.15903,1146
2026-08-31T06:00:00+00:00,1.15903,1.15904,1.15869,1.15888,1358
2026-08-31T06:15:00+00:00,1.15888,1.15911,1.15868,1.15874,1303
2026-08-31T06:30:00+00:00,1.15874,1.15912,1.15868,1.15882,1328
2026-08-31T06:45:00+00:00,1.15882,1.15892,1.15847,1.15887,1493
2026-08-31T07:00:00+00:00,1.15887,1.15895,1.15846,1.15885,2149
2026-08-31T07:15:00+00:00,1.15885,1.15962,1.15857,1.1594,2325
2026-08-31T07:30:00+00:00,1.1594,1.15995,1.15937,1.1599,2238
2026-08-31T07:45:00+00:00,1.1599,1.16032,1.15988,1.16025,1955
2026-08-31T08:00:00+00:00,1.16025,1.16059,1.15976,1.15981,2597
2026-08-31T08:15:00+00:00,1.15981,1.15992,1.15964,1.1598,1784
2026-08-31T08:30:00+00:00,1.1598,1.15992,1.15966,1.15973,1949
2026-08-31T08:45:00+00:00,1.15973,1.15989,1.15931,1.15941,2117
2026-08-31T09:00:00+00:00,1.15941,1.16001,1.15941,1.15998,1544
2026-08-31T09:15:00+00:00,1.15998,1.16009,1.15971,1.15981,1414
2026-08-31T09:30:00+00:00,1.15981,1.1599,1.1595,1.15971,1248
2026-08-31T09:45:00+00:00,1.15971,1.15998,1.15966,1.15991,1326
2026-08-31T10:00:00+00:00,1.15991,1.16019,1.15985,1.16011,1669
2026-08-31T10:15:00+00:00,1.16011,1.1602,1.15986,1.16016,985
2026-08-31T10:30:00+00:00,1.16016,1.16019,1.15972,1.15972,1069
2026-08-31T10:45:00+00:00,1.15972,1.16002,1.15966,1.15973,1464
2026-08-31T11:00:00+00:00,1.15973,1.15996,1.15957,1.15986,1570
2026-08-31T11:15:00+00:00,1.15986,1.16029,1.15986,1.16021,1490
2026-08-31T11:30:00+00:00,1.16021,1.16027,1.15991,1.15999,1655
2026-08-31T11:45:00+00:00,1.15999,1.16002,1.15955,1.15963,1655
2026-08-31T12:00:00+00:00,1.15963,1.15983,1.15933,1.15982,2343
2026-08-31T12:15:00+00:00,1.15982,1.16,1.15942,1.15966,2515
2026-08-31T12:30:00+00:00,1.15966,1.15967,1.15915,1.15937,2694
2026-08-31T12:45:00+00:00,1.15937,1.15964,1.15924,1.15951,2314
2026-08-31T13:00:00+00:00,1.15951,1.1598,1.15937,1.15964,2170
2026-08-31T13:15:00+00:00,1.15964,1.16009,1.15957,1.15999,1741
2026-08-31T13:30:00+00:00,1.15999,1.1601,1.15952,1.15958,2595
2026-08-31T13:45:00+00:00,1.15958,1.15997,1.15946,1.15996,2887
2026-08-31T14:00:00+00:00,1.15996,1.16024,1.15951,1.16011,2592
2026-08-31T14:15:00+00:00,1.16011,1.16054,1.16,1.16025,2062
2026-08-31T14:30:00+00:00,1.16025,1.16072,1.16016,1.16062,2967
2026-08-31T14:45:00+00:00,1.16062,1.16181,1.1606,1.1614,5738
2026-08-31T15:00:00+00:00,1.1614,1.16171,1.16124,1.16148,3379
2026-08-31T15:15:00+00:00,1.16148,1.16166,1.16122,1.16165,2062
2026-08-31T15:30:00+00:00,1.16165,1.16198,1.16164,1.16175,2205
2026-08-31T15:45:00+00:00,1.16175,1.16207,1.16155,1.16164,1604
2026-08-31T16:00:00+00:00,1.16164,1.16177,1.16153,1.16161,1464
2026-08-31T16:15:00+00:00,1.16161,1.16176,1.16151,1.16165,1006
2026-08-31T16:30:00+00:00,1.16165,1.16168,1.16143,1.16145,1221
2026-08-31T16:45:00+00:00,1.16145,1.16169,1.16137,1.16165,1246
2026-08-31T17:00:00+00:00,1.16165,1.16173,1.16147,1.16169,959
2026-08-31T17:15:00+00:00,1.16169,1.16178,1.16154,1.16155,876
2026-08-31T17:30:00+00:00,1.16155,1.16164,1.16145,1.1616,789
2026-08-31T17:45:00+00:00,1.1616,1.16174,1.16152,1.16153,910
2026-08-31T18:00:00+00:00,1.16153,1.16174,1.16145,1.16174,825
2026-08-31T18:15:00+00:00,1.16174,1.16174,1.16157,1.16157,810
2026-08-31T18:30:00+00:00,1.16157,1.16163,1.16146,1.16151,928
2026-08-31T18:45:00+00:00,1.16151,1.16175,1.16148,1.16155,1156
2026-08-31T19:00:00+00:00,1.16155,1.16173,1.16149,1.16161,961
2026-08-31T19:15:00+00:00,1.16161,1.16178,1.16157,1.16168,817
2026-08-31T19:30:00+00:00,1.16168,1.16176,1.16145,1.16151,837
2026-08-31T19:45:00+00:00,1.16151,1.16183,1.16148,1.16163,1509
2026-08-31T20:00:00+00:00,1.16163,1.16178,1.16153,1.16153,1130
2026-08-31T20:15:00+00:00,1.16153,1.16153,1.16142,1.16147,413
2026-08-31T20:30:00+00:00,1.16147,1.16162,1.16143,1.16157,463
2026-08-31T20:45:00+00:00,1.16157,1.16174,1.16157,1.1617,481
2026-08-31T21:00:00+00:00,1.1617,1.1617,1.1614,1.16159,52
2026-08-31T21:15:00+00:00,1.16159,1.16166,1.16154,1.16162,93
2026-08-31T21:30:00+00:00,1.16162,1.16174,1.1616,1.16174,147
2026-08-31T21:45:00+00:00,1.16174,1.16182,1.16171,1.16174,156
2026-08-31T22:00:00+00:00,1.16174,1.16193,1.16168,1.16173,357
2026-08-31T22:15:00+00:00,1.16173,1.16173,1.16162,1.16165,145
2026-08-31T22:30:00+00:00,1.16165,1.16168,1.16148,1.16148,212
2026-08-31T22:45:00+00:00,1.16148,1.16154,1.16141,1.16147,290
2026-08-31T23:00:00+00:00,1.16147,1.16148,1.16126,1.16134,475
2026-08-31T23:15:00+00:00,1.16134,1.16153,1.16129,1.16151,347
2026-08-31T23:30:00+00:00,1.16151,1.16174,1.16149,1.16167,422
2026-08-31T23:45:00+00:00,1.16167,1.16182,1.16163,1.16182,569
2026-09-01T00:00:00+00:00,1.16182,1.16223,1.16156,1.16202,1863
2026-09-01T00:15:00+00:00,1.16202,1.16242,1.16195,1.16235,1661
2026-09-01T00:30:00+00:00,1.16235,1.16243,1.16211,1.16213,1122
2026-09-01T00:45:00+00:00,1.16213,1.16219,1.16175,1.1618,1368
2026-09-01T01:00:00+00:00,1.1618,1.16187,1.16134,1.16141,1912
2026-09-01T01:15:00+00:00,1.16141,1.16156,1.16106,1.16111,1384
2026-09-01T01:30:00+00:00,1.16111,1.16129,1.16098,1.16129,1050
2026-09-01T01:45:00+00:00,1.16129,1.1613,1.16073,1.161,1207
2026-09-01T02:00:00+00:00,1.161,1.16101,1.1606,1.16077,1294
2026-09-01T02:15:00+00:00,1.16077,1.16105,1.16076,1.16101,855
2026-09-01T02:30:00+00:00,1.16101,1.16101,1.16068,1.16078,944
2026-09-01T02:45:00+00:00,1.16078,1.16101,1.16072,1.161,760
2026-09-01T03:00:00+00:00,1.161,1.161,1.16066,1.16091,951
2026-09-01T03:15:00+00:00,1.16091,1.16098,1.16057,1.1607,846
2026-09-01T03:30:00+00:00,1.1607,1.16079,1.16061,1.16067,896
2026-09-01T03:45:00+00:00,1.16067,1.16073,1.16055,1.16055,678
2026-09-01T04:00:00+00:00,1.16055,1.16068,1.16046,1.16051,736
2026-09-01T04:15:00+00:00,1.16051,1.16053,1.16033,1.16033,548
2026-09-01T04:30:00+00:00,1.16033,1.16047,1.16027,1.16045,530
2026-09-01T04:45:00+00:00,1.16045,1.16058,1.16036,1.16058,750
2026-09-01T05:00:00+00:00,1.16058,1.16093,1.16056,1.16082,768
2026-09-01T05:15:00+00:00,1.16082,1.16082,1.1606,1.16078,836
2026-09-01T05:30:00+00:00,1.16078,1.16097,1.16071,1.16083,1173
2026-09-01T05:45:00+00:00,1.16083,1.16099,1.16076,1.16083,1283
2026-09-01T06:00:00+00:00,1.16083,1.16086,1.16059,1.16066,1553
2026-09-01T06:15:00+00:00,1.16066,1.16082,1.16016,1.16019,1463
2026-09-01T06:30:00+00:00,1.16019,1.16033,1.16003,1.16028,1563
2026-09-01T06:45:00+00:00,1.16028,1.1605,1.16011,1.1605,1584
2026-09-01T07:00:00+00:00,1.1605,1.16069,1.16015,1.16034,2036
2026-09-01T07:15:00+00:00,1.16034,1.16034,1.15977,1.15978,1568
2026-09-01T07:30:00+00:00,1.15978,1.15981,1.15921,1.15921,1958
2026-09-01T07:45:00+00:00,1.15921,1.15959,1.15919,1.15952,1754
2026-09-01T08:00:00+00:00,1.15952,1.15971,1.15881,1.15889,2797
2026-09-01T08:15:00+00:00,1.15889,1.15941,1.15879,1.15918,2155
2026-09-01T08:30:00+00:00,1.15918,1.15944,1.15887,1.15931,2098
2026-09-01T08:45:00+00:00,1.15931,1.15945,1.15915,1.1594,2309
2026-09-01T09:00:00+00:00,1.1594,1.1598,1.15926,1.15965,2152
2026-09-01T09:15:00+00:00,1.15965,1.15977,1.1595,1.15961,1907
2026-09-01T09:30:00+00:00,1.15961,1.16003,1.15959,1.15983,1552
2026-09-01T09:45:00+00:00,1.15983,1.16012,1.1593,1.15931,1871
2026-09-01T10:00:00+00:00,1.15931,1.15946,1.15919,1.15925,1574
2026-09-01T10:15:00+00:00,1.15925,1.15956,1.15924,1.15934,1512
2026-09-01T10:30:00+00:00,1.15934,1.15937,1.15903,1.15904,1200
2026-09-01T10:45:00+00:00,1.15904,1.15932,1.159,1.15921,1616
2026-09-01T11:00:00+00:00,1.15921,1.1593,1.15897,1.15916,1339
2026-09-01T11:15:00+00:00,1.15916,1.15959,1.1591,1.15949,2112
2026-09-01T11:30:00+00:00,1.15949,1.15957,1.1593,1.15942,1409
2026-09-01T11:45:00+00:00,1.15942,1.15954,1.15915,1.15927,1596
2026-09-01T12:00:00+00:00,1.15927,1.15931,1.15881,1.15909,1967
2026-09-01T12:15:00+00:00,1.15909,1.15945,1.15904,1.15922,1667
2026-09-01T12:30:00+00:00,1.15922,1.15934,1.15902,1.15916,1777
2026-09-01T12:45:00+00:00,1.15916,1.15942,1.15915,1.15931,1661
2026-09-01T13:00:00+00:00,1.15931,1.15933,1.15891,1.15908,1870
2026-09-01T13:15:00+00:00,1.15908,1.15926,1.15904,1.15923,1388
2026-09-01T13:30:00+00:00,1.15923,1.16017,1.15923,1.16012,2606
2026-09-01T13:45:00+00:00,1.16012,1.16019,1.15975,1.16006,2313
2026-09-01T14:00:00+00:00,1.16006,1.16081,1.1599,1.16073,3485
2026-09-01T14:15:00+00:00,1.16073,1.16078,1.1601,1.16011,2636
2026-09-01T14:30:00+00:00,1.16011,1.16031,1.15995,1.16002,2136
2026-09-01T14:45:00+00:00,1.16002,1.16018,1.15945,1.15963,2675
2026-09-01T15:00:00+00:00,1.15963,1.15987,1.1594,1.15949,2590
2026-09-01T15:15:00+00:00,1.15949,1.15954,1.15905,1.15937,2030
2026-09-01T15:30:00+00:00,1.15937,1.15939,1.15906,1.15917,1835
2026-09-01T15:45:00+00:00,1.15917,1.15923,1.1589,1.15921,1532
2026-09-01T16:00:00+00:00,1.15921,1.15932,1.15902,1.15904,1457
2026-09-01T16:15:00+00:00,1.15904,1.15916,1.15847,1.15872,2870
2026-09-01T16:30:00+00:00,1.15872,1.15908,1.15852,1.15875,2023
2026-09-01T16:45:00+00:00,1.15875,1.15879,1.15854,1.15856,1295
2026-09-01T17:00:00+00:00,1.15856,1.15903,1.1585,1.15886,1355
2026-09-01T17:15:00+00:00,1.15886,1.15933,1.15877,1.15933,1562
2026-09-01T17:30:00+00:00,1.15933,1.15955,1.15872,1.15883,1610
2026-09-01T17:45:00+00:00,1.15883,1.15885,1.1586,1.15874,930
2026-09-01T18:00:00+00:00,1.15874,1.15908,1.15873,1.15882,872
2026-09-01T18:15:00+00:00,1.15882,1.15896,1.15871,1.15877,1032
2026-09-01T18:30:00+00:00,1.15877,1.1588,1.15854,1.15865,1128
2026-09-01T18:45:00+00:00,1.15865,1.15904,1.15865,1.15902,1403
2026-09-01T19:00:00+00:00,1.15902,1.15929,1.1589,1.15925,1105
2026-09-01T19:15:00+00:00,1.15925,1.15929,1.15905,1.15907,879
2026-09-01T19:30:00+00:00,1.15907,1.15921,1.15887,1.15887,925
2026-09-01T19:45:00+00:00,1.15887,1.15901,1.15881,1.15897,1080
2026-09-01T20:00:00+00:00,1.15897,1.15899,1.15876,1.15876,558
2026-09-01T20:15:00+00:00,1.15876,1.15903,1.15873,1.15897,473
2026-09-01T20:30:00+00:00,1.15897,1.15923,1.15896,1.15912,543
2026-09-01T20:45:00+00:00,1.15912,1.15929,1.15911,1.15925,544
2026-09-01T21:00:00+00:00,1.15925,1.15925,1.15868,1.15877,99
2026-09-01T21:15:00+00:00,1.15877,1.15894,1.15872,1.15879,133
2026-09-01T21:30:00+00:00,1.15879,1.15904,1.15879,1.15898,442
2026-09-01T21:45:00+00:00,1.15898,1.15915,1.15898,1.15911,285
2026-09-01T22:00:00+00:00,1.15911,1.1596,1.15911,1.15955,360
2026-09-01T22:15:00+00:00,1.15955,1.15959,1.15935,1.15939,270
2026-09-01T22:30:00+00:00,1.15939,1.15943,1.15922,1.15924,503
2026-09-01T22:45:00+00:00,1.15924,1.15929,1.1592,1.15925,203
2026-09-01T23:00:00+00:00,1.15925,1.1593,1.1592,1.15927,225
2026-09-01T23:15:00+00:00,1.15927,1.15928,1.15919,1.15921,178
2026-09-01T23:30:00+00:00,1.15921,1.15928,1.15915,1.15925,211
2026-09-01T23:45:00+00:00,1.15925,1.15931,1.15903,1.15903,539
2026-09-02T00:00:00+00:00,1.15903,1.15917,1.15868,1.15884,1740
2026-09-02T00:15:00+00:00,1.15884,1.15912,1.15861,1.15867,1940
2026-09-02T00:30:00+00:00,1.15867,1.15887,1.15856,1.15882,1376
2026-09-02T00:45:00+00:00,1.15882,1.15883,1.15832,1.15832,1263
2026-09-02T01:00:00+00:00,1.15832,1.15842,1.15811,1.15821,1715
2026-09-02T01:15:00+00:00,1.15821,1.1584,1.1582,1.15827,1134
2026-09-02T01:30:00+00:00,1.15827,1.15831,1.15768,1.1578,1494
2026-09-02T01:45:00+00:00,1.1578,1.15792,1.1577,1.15789,1126
2026-09-02T02:00:00+00:00,1.15789,1.1579,1.15781,1.15781,63
